facility_id,facility_name,crowd_level,conditions,n_conditions,risk_score,risk_level,risk_icon,p_emergency,p_sev_경증,p_sev_중등증,p_sev_중증,staff,equipment,actions,escalation,fac_note
F01,오토캠핑장A,여유,없음,0,0.0349,관찰,🔵,0.028,0.8766,0.1043,0.019,순찰 요원 1명,"구급함, 무전기",일반 안전 순찰 60분 간격 유지 | 기상특보·예보 확인 | 방문객 밀도 추이 모니터링 | 비상 연락망 점검,기상특보 발령 또는 밀도 > 0.6 시 주의 단계 상향,야영장 — 장기 체류자 탈수·열사병 위험
F01,오토캠핑장A,여유,폭염,1,0.0416,관찰,🔵,0.028,0.5852,0.093,0.3218,순찰 요원 1명,"구급함, 무전기","일반 안전 순찰 60분 간격 유지 | 기상특보·예보 확인 | 방문객 밀도 추이 모니터링 | 비상 연락망 점검 | [폭염] 그늘·음용수 추가 배치, 열사병 집중 모니터링, 피크타임 야외 자제 권고",기상특보 발령 또는 밀도 > 0.6 시 주의 단계 상향,야영장 — 장기 체류자 탈수·열사병 위험
F01,오토캠핑장A,여유,우천,1,0.0356,관찰,🔵,0.028,0.7984,0.1861,0.0155,순찰 요원 1명,"구급함, 무전기","일반 안전 순찰 60분 간격 유지 | 기상특보·예보 확인 | 방문객 밀도 추이 모니터링 | 비상 연락망 점검 | [우천] 미끄러짐 주의 안내, 낙뢰 위험 시설 대피, 우천 장비 점검",기상특보 발령 또는 밀도 > 0.6 시 주의 단계 상향,야영장 — 장기 체류자 탈수·열사병 위험
F01,오토캠핑장A,여유,한파,1,0.1541,위험,🔴,0.0969,0.1725,0.5412,0.2863,대응팀장 1명 + 응급처치 요원 2명 이상,"AED, 들것, 응급의약품, 무전기, 안전펜스","응급 대응팀 즉시 현장 파견 | 응급 장비 준비 (AED, 들것, 응급의약품 키트) | 방문객 안전구역 유도 및 해당 시설 일시 폐쇄 검토 | 119 사전 연락 및 대기 지시 | 관리자·시설장 즉시 보고 | [한파] 저체온증 위험 모니터링, 실내 대피 공간 운영, 동상 응급처치 키트 배치",P(중증) > 0.30 → 119 즉시 출동 요청 / 의식 불명 → 헬기 이송 검토,야영장 — 장기 체류자 탈수·열사병 위험
F01,오토캠핑장A,여유,강풍,1,0.038,관찰,🔵,0.028,0.5567,0.3985,0.0448,순찰 요원 1명,"구급함, 무전기","일반 안전 순찰 60분 간격 유지 | 기상특보·예보 확인 | 방문객 밀도 추이 모니터링 | 비상 연락망 점검 | [강풍] 낙하물 위험 구역 통제, 야외 구조물·천막 긴급 점검",기상특보 발령 또는 밀도 > 0.6 시 주의 단계 상향,야영장 — 장기 체류자 탈수·열사병 위험
F01,오토캠핑장A,여유,야간,1,0.036,관찰,🔵,0.028,0.8369,0.0949,0.0682,순찰 요원 1명,"구급함, 무전기","일반 안전 순찰 60분 간격 유지 | 기상특보·예보 확인 | 방문객 밀도 추이 모니터링 | 비상 연락망 점검 | [야간] 조명 확보 및 시야 불량 구역 안전선 설치, 야간 순찰 강화",기상특보 발령 또는 밀도 > 0.6 시 주의 단계 상향,야영장 — 장기 체류자 탈수·열사병 위험
F01,오토캠핑장A,여유,피크타임,1,0.0368,관찰,🔵,0.028,0.8088,0.0808,0.1103,순찰 요원 1명,"구급함, 무전기",일반 안전 순찰 60분 간격 유지 | 기상특보·예보 확인 | 방문객 밀도 추이 모니터링 | 비상 연락망 점검,기상특보 발령 또는 밀도 > 0.6 시 주의 단계 상향,야영장 — 장기 체류자 탈수·열사병 위험
F01,오토캠핑장A,여유,우천|폭염,2,0.0395,관찰,🔵,0.028,0.6967,0.0704,0.2329,순찰 요원 1명,"구급함, 무전기","일반 안전 순찰 60분 간격 유지 | 기상특보·예보 확인 | 방문객 밀도 추이 모니터링 | 비상 연락망 점검 | [폭염] 그늘·음용수 추가 배치, 열사병 집중 모니터링, 피크타임 야외 자제 권고 | [우천] 미끄러짐 주의 안내, 낙뢰 위험 시설 대피, 우천 장비 점검",기상특보 발령 또는 밀도 > 0.6 시 주의 단계 상향,야영장 — 장기 체류자 탈수·열사병 위험
F01,오토캠핑장A,여유,폭염|한파,2,0.0416,관찰,🔵,0.028,0.5852,0.093,0.3218,순찰 요원 1명,"구급함, 무전기","일반 안전 순찰 60분 간격 유지 | 기상특보·예보 확인 | 방문객 밀도 추이 모니터링 | 비상 연락망 점검 | [폭염] 그늘·음용수 추가 배치, 열사병 집중 모니터링, 피크타임 야외 자제 권고 | [한파] 저체온증 위험 모니터링, 실내 대피 공간 운영, 동상 응급처치 키트 배치",기상특보 발령 또는 밀도 > 0.6 시 주의 단계 상향,야영장 — 장기 체류자 탈수·열사병 위험
F01,오토캠핑장A,여유,강풍|폭염,2,0.0416,관찰,🔵,0.028,0.5852,0.093,0.3218,순찰 요원 1명,"구급함, 무전기","일반 안전 순찰 60분 간격 유지 | 기상특보·예보 확인 | 방문객 밀도 추이 모니터링 | 비상 연락망 점검 | [폭염] 그늘·음용수 추가 배치, 열사병 집중 모니터링, 피크타임 야외 자제 권고 | [강풍] 낙하물 위험 구역 통제, 야외 구조물·천막 긴급 점검",기상특보 발령 또는 밀도 > 0.6 시 주의 단계 상향,야영장 — 장기 체류자 탈수·열사병 위험
F01,오토캠핑장A,여유,야간|폭염,2,0.0423,관찰,🔵,0.028,0.5959,0.0292,0.3748,순찰 요원 1명,"구급함, 무전기","일반 안전 순찰 60분 간격 유지 | 기상특보·예보 확인 | 방문객 밀도 추이 모니터링 | 비상 연락망 점검 | [폭염] 그늘·음용수 추가 배치, 열사병 집중 모니터링, 피크타임 야외 자제 권고 | [야간] 조명 확보 및 시야 불량 구역 안전선 설치, 야간 순찰 강화",기상특보 발령 또는 밀도 > 0.6 시 주의 단계 상향,야영장 — 장기 체류자 탈수·열사병 위험
F01,오토캠핑장A,여유,폭염|피크타임,2,0.0471,관찰,🔵,0.028,0.3419,0.0913,0.5668,순찰 요원 1명,"구급함, 무전기","일반 안전 순찰 60분 간격 유지 | 기상특보·예보 확인 | 방문객 밀도 추이 모니터링 | 비상 연락망 점검 | [폭염] 그늘·음용수 추가 배치, 열사병 집중 모니터링, 피크타임 야외 자제 권고",기상특보 발령 또는 밀도 > 0.6 시 주의 단계 상향,야영장 — 장기 체류자 탈수·열사병 위험
F01,오토캠핑장A,여유,우천|한파,2,0.041,관찰,🔵,0.028,0.2535,0.6688,0.0777,순찰 요원 1명,"구급함, 무전기","일반 안전 순찰 60분 간격 유지 | 기상특보·예보 확인 | 방문객 밀도 추이 모니터링 | 비상 연락망 점검 | [우천] 미끄러짐 주의 안내, 낙뢰 위험 시설 대피, 우천 장비 점검 | [한파] 저체온증 위험 모니터링, 실내 대피 공간 운영, 동상 응급처치 키트 배치",기상특보 발령 또는 밀도 > 0.6 시 주의 단계 상향,야영장 — 장기 체류자 탈수·열사병 위험
F01,오토캠핑장A,여유,강풍|우천,2,0.0365,관찰,🔵,0.028,0.7006,0.2786,0.0208,순찰 요원 1명,"구급함, 무전기","일반 안전 순찰 60분 간격 유지 | 기상특보·예보 확인 | 방문객 밀도 추이 모니터링 | 비상 연락망 점검 | [우천] 미끄러짐 주의 안내, 낙뢰 위험 시설 대피, 우천 장비 점검 | [강풍] 낙하물 위험 구역 통제, 야외 구조물·천막 긴급 점검",기상특보 발령 또는 밀도 > 0.6 시 주의 단계 상향,야영장 — 장기 체류자 탈수·열사병 위험
F01,오토캠핑장A,여유,야간|우천,2,0.0351,관찰,🔵,0.028,0.8898,0.0727,0.0375,순찰 요원 1명,"구급함, 무전기","일반 안전 순찰 60분 간격 유지 | 기상특보·예보 확인 | 방문객 밀도 추이 모니터링 | 비상 연락망 점검 | [우천] 미끄러짐 주의 안내, 낙뢰 위험 시설 대피, 우천 장비 점검 | [야간] 조명 확보 및 시야 불량 구역 안전선 설치, 야간 순찰 강화",기상특보 발령 또는 밀도 > 0.6 시 주의 단계 상향,야영장 — 장기 체류자 탈수·열사병 위험
F01,오토캠핑장A,여유,우천|피크타임,2,0.0375,관찰,🔵,0.028,0.7231,0.1656,0.1113,순찰 요원 1명,"구급함, 무전기","일반 안전 순찰 60분 간격 유지 | 기상특보·예보 확인 | 방문객 밀도 추이 모니터링 | 비상 연락망 점검 | [우천] 미끄러짐 주의 안내, 낙뢰 위험 시설 대피, 우천 장비 점검",기상특보 발령 또는 밀도 > 0.6 시 주의 단계 상향,야영장 — 장기 체류자 탈수·열사병 위험
F01,오토캠핑장A,여유,강풍|한파,2,0.1541,위험,🔴,0.0969,0.1725,0.5412,0.2863,대응팀장 1명 + 응급처치 요원 2명 이상,"AED, 들것, 응급의약품, 무전기, 안전펜스","응급 대응팀 즉시 현장 파견 | 응급 장비 준비 (AED, 들것, 응급의약품 키트) | 방문객 안전구역 유도 및 해당 시설 일시 폐쇄 검토 | 119 사전 연락 및 대기 지시 | 관리자·시설장 즉시 보고 | [한파] 저체온증 위험 모니터링, 실내 대피 공간 운영, 동상 응급처치 키트 배치 | [강풍] 낙하물 위험 구역 통제, 야외 구조물·천막 긴급 점검",P(중증) > 0.30 → 119 즉시 출동 요청 / 의식 불명 → 헬기 이송 검토,야영장 — 장기 체류자 탈수·열사병 위험
F01,오토캠핑장A,여유,야간|한파,2,0.1497,주의,🟡,0.0969,0.2534,0.5027,0.244,예방 모니터 1명 + 대기 요원 1명,"구급함, 무전기, 음용수, 그늘막","예방 순찰 30분 간격 강화 | 응급 대응 장비 위치·작동 상태 점검 | 고위험 방문객 (노약자·어린이·임산부) 적극 모니터링 | 기상 변화·밀도 실시간 확인 | 대기 인력 현장 근접 배치 | [한파] 저체온증 위험 모니터링, 실내 대피 공간 운영, 동상 응급처치 키트 배치 | [야간] 조명 확보 및 시야 불량 구역 안전선 설치, 야간 순찰 강화",이상 징후(쓰러짐·발열·외상) 발견 즉시 위험 단계 상향,야영장 — 장기 체류자 탈수·열사병 위험
F01,오토캠핑장A,여유,피크타임|한파,2,0.1665,위험,🔴,0.0969,0.1764,0.2797,0.5439,대응팀장 1명 + 응급처치 요원 2명 이상,"AED, 들것, 응급의약품, 무전기, 안전펜스","응급 대응팀 즉시 현장 파견 | 응급 장비 준비 (AED, 들것, 응급의약품 키트) | 방문객 안전구역 유도 및 해당 시설 일시 폐쇄 검토 | 119 사전 연락 및 대기 지시 | 관리자·시설장 즉시 보고 | [한파] 저체온증 위험 모니터링, 실내 대피 공간 운영, 동상 응급처치 키트 배치",P(중증) > 0.30 → 119 즉시 출동 요청 / 의식 불명 → 헬기 이송 검토,야영장 — 장기 체류자 탈수·열사병 위험
F01,오토캠핑장A,여유,강풍|야간,2,0.0381,관찰,🔵,0.028,0.5176,0.4518,0.0307,순찰 요원 1명,"구급함, 무전기","일반 안전 순찰 60분 간격 유지 | 기상특보·예보 확인 | 방문객 밀도 추이 모니터링 | 비상 연락망 점검 | [강풍] 낙하물 위험 구역 통제, 야외 구조물·천막 긴급 점검 | [야간] 조명 확보 및 시야 불량 구역 안전선 설치, 야간 순찰 강화",기상특보 발령 또는 밀도 > 0.6 시 주의 단계 상향,야영장 — 장기 체류자 탈수·열사병 위험
F01,오토캠핑장A,여유,강풍|피크타임,2,0.04,관찰,🔵,0.028,0.4959,0.3564,0.1477,순찰 요원 1명,"구급함, 무전기","일반 안전 순찰 60분 간격 유지 | 기상특보·예보 확인 | 방문객 밀도 추이 모니터링 | 비상 연락망 점검 | [강풍] 낙하물 위험 구역 통제, 야외 구조물·천막 긴급 점검",기상특보 발령 또는 밀도 > 0.6 시 주의 단계 상향,야영장 — 장기 체류자 탈수·열사병 위험
F01,오토캠핑장A,여유,야간|피크타임,2,0.036,관찰,🔵,0.028,0.8369,0.0949,0.0682,순찰 요원 1명,"구급함, 무전기","일반 안전 순찰 60분 간격 유지 | 기상특보·예보 확인 | 방문객 밀도 추이 모니터링 | 비상 연락망 점검 | [야간] 조명 확보 및 시야 불량 구역 안전선 설치, 야간 순찰 강화",기상특보 발령 또는 밀도 > 0.6 시 주의 단계 상향,야영장 — 장기 체류자 탈수·열사병 위험
F01,오토캠핑장A,여유,우천|폭염|한파,3,0.0395,관찰,🔵,0.028,0.6967,0.0704,0.2329,순찰 요원 1명,"구급함, 무전기","일반 안전 순찰 60분 간격 유지 | 기상특보·예보 확인 | 방문객 밀도 추이 모니터링 | 비상 연락망 점검 | [폭염] 그늘·음용수 추가 배치, 열사병 집중 모니터링, 피크타임 야외 자제 권고 | [우천] 미끄러짐 주의 안내, 낙뢰 위험 시설 대피, 우천 장비 점검 | [한파] 저체온증 위험 모니터링, 실내 대피 공간 운영, 동상 응급처치 키트 배치",기상특보 발령 또는 밀도 > 0.6 시 주의 단계 상향,야영장 — 장기 체류자 탈수·열사병 위험
F01,오토캠핑장A,여유,강풍|우천|폭염,3,0.0395,관찰,🔵,0.028,0.6967,0.0704,0.2329,순찰 요원 1명,"구급함, 무전기","일반 안전 순찰 60분 간격 유지 | 기상특보·예보 확인 | 방문객 밀도 추이 모니터링 | 비상 연락망 점검 | [폭염] 그늘·음용수 추가 배치, 열사병 집중 모니터링, 피크타임 야외 자제 권고 | [우천] 미끄러짐 주의 안내, 낙뢰 위험 시설 대피, 우천 장비 점검 | [강풍] 낙하물 위험 구역 통제, 야외 구조물·천막 긴급 점검",기상특보 발령 또는 밀도 > 0.6 시 주의 단계 상향,야영장 — 장기 체류자 탈수·열사병 위험
F01,오토캠핑장A,여유,야간|우천|폭염,3,0.0392,관찰,🔵,0.028,0.7455,0.012,0.2425,순찰 요원 1명,"구급함, 무전기","일반 안전 순찰 60분 간격 유지 | 기상특보·예보 확인 | 방문객 밀도 추이 모니터링 | 비상 연락망 점검 | [폭염] 그늘·음용수 추가 배치, 열사병 집중 모니터링, 피크타임 야외 자제 권고 | [우천] 미끄러짐 주의 안내, 낙뢰 위험 시설 대피, 우천 장비 점검 | [야간] 조명 확보 및 시야 불량 구역 안전선 설치, 야간 순찰 강화",기상특보 발령 또는 밀도 > 0.6 시 주의 단계 상향,야영장 — 장기 체류자 탈수·열사병 위험
F01,오토캠핑장A,여유,우천|폭염|피크타임,3,0.0459,관찰,🔵,0.028,0.4047,0.08,0.5153,순찰 요원 1명,"구급함, 무전기","일반 안전 순찰 60분 간격 유지 | 기상특보·예보 확인 | 방문객 밀도 추이 모니터링 | 비상 연락망 점검 | [폭염] 그늘·음용수 추가 배치, 열사병 집중 모니터링, 피크타임 야외 자제 권고 | [우천] 미끄러짐 주의 안내, 낙뢰 위험 시설 대피, 우천 장비 점검",기상특보 발령 또는 밀도 > 0.6 시 주의 단계 상향,야영장 — 장기 체류자 탈수·열사병 위험
F01,오토캠핑장A,여유,강풍|폭염|한파,3,0.0416,관찰,🔵,0.028,0.5852,0.093,0.3218,순찰 요원 1명,"구급함, 무전기","일반 안전 순찰 60분 간격 유지 | 기상특보·예보 확인 | 방문객 밀도 추이 모니터링 | 비상 연락망 점검 | [폭염] 그늘·음용수 추가 배치, 열사병 집중 모니터링, 피크타임 야외 자제 권고 | [한파] 저체온증 위험 모니터링, 실내 대피 공간 운영, 동상 응급처치 키트 배치 | [강풍] 낙하물 위험 구역 통제, 야외 구조물·천막 긴급 점검",기상특보 발령 또는 밀도 > 0.6 시 주의 단계 상향,야영장 — 장기 체류자 탈수·열사병 위험
F01,오토캠핑장A,여유,야간|폭염|한파,3,0.0423,관찰,🔵,0.028,0.5959,0.0292,0.3748,순찰 요원 1명,"구급함, 무전기","일반 안전 순찰 60분 간격 유지 | 기상특보·예보 확인 | 방문객 밀도 추이 모니터링 | 비상 연락망 점검 | [폭염] 그늘·음용수 추가 배치, 열사병 집중 모니터링, 피크타임 야외 자제 권고 | [한파] 저체온증 위험 모니터링, 실내 대피 공간 운영, 동상 응급처치 키트 배치 | [야간] 조명 확보 및 시야 불량 구역 안전선 설치, 야간 순찰 강화",기상특보 발령 또는 밀도 > 0.6 시 주의 단계 상향,야영장 — 장기 체류자 탈수·열사병 위험
F01,오토캠핑장A,여유,폭염|피크타임|한파,3,0.0471,관찰,🔵,0.028,0.3419,0.0913,0.5668,순찰 요원 1명,"구급함, 무전기","일반 안전 순찰 60분 간격 유지 | 기상특보·예보 확인 | 방문객 밀도 추이 모니터링 | 비상 연락망 점검 | [폭염] 그늘·음용수 추가 배치, 열사병 집중 모니터링, 피크타임 야외 자제 권고 | [한파] 저체온증 위험 모니터링, 실내 대피 공간 운영, 동상 응급처치 키트 배치",기상특보 발령 또는 밀도 > 0.6 시 주의 단계 상향,야영장 — 장기 체류자 탈수·열사병 위험
F01,오토캠핑장A,여유,강풍|야간|폭염,3,0.0423,관찰,🔵,0.028,0.5959,0.0292,0.3748,순찰 요원 1명,"구급함, 무전기","일반 안전 순찰 60분 간격 유지 | 기상특보·예보 확인 | 방문객 밀도 추이 모니터링 | 비상 연락망 점검 | [폭염] 그늘·음용수 추가 배치, 열사병 집중 모니터링, 피크타임 야외 자제 권고 | [강풍] 낙하물 위험 구역 통제, 야외 구조물·천막 긴급 점검 | [야간] 조명 확보 및 시야 불량 구역 안전선 설치, 야간 순찰 강화",기상특보 발령 또는 밀도 > 0.6 시 주의 단계 상향,야영장 — 장기 체류자 탈수·열사병 위험
F01,오토캠핑장A,여유,강풍|폭염|피크타임,3,0.0471,관찰,🔵,0.028,0.3419,0.0913,0.5668,순찰 요원 1명,"구급함, 무전기","일반 안전 순찰 60분 간격 유지 | 기상특보·예보 확인 | 방문객 밀도 추이 모니터링 | 비상 연락망 점검 | [폭염] 그늘·음용수 추가 배치, 열사병 집중 모니터링, 피크타임 야외 자제 권고 | [강풍] 낙하물 위험 구역 통제, 야외 구조물·천막 긴급 점검",기상특보 발령 또는 밀도 > 0.6 시 주의 단계 상향,야영장 — 장기 체류자 탈수·열사병 위험
F01,오토캠핑장A,여유,야간|폭염|피크타임,3,0.0423,관찰,🔵,0.028,0.5959,0.0292,0.3748,순찰 요원 1명,"구급함, 무전기","일반 안전 순찰 60분 간격 유지 | 기상특보·예보 확인 | 방문객 밀도 추이 모니터링 | 비상 연락망 점검 | [폭염] 그늘·음용수 추가 배치, 열사병 집중 모니터링, 피크타임 야외 자제 권고 | [야간] 조명 확보 및 시야 불량 구역 안전선 설치, 야간 순찰 강화",기상특보 발령 또는 밀도 > 0.6 시 주의 단계 상향,야영장 — 장기 체류자 탈수·열사병 위험
F01,오토캠핑장A,여유,강풍|우천|한파,3,0.041,관찰,🔵,0.028,0.2535,0.6688,0.0777,순찰 요원 1명,"구급함, 무전기","일반 안전 순찰 60분 간격 유지 | 기상특보·예보 확인 | 방문객 밀도 추이 모니터링 | 비상 연락망 점검 | [우천] 미끄러짐 주의 안내, 낙뢰 위험 시설 대피, 우천 장비 점검 | [한파] 저체온증 위험 모니터링, 실내 대피 공간 운영, 동상 응급처치 키트 배치 | [강풍] 낙하물 위험 구역 통제, 야외 구조물·천막 긴급 점검",기상특보 발령 또는 밀도 > 0.6 시 주의 단계 상향,야영장 — 장기 체류자 탈수·열사병 위험
F01,오토캠핑장A,여유,야간|우천|한파,3,0.0394,관찰,🔵,0.028,0.4936,0.398,0.1085,순찰 요원 1명,"구급함, 무전기","일반 안전 순찰 60분 간격 유지 | 기상특보·예보 확인 | 방문객 밀도 추이 모니터링 | 비상 연락망 점검 | [우천] 미끄러짐 주의 안내, 낙뢰 위험 시설 대피, 우천 장비 점검 | [한파] 저체온증 위험 모니터링, 실내 대피 공간 운영, 동상 응급처치 키트 배치 | [야간] 조명 확보 및 시야 불량 구역 안전선 설치, 야간 순찰 강화",기상특보 발령 또는 밀도 > 0.6 시 주의 단계 상향,야영장 — 장기 체류자 탈수·열사병 위험
F01,오토캠핑장A,여유,우천|피크타임|한파,3,0.0431,관찰,🔵,0.028,0.3154,0.4207,0.2639,순찰 요원 1명,"구급함, 무전기","일반 안전 순찰 60분 간격 유지 | 기상특보·예보 확인 | 방문객 밀도 추이 모니터링 | 비상 연락망 점검 | [우천] 미끄러짐 주의 안내, 낙뢰 위험 시설 대피, 우천 장비 점검 | [한파] 저체온증 위험 모니터링, 실내 대피 공간 운영, 동상 응급처치 키트 배치",기상특보 발령 또는 밀도 > 0.6 시 주의 단계 상향,야영장 — 장기 체류자 탈수·열사병 위험
F01,오토캠핑장A,여유,강풍|야간|우천,3,0.0355,관찰,🔵,0.028,0.809,0.172,0.019,순찰 요원 1명,"구급함, 무전기","일반 안전 순찰 60분 간격 유지 | 기상특보·예보 확인 | 방문객 밀도 추이 모니터링 | 비상 연락망 점검 | [우천] 미끄러짐 주의 안내, 낙뢰 위험 시설 대피, 우천 장비 점검 | [강풍] 낙하물 위험 구역 통제, 야외 구조물·천막 긴급 점검 | [야간] 조명 확보 및 시야 불량 구역 안전선 설치, 야간 순찰 강화",기상특보 발령 또는 밀도 > 0.6 시 주의 단계 상향,야영장 — 장기 체류자 탈수·열사병 위험
F01,오토캠핑장A,여유,강풍|우천|피크타임,3,0.0379,관찰,🔵,0.028,0.6603,0.2395,0.1002,순찰 요원 1명,"구급함, 무전기","일반 안전 순찰 60분 간격 유지 | 기상특보·예보 확인 | 방문객 밀도 추이 모니터링 | 비상 연락망 점검 | [우천] 미끄러짐 주의 안내, 낙뢰 위험 시설 대피, 우천 장비 점검 | [강풍] 낙하물 위험 구역 통제, 야외 구조물·천막 긴급 점검",기상특보 발령 또는 밀도 > 0.6 시 주의 단계 상향,야영장 — 장기 체류자 탈수·열사병 위험
F01,오토캠핑장A,여유,야간|우천|피크타임,3,0.0351,관찰,🔵,0.028,0.8898,0.0727,0.0375,순찰 요원 1명,"구급함, 무전기","일반 안전 순찰 60분 간격 유지 | 기상특보·예보 확인 | 방문객 밀도 추이 모니터링 | 비상 연락망 점검 | [우천] 미끄러짐 주의 안내, 낙뢰 위험 시설 대피, 우천 장비 점검 | [야간] 조명 확보 및 시야 불량 구역 안전선 설치, 야간 순찰 강화",기상특보 발령 또는 밀도 > 0.6 시 주의 단계 상향,야영장 — 장기 체류자 탈수·열사병 위험
F01,오토캠핑장A,여유,강풍|야간|한파,3,0.1497,주의,🟡,0.0969,0.2534,0.5027,0.244,예방 모니터 1명 + 대기 요원 1명,"구급함, 무전기, 음용수, 그늘막","예방 순찰 30분 간격 강화 | 응급 대응 장비 위치·작동 상태 점검 | 고위험 방문객 (노약자·어린이·임산부) 적극 모니터링 | 기상 변화·밀도 실시간 확인 | 대기 인력 현장 근접 배치 | [한파] 저체온증 위험 모니터링, 실내 대피 공간 운영, 동상 응급처치 키트 배치 | [강풍] 낙하물 위험 구역 통제, 야외 구조물·천막 긴급 점검 | [야간] 조명 확보 및 시야 불량 구역 안전선 설치, 야간 순찰 강화",이상 징후(쓰러짐·발열·외상) 발견 즉시 위험 단계 상향,야영장 — 장기 체류자 탈수·열사병 위험
F01,오토캠핑장A,여유,강풍|피크타임|한파,3,0.1665,위험,🔴,0.0969,0.1764,0.2797,0.5439,대응팀장 1명 + 응급처치 요원 2명 이상,"AED, 들것, 응급의약품, 무전기, 안전펜스","응급 대응팀 즉시 현장 파견 | 응급 장비 준비 (AED, 들것, 응급의약품 키트) | 방문객 안전구역 유도 및 해당 시설 일시 폐쇄 검토 | 119 사전 연락 및 대기 지시 | 관리자·시설장 즉시 보고 | [한파] 저체온증 위험 모니터링, 실내 대피 공간 운영, 동상 응급처치 키트 배치 | [강풍] 낙하물 위험 구역 통제, 야외 구조물·천막 긴급 점검",P(중증) > 0.30 → 119 즉시 출동 요청 / 의식 불명 → 헬기 이송 검토,야영장 — 장기 체류자 탈수·열사병 위험
F01,오토캠핑장A,여유,야간|피크타임|한파,3,0.1497,주의,🟡,0.0969,0.2534,0.5027,0.244,예방 모니터 1명 + 대기 요원 1명,"구급함, 무전기, 음용수, 그늘막","예방 순찰 30분 간격 강화 | 응급 대응 장비 위치·작동 상태 점검 | 고위험 방문객 (노약자·어린이·임산부) 적극 모니터링 | 기상 변화·밀도 실시간 확인 | 대기 인력 현장 근접 배치 | [한파] 저체온증 위험 모니터링, 실내 대피 공간 운영, 동상 응급처치 키트 배치 | [야간] 조명 확보 및 시야 불량 구역 안전선 설치, 야간 순찰 강화",이상 징후(쓰러짐·발열·외상) 발견 즉시 위험 단계 상향,야영장 — 장기 체류자 탈수·열사병 위험
F01,오토캠핑장A,여유,강풍|야간|피크타임,3,0.0381,관찰,🔵,0.028,0.5176,0.4518,0.0307,순찰 요원 1명,"구급함, 무전기","일반 안전 순찰 60분 간격 유지 | 기상특보·예보 확인 | 방문객 밀도 추이 모니터링 | 비상 연락망 점검 | [강풍] 낙하물 위험 구역 통제, 야외 구조물·천막 긴급 점검 | [야간] 조명 확보 및 시야 불량 구역 안전선 설치, 야간 순찰 강화",기상특보 발령 또는 밀도 > 0.6 시 주의 단계 상향,야영장 — 장기 체류자 탈수·열사병 위험
F01,오토캠핑장A,여유,강풍|우천|폭염|한파,4,0.0395,관찰,🔵,0.028,0.6967,0.0704,0.2329,순찰 요원 1명,"구급함, 무전기","일반 안전 순찰 60분 간격 유지 | 기상특보·예보 확인 | 방문객 밀도 추이 모니터링 | 비상 연락망 점검 | [폭염] 그늘·음용수 추가 배치, 열사병 집중 모니터링, 피크타임 야외 자제 권고 | [우천] 미끄러짐 주의 안내, 낙뢰 위험 시설 대피, 우천 장비 점검 | [한파] 저체온증 위험 모니터링, 실내 대피 공간 운영, 동상 응급처치 키트 배치 | [강풍] 낙하물 위험 구역 통제, 야외 구조물·천막 긴급 점검",기상특보 발령 또는 밀도 > 0.6 시 주의 단계 상향,야영장 — 장기 체류자 탈수·열사병 위험
F01,오토캠핑장A,여유,야간|우천|폭염|한파,4,0.0392,관찰,🔵,0.028,0.7455,0.012,0.2425,순찰 요원 1명,"구급함, 무전기","일반 안전 순찰 60분 간격 유지 | 기상특보·예보 확인 | 방문객 밀도 추이 모니터링 | 비상 연락망 점검 | [폭염] 그늘·음용수 추가 배치, 열사병 집중 모니터링, 피크타임 야외 자제 권고 | [우천] 미끄러짐 주의 안내, 낙뢰 위험 시설 대피, 우천 장비 점검 | [한파] 저체온증 위험 모니터링, 실내 대피 공간 운영, 동상 응급처치 키트 배치 | [야간] 조명 확보 및 시야 불량 구역 안전선 설치, 야간 순찰 강화",기상특보 발령 또는 밀도 > 0.6 시 주의 단계 상향,야영장 — 장기 체류자 탈수·열사병 위험
F01,오토캠핑장A,여유,우천|폭염|피크타임|한파,4,0.0459,관찰,🔵,0.028,0.4047,0.08,0.5153,순찰 요원 1명,"구급함, 무전기","일반 안전 순찰 60분 간격 유지 | 기상특보·예보 확인 | 방문객 밀도 추이 모니터링 | 비상 연락망 점검 | [폭염] 그늘·음용수 추가 배치, 열사병 집중 모니터링, 피크타임 야외 자제 권고 | [우천] 미끄러짐 주의 안내, 낙뢰 위험 시설 대피, 우천 장비 점검 | [한파] 저체온증 위험 모니터링, 실내 대피 공간 운영, 동상 응급처치 키트 배치",기상특보 발령 또는 밀도 > 0.6 시 주의 단계 상향,야영장 — 장기 체류자 탈수·열사병 위험
F01,오토캠핑장A,여유,강풍|야간|우천|폭염,4,0.0392,관찰,🔵,0.028,0.7455,0.012,0.2425,순찰 요원 1명,"구급함, 무전기","일반 안전 순찰 60분 간격 유지 | 기상특보·예보 확인 | 방문객 밀도 추이 모니터링 | 비상 연락망 점검 | [폭염] 그늘·음용수 추가 배치, 열사병 집중 모니터링, 피크타임 야외 자제 권고 | [우천] 미끄러짐 주의 안내, 낙뢰 위험 시설 대피, 우천 장비 점검 | [강풍] 낙하물 위험 구역 통제, 야외 구조물·천막 긴급 점검 | [야간] 조명 확보 및 시야 불량 구역 안전선 설치, 야간 순찰 강화",기상특보 발령 또는 밀도 > 0.6 시 주의 단계 상향,야영장 — 장기 체류자 탈수·열사병 위험
F01,오토캠핑장A,여유,강풍|우천|폭염|피크타임,4,0.0459,관찰,🔵,0.028,0.4047,0.08,0.5153,순찰 요원 1명,"구급함, 무전기","일반 안전 순찰 60분 간격 유지 | 기상특보·예보 확인 | 방문객 밀도 추이 모니터링 | 비상 연락망 점검 | [폭염] 그늘·음용수 추가 배치, 열사병 집중 모니터링, 피크타임 야외 자제 권고 | [우천] 미끄러짐 주의 안내, 낙뢰 위험 시설 대피, 우천 장비 점검 | [강풍] 낙하물 위험 구역 통제, 야외 구조물·천막 긴급 점검",기상특보 발령 또는 밀도 > 0.6 시 주의 단계 상향,야영장 — 장기 체류자 탈수·열사병 위험
F01,오토캠핑장A,여유,야간|우천|폭염|피크타임,4,0.0392,관찰,🔵,0.028,0.7455,0.012,0.2425,순찰 요원 1명,"구급함, 무전기","일반 안전 순찰 60분 간격 유지 | 기상특보·예보 확인 | 방문객 밀도 추이 모니터링 | 비상 연락망 점검 | [폭염] 그늘·음용수 추가 배치, 열사병 집중 모니터링, 피크타임 야외 자제 권고 | [우천] 미끄러짐 주의 안내, 낙뢰 위험 시설 대피, 우천 장비 점검 | [야간] 조명 확보 및 시야 불량 구역 안전선 설치, 야간 순찰 강화",기상특보 발령 또는 밀도 > 0.6 시 주의 단계 상향,야영장 — 장기 체류자 탈수·열사병 위험
F01,오토캠핑장A,여유,강풍|야간|폭염|한파,4,0.0423,관찰,🔵,0.028,0.5959,0.0292,0.3748,순찰 요원 1명,"구급함, 무전기","일반 안전 순찰 60분 간격 유지 | 기상특보·예보 확인 | 방문객 밀도 추이 모니터링 | 비상 연락망 점검 | [폭염] 그늘·음용수 추가 배치, 열사병 집중 모니터링, 피크타임 야외 자제 권고 | [한파] 저체온증 위험 모니터링, 실내 대피 공간 운영, 동상 응급처치 키트 배치 | [강풍] 낙하물 위험 구역 통제, 야외 구조물·천막 긴급 점검 | [야간] 조명 확보 및 시야 불량 구역 안전선 설치, 야간 순찰 강화",기상특보 발령 또는 밀도 > 0.6 시 주의 단계 상향,야영장 — 장기 체류자 탈수·열사병 위험
F01,오토캠핑장A,여유,강풍|폭염|피크타임|한파,4,0.0471,관찰,🔵,0.028,0.3419,0.0913,0.5668,순찰 요원 1명,"구급함, 무전기","일반 안전 순찰 60분 간격 유지 | 기상특보·예보 확인 | 방문객 밀도 추이 모니터링 | 비상 연락망 점검 | [폭염] 그늘·음용수 추가 배치, 열사병 집중 모니터링, 피크타임 야외 자제 권고 | [한파] 저체온증 위험 모니터링, 실내 대피 공간 운영, 동상 응급처치 키트 배치 | [강풍] 낙하물 위험 구역 통제, 야외 구조물·천막 긴급 점검",기상특보 발령 또는 밀도 > 0.6 시 주의 단계 상향,야영장 — 장기 체류자 탈수·열사병 위험
F01,오토캠핑장A,여유,야간|폭염|피크타임|한파,4,0.0423,관찰,🔵,0.028,0.5959,0.0292,0.3748,순찰 요원 1명,"구급함, 무전기","일반 안전 순찰 60분 간격 유지 | 기상특보·예보 확인 | 방문객 밀도 추이 모니터링 | 비상 연락망 점검 | [폭염] 그늘·음용수 추가 배치, 열사병 집중 모니터링, 피크타임 야외 자제 권고 | [한파] 저체온증 위험 모니터링, 실내 대피 공간 운영, 동상 응급처치 키트 배치 | [야간] 조명 확보 및 시야 불량 구역 안전선 설치, 야간 순찰 강화",기상특보 발령 또는 밀도 > 0.6 시 주의 단계 상향,야영장 — 장기 체류자 탈수·열사병 위험
F01,오토캠핑장A,여유,강풍|야간|폭염|피크타임,4,0.0423,관찰,🔵,0.028,0.5959,0.0292,0.3748,순찰 요원 1명,"구급함, 무전기","일반 안전 순찰 60분 간격 유지 | 기상특보·예보 확인 | 방문객 밀도 추이 모니터링 | 비상 연락망 점검 | [폭염] 그늘·음용수 추가 배치, 열사병 집중 모니터링, 피크타임 야외 자제 권고 | [강풍] 낙하물 위험 구역 통제, 야외 구조물·천막 긴급 점검 | [야간] 조명 확보 및 시야 불량 구역 안전선 설치, 야간 순찰 강화",기상특보 발령 또는 밀도 > 0.6 시 주의 단계 상향,야영장 — 장기 체류자 탈수·열사병 위험
F01,오토캠핑장A,여유,강풍|야간|우천|한파,4,0.0394,관찰,🔵,0.028,0.4936,0.398,0.1085,순찰 요원 1명,"구급함, 무전기","일반 안전 순찰 60분 간격 유지 | 기상특보·예보 확인 | 방문객 밀도 추이 모니터링 | 비상 연락망 점검 | [우천] 미끄러짐 주의 안내, 낙뢰 위험 시설 대피, 우천 장비 점검 | [한파] 저체온증 위험 모니터링, 실내 대피 공간 운영, 동상 응급처치 키트 배치 | [강풍] 낙하물 위험 구역 통제, 야외 구조물·천막 긴급 점검 | [야간] 조명 확보 및 시야 불량 구역 안전선 설치, 야간 순찰 강화",기상특보 발령 또는 밀도 > 0.6 시 주의 단계 상향,야영장 — 장기 체류자 탈수·열사병 위험
F01,오토캠핑장A,여유,강풍|우천|피크타임|한파,4,0.0431,관찰,🔵,0.028,0.3154,0.4207,0.2639,순찰 요원 1명,"구급함, 무전기","일반 안전 순찰 60분 간격 유지 | 기상특보·예보 확인 | 방문객 밀도 추이 모니터링 | 비상 연락망 점검 | [우천] 미끄러짐 주의 안내, 낙뢰 위험 시설 대피, 우천 장비 점검 | [한파] 저체온증 위험 모니터링, 실내 대피 공간 운영, 동상 응급처치 키트 배치 | [강풍] 낙하물 위험 구역 통제, 야외 구조물·천막 긴급 점검",기상특보 발령 또는 밀도 > 0.6 시 주의 단계 상향,야영장 — 장기 체류자 탈수·열사병 위험
F01,오토캠핑장A,여유,야간|우천|피크타임|한파,4,0.0394,관찰,🔵,0.028,0.4936,0.398,0.1085,순찰 요원 1명,"구급함, 무전기","일반 안전 순찰 60분 간격 유지 | 기상특보·예보 확인 | 방문객 밀도 추이 모니터링 | 비상 연락망 점검 | [우천] 미끄러짐 주의 안내, 낙뢰 위험 시설 대피, 우천 장비 점검 | [한파] 저체온증 위험 모니터링, 실내 대피 공간 운영, 동상 응급처치 키트 배치 | [야간] 조명 확보 및 시야 불량 구역 안전선 설치, 야간 순찰 강화",기상특보 발령 또는 밀도 > 0.6 시 주의 단계 상향,야영장 — 장기 체류자 탈수·열사병 위험
F01,오토캠핑장A,여유,강풍|야간|우천|피크타임,4,0.0355,관찰,🔵,0.028,0.809,0.172,0.019,순찰 요원 1명,"구급함, 무전기","일반 안전 순찰 60분 간격 유지 | 기상특보·예보 확인 | 방문객 밀도 추이 모니터링 | 비상 연락망 점검 | [우천] 미끄러짐 주의 안내, 낙뢰 위험 시설 대피, 우천 장비 점검 | [강풍] 낙하물 위험 구역 통제, 야외 구조물·천막 긴급 점검 | [야간] 조명 확보 및 시야 불량 구역 안전선 설치, 야간 순찰 강화",기상특보 발령 또는 밀도 > 0.6 시 주의 단계 상향,야영장 — 장기 체류자 탈수·열사병 위험
F01,오토캠핑장A,여유,강풍|야간|피크타임|한파,4,0.1497,주의,🟡,0.0969,0.2534,0.5027,0.244,예방 모니터 1명 + 대기 요원 1명,"구급함, 무전기, 음용수, 그늘막","예방 순찰 30분 간격 강화 | 응급 대응 장비 위치·작동 상태 점검 | 고위험 방문객 (노약자·어린이·임산부) 적극 모니터링 | 기상 변화·밀도 실시간 확인 | 대기 인력 현장 근접 배치 | [한파] 저체온증 위험 모니터링, 실내 대피 공간 운영, 동상 응급처치 키트 배치 | [강풍] 낙하물 위험 구역 통제, 야외 구조물·천막 긴급 점검 | [야간] 조명 확보 및 시야 불량 구역 안전선 설치, 야간 순찰 강화",이상 징후(쓰러짐·발열·외상) 발견 즉시 위험 단계 상향,야영장 — 장기 체류자 탈수·열사병 위험
F01,오토캠핑장A,여유,강풍|야간|우천|폭염|한파,5,0.0392,관찰,🔵,0.028,0.7455,0.012,0.2425,순찰 요원 1명,"구급함, 무전기","일반 안전 순찰 60분 간격 유지 | 기상특보·예보 확인 | 방문객 밀도 추이 모니터링 | 비상 연락망 점검 | [폭염] 그늘·음용수 추가 배치, 열사병 집중 모니터링, 피크타임 야외 자제 권고 | [우천] 미끄러짐 주의 안내, 낙뢰 위험 시설 대피, 우천 장비 점검 | [한파] 저체온증 위험 모니터링, 실내 대피 공간 운영, 동상 응급처치 키트 배치 | [강풍] 낙하물 위험 구역 통제, 야외 구조물·천막 긴급 점검 | [야간] 조명 확보 및 시야 불량 구역 안전선 설치, 야간 순찰 강화",기상특보 발령 또는 밀도 > 0.6 시 주의 단계 상향,야영장 — 장기 체류자 탈수·열사병 위험
F01,오토캠핑장A,여유,강풍|우천|폭염|피크타임|한파,5,0.0459,관찰,🔵,0.028,0.4047,0.08,0.5153,순찰 요원 1명,"구급함, 무전기","일반 안전 순찰 60분 간격 유지 | 기상특보·예보 확인 | 방문객 밀도 추이 모니터링 | 비상 연락망 점검 | [폭염] 그늘·음용수 추가 배치, 열사병 집중 모니터링, 피크타임 야외 자제 권고 | [우천] 미끄러짐 주의 안내, 낙뢰 위험 시설 대피, 우천 장비 점검 | [한파] 저체온증 위험 모니터링, 실내 대피 공간 운영, 동상 응급처치 키트 배치 | [강풍] 낙하물 위험 구역 통제, 야외 구조물·천막 긴급 점검",기상특보 발령 또는 밀도 > 0.6 시 주의 단계 상향,야영장 — 장기 체류자 탈수·열사병 위험
F01,오토캠핑장A,여유,야간|우천|폭염|피크타임|한파,5,0.0392,관찰,🔵,0.028,0.7455,0.012,0.2425,순찰 요원 1명,"구급함, 무전기","일반 안전 순찰 60분 간격 유지 | 기상특보·예보 확인 | 방문객 밀도 추이 모니터링 | 비상 연락망 점검 | [폭염] 그늘·음용수 추가 배치, 열사병 집중 모니터링, 피크타임 야외 자제 권고 | [우천] 미끄러짐 주의 안내, 낙뢰 위험 시설 대피, 우천 장비 점검 | [한파] 저체온증 위험 모니터링, 실내 대피 공간 운영, 동상 응급처치 키트 배치 | [야간] 조명 확보 및 시야 불량 구역 안전선 설치, 야간 순찰 강화",기상특보 발령 또는 밀도 > 0.6 시 주의 단계 상향,야영장 — 장기 체류자 탈수·열사병 위험
F01,오토캠핑장A,여유,강풍|야간|우천|폭염|피크타임,5,0.0392,관찰,🔵,0.028,0.7455,0.012,0.2425,순찰 요원 1명,"구급함, 무전기","일반 안전 순찰 60분 간격 유지 | 기상특보·예보 확인 | 방문객 밀도 추이 모니터링 | 비상 연락망 점검 | [폭염] 그늘·음용수 추가 배치, 열사병 집중 모니터링, 피크타임 야외 자제 권고 | [우천] 미끄러짐 주의 안내, 낙뢰 위험 시설 대피, 우천 장비 점검 | [강풍] 낙하물 위험 구역 통제, 야외 구조물·천막 긴급 점검 | [야간] 조명 확보 및 시야 불량 구역 안전선 설치, 야간 순찰 강화",기상특보 발령 또는 밀도 > 0.6 시 주의 단계 상향,야영장 — 장기 체류자 탈수·열사병 위험
F01,오토캠핑장A,여유,강풍|야간|폭염|피크타임|한파,5,0.0423,관찰,🔵,0.028,0.5959,0.0292,0.3748,순찰 요원 1명,"구급함, 무전기","일반 안전 순찰 60분 간격 유지 | 기상특보·예보 확인 | 방문객 밀도 추이 모니터링 | 비상 연락망 점검 | [폭염] 그늘·음용수 추가 배치, 열사병 집중 모니터링, 피크타임 야외 자제 권고 | [한파] 저체온증 위험 모니터링, 실내 대피 공간 운영, 동상 응급처치 키트 배치 | [강풍] 낙하물 위험 구역 통제, 야외 구조물·천막 긴급 점검 | [야간] 조명 확보 및 시야 불량 구역 안전선 설치, 야간 순찰 강화",기상특보 발령 또는 밀도 > 0.6 시 주의 단계 상향,야영장 — 장기 체류자 탈수·열사병 위험
F01,오토캠핑장A,여유,강풍|야간|우천|피크타임|한파,5,0.0394,관찰,🔵,0.028,0.4936,0.398,0.1085,순찰 요원 1명,"구급함, 무전기","일반 안전 순찰 60분 간격 유지 | 기상특보·예보 확인 | 방문객 밀도 추이 모니터링 | 비상 연락망 점검 | [우천] 미끄러짐 주의 안내, 낙뢰 위험 시설 대피, 우천 장비 점검 | [한파] 저체온증 위험 모니터링, 실내 대피 공간 운영, 동상 응급처치 키트 배치 | [강풍] 낙하물 위험 구역 통제, 야외 구조물·천막 긴급 점검 | [야간] 조명 확보 및 시야 불량 구역 안전선 설치, 야간 순찰 강화",기상특보 발령 또는 밀도 > 0.6 시 주의 단계 상향,야영장 — 장기 체류자 탈수·열사병 위험
F01,오토캠핑장A,여유,강풍|야간|우천|폭염|피크타임|한파,6,0.0392,관찰,🔵,0.028,0.7455,0.012,0.2425,순찰 요원 1명,"구급함, 무전기","일반 안전 순찰 60분 간격 유지 | 기상특보·예보 확인 | 방문객 밀도 추이 모니터링 | 비상 연락망 점검 | [폭염] 그늘·음용수 추가 배치, 열사병 집중 모니터링, 피크타임 야외 자제 권고 | [우천] 미끄러짐 주의 안내, 낙뢰 위험 시설 대피, 우천 장비 점검 | [한파] 저체온증 위험 모니터링, 실내 대피 공간 운영, 동상 응급처치 키트 배치 | [강풍] 낙하물 위험 구역 통제, 야외 구조물·천막 긴급 점검 | [야간] 조명 확보 및 시야 불량 구역 안전선 설치, 야간 순찰 강화",기상특보 발령 또는 밀도 > 0.6 시 주의 단계 상향,야영장 — 장기 체류자 탈수·열사병 위험
F01,오토캠핑장A,보통,없음,0,0.0741,주의,🟡,0.0606,0.93,0.0674,0.0027,예방 모니터 1명 + 대기 요원 1명,"구급함, 무전기, 음용수, 그늘막",예방 순찰 30분 간격 강화 | 응급 대응 장비 위치·작동 상태 점검 | 고위험 방문객 (노약자·어린이·임산부) 적극 모니터링 | 기상 변화·밀도 실시간 확인 | 대기 인력 현장 근접 배치,이상 징후(쓰러짐·발열·외상) 발견 즉시 위험 단계 상향,야영장 — 장기 체류자 탈수·열사병 위험
F01,오토캠핑장A,보통,폭염,1,0.1312,주의,🟡,0.1058,0.9369,0.0217,0.0414,예방 모니터 1명 + 대기 요원 1명,"구급함, 무전기, 음용수, 그늘막","예방 순찰 30분 간격 강화 | 응급 대응 장비 위치·작동 상태 점검 | 고위험 방문객 (노약자·어린이·임산부) 적극 모니터링 | 기상 변화·밀도 실시간 확인 | 대기 인력 현장 근접 배치 | [폭염] 그늘·음용수 추가 배치, 열사병 집중 모니터링, 피크타임 야외 자제 권고",이상 징후(쓰러짐·발열·외상) 발견 즉시 위험 단계 상향,야영장 — 장기 체류자 탈수·열사병 위험
F01,오토캠핑장A,보통,우천,1,0.0824,주의,🟡,0.0606,0.7823,0.0304,0.1873,예방 모니터 1명 + 대기 요원 1명,"구급함, 무전기, 음용수, 그늘막","예방 순찰 30분 간격 강화 | 응급 대응 장비 위치·작동 상태 점검 | 고위험 방문객 (노약자·어린이·임산부) 적극 모니터링 | 기상 변화·밀도 실시간 확인 | 대기 인력 현장 근접 배치 | [우천] 미끄러짐 주의 안내, 낙뢰 위험 시설 대피, 우천 장비 점검",이상 징후(쓰러짐·발열·외상) 발견 즉시 위험 단계 상향,야영장 — 장기 체류자 탈수·열사병 위험
F01,오토캠핑장A,보통,한파,1,0.0407,관찰,🔵,0.0336,0.9663,0.0281,0.0055,순찰 요원 1명,"구급함, 무전기","일반 안전 순찰 60분 간격 유지 | 기상특보·예보 확인 | 방문객 밀도 추이 모니터링 | 비상 연락망 점검 | [한파] 저체온증 위험 모니터링, 실내 대피 공간 운영, 동상 응급처치 키트 배치",기상특보 발령 또는 밀도 > 0.6 시 주의 단계 상향,야영장 — 장기 체류자 탈수·열사병 위험
F01,오토캠핑장A,보통,강풍,1,0.0728,주의,🟡,0.0606,0.994,0.0059,0.0001,예방 모니터 1명 + 대기 요원 1명,"구급함, 무전기, 음용수, 그늘막","예방 순찰 30분 간격 강화 | 응급 대응 장비 위치·작동 상태 점검 | 고위험 방문객 (노약자·어린이·임산부) 적극 모니터링 | 기상 변화·밀도 실시간 확인 | 대기 인력 현장 근접 배치 | [강풍] 낙하물 위험 구역 통제, 야외 구조물·천막 긴급 점검",이상 징후(쓰러짐·발열·외상) 발견 즉시 위험 단계 상향,야영장 — 장기 체류자 탈수·열사병 위험
F01,오토캠핑장A,보통,야간,1,0.0788,주의,🟡,0.0606,0.6837,0.3057,0.0107,예방 모니터 1명 + 대기 요원 1명,"구급함, 무전기, 음용수, 그늘막","예방 순찰 30분 간격 강화 | 응급 대응 장비 위치·작동 상태 점검 | 고위험 방문객 (노약자·어린이·임산부) 적극 모니터링 | 기상 변화·밀도 실시간 확인 | 대기 인력 현장 근접 배치 | [야간] 조명 확보 및 시야 불량 구역 안전선 설치, 야간 순찰 강화",이상 징후(쓰러짐·발열·외상) 발견 즉시 위험 단계 상향,야영장 — 장기 체류자 탈수·열사병 위험
F01,오토캠핑장A,보통,피크타임,1,0.0766,주의,🟡,0.0606,0.8889,0.0493,0.0618,예방 모니터 1명 + 대기 요원 1명,"구급함, 무전기, 음용수, 그늘막",예방 순찰 30분 간격 강화 | 응급 대응 장비 위치·작동 상태 점검 | 고위험 방문객 (노약자·어린이·임산부) 적극 모니터링 | 기상 변화·밀도 실시간 확인 | 대기 인력 현장 근접 배치,이상 징후(쓰러짐·발열·외상) 발견 즉시 위험 단계 상향,야영장 — 장기 체류자 탈수·열사병 위험
F01,오토캠핑장A,보통,우천|폭염,2,0.1888,위험,🔴,0.1058,0.2642,0.0095,0.7263,대응팀장 1명 + 응급처치 요원 2명 이상,"AED, 들것, 응급의약품, 무전기, 안전펜스","응급 대응팀 즉시 현장 파견 | 응급 장비 준비 (AED, 들것, 응급의약품 키트) | 방문객 안전구역 유도 및 해당 시설 일시 폐쇄 검토 | 119 사전 연락 및 대기 지시 | 관리자·시설장 즉시 보고 | [폭염] 그늘·음용수 추가 배치, 열사병 집중 모니터링, 피크타임 야외 자제 권고 | [우천] 미끄러짐 주의 안내, 낙뢰 위험 시설 대피, 우천 장비 점검",P(중증) > 0.30 → 119 즉시 출동 요청 / 의식 불명 → 헬기 이송 검토,야영장 — 장기 체류자 탈수·열사병 위험
F01,오토캠핑장A,보통,폭염|한파,2,0.1312,주의,🟡,0.1058,0.9369,0.0217,0.0414,예방 모니터 1명 + 대기 요원 1명,"구급함, 무전기, 음용수, 그늘막","예방 순찰 30분 간격 강화 | 응급 대응 장비 위치·작동 상태 점검 | 고위험 방문객 (노약자·어린이·임산부) 적극 모니터링 | 기상 변화·밀도 실시간 확인 | 대기 인력 현장 근접 배치 | [폭염] 그늘·음용수 추가 배치, 열사병 집중 모니터링, 피크타임 야외 자제 권고 | [한파] 저체온증 위험 모니터링, 실내 대피 공간 운영, 동상 응급처치 키트 배치",이상 징후(쓰러짐·발열·외상) 발견 즉시 위험 단계 상향,야영장 — 장기 체류자 탈수·열사병 위험
F01,오토캠핑장A,보통,강풍|폭염,2,0.1312,주의,🟡,0.1058,0.9369,0.0217,0.0414,예방 모니터 1명 + 대기 요원 1명,"구급함, 무전기, 음용수, 그늘막","예방 순찰 30분 간격 강화 | 응급 대응 장비 위치·작동 상태 점검 | 고위험 방문객 (노약자·어린이·임산부) 적극 모니터링 | 기상 변화·밀도 실시간 확인 | 대기 인력 현장 근접 배치 | [폭염] 그늘·음용수 추가 배치, 열사병 집중 모니터링, 피크타임 야외 자제 권고 | [강풍] 낙하물 위험 구역 통제, 야외 구조물·천막 긴급 점검",이상 징후(쓰러짐·발열·외상) 발견 즉시 위험 단계 상향,야영장 — 장기 체류자 탈수·열사병 위험
F01,오토캠핑장A,보통,야간|폭염,2,0.1305,주의,🟡,0.1058,0.9509,0.0125,0.0366,예방 모니터 1명 + 대기 요원 1명,"구급함, 무전기, 음용수, 그늘막","예방 순찰 30분 간격 강화 | 응급 대응 장비 위치·작동 상태 점검 | 고위험 방문객 (노약자·어린이·임산부) 적극 모니터링 | 기상 변화·밀도 실시간 확인 | 대기 인력 현장 근접 배치 | [폭염] 그늘·음용수 추가 배치, 열사병 집중 모니터링, 피크타임 야외 자제 권고 | [야간] 조명 확보 및 시야 불량 구역 안전선 설치, 야간 순찰 강화",이상 징후(쓰러짐·발열·외상) 발견 즉시 위험 단계 상향,야영장 — 장기 체류자 탈수·열사병 위험
F01,오토캠핑장A,보통,폭염|피크타임,2,0.1454,주의,🟡,0.1058,0.7534,0.0474,0.1992,예방 모니터 1명 + 대기 요원 1명,"구급함, 무전기, 음용수, 그늘막","예방 순찰 30분 간격 강화 | 응급 대응 장비 위치·작동 상태 점검 | 고위험 방문객 (노약자·어린이·임산부) 적극 모니터링 | 기상 변화·밀도 실시간 확인 | 대기 인력 현장 근접 배치 | [폭염] 그늘·음용수 추가 배치, 열사병 집중 모니터링, 피크타임 야외 자제 권고",이상 징후(쓰러짐·발열·외상) 발견 즉시 위험 단계 상향,야영장 — 장기 체류자 탈수·열사병 위험
F01,오토캠핑장A,보통,우천|한파,2,0.0848,주의,🟡,0.0606,0.719,0.0501,0.2309,예방 모니터 1명 + 대기 요원 1명,"구급함, 무전기, 음용수, 그늘막","예방 순찰 30분 간격 강화 | 응급 대응 장비 위치·작동 상태 점검 | 고위험 방문객 (노약자·어린이·임산부) 적극 모니터링 | 기상 변화·밀도 실시간 확인 | 대기 인력 현장 근접 배치 | [우천] 미끄러짐 주의 안내, 낙뢰 위험 시설 대피, 우천 장비 점검 | [한파] 저체온증 위험 모니터링, 실내 대피 공간 운영, 동상 응급처치 키트 배치",이상 징후(쓰러짐·발열·외상) 발견 즉시 위험 단계 상향,야영장 — 장기 체류자 탈수·열사병 위험
F01,오토캠핑장A,보통,강풍|우천,2,0.0748,주의,🟡,0.0606,0.9404,0.0262,0.0334,예방 모니터 1명 + 대기 요원 1명,"구급함, 무전기, 음용수, 그늘막","예방 순찰 30분 간격 강화 | 응급 대응 장비 위치·작동 상태 점검 | 고위험 방문객 (노약자·어린이·임산부) 적극 모니터링 | 기상 변화·밀도 실시간 확인 | 대기 인력 현장 근접 배치 | [우천] 미끄러짐 주의 안내, 낙뢰 위험 시설 대피, 우천 장비 점검 | [강풍] 낙하물 위험 구역 통제, 야외 구조물·천막 긴급 점검",이상 징후(쓰러짐·발열·외상) 발견 즉시 위험 단계 상향,야영장 — 장기 체류자 탈수·열사병 위험
F01,오토캠핑장A,보통,야간|우천,2,0.0913,주의,🟡,0.0606,0.5927,0.0373,0.37,예방 모니터 1명 + 대기 요원 1명,"구급함, 무전기, 음용수, 그늘막","예방 순찰 30분 간격 강화 | 응급 대응 장비 위치·작동 상태 점검 | 고위험 방문객 (노약자·어린이·임산부) 적극 모니터링 | 기상 변화·밀도 실시간 확인 | 대기 인력 현장 근접 배치 | [우천] 미끄러짐 주의 안내, 낙뢰 위험 시설 대피, 우천 장비 점검 | [야간] 조명 확보 및 시야 불량 구역 안전선 설치, 야간 순찰 강화",이상 징후(쓰러짐·발열·외상) 발견 즉시 위험 단계 상향,야영장 — 장기 체류자 탈수·열사병 위험
F01,오토캠핑장A,보통,우천|피크타임,2,0.1096,주의,🟡,0.0606,0.2316,0.0112,0.7572,예방 모니터 1명 + 대기 요원 1명,"구급함, 무전기, 음용수, 그늘막","예방 순찰 30분 간격 강화 | 응급 대응 장비 위치·작동 상태 점검 | 고위험 방문객 (노약자·어린이·임산부) 적극 모니터링 | 기상 변화·밀도 실시간 확인 | 대기 인력 현장 근접 배치 | [우천] 미끄러짐 주의 안내, 낙뢰 위험 시설 대피, 우천 장비 점검",이상 징후(쓰러짐·발열·외상) 발견 즉시 위험 단계 상향,야영장 — 장기 체류자 탈수·열사병 위험
F01,오토캠핑장A,보통,강풍|한파,2,0.0407,관찰,🔵,0.0336,0.9663,0.0281,0.0055,순찰 요원 1명,"구급함, 무전기","일반 안전 순찰 60분 간격 유지 | 기상특보·예보 확인 | 방문객 밀도 추이 모니터링 | 비상 연락망 점검 | [한파] 저체온증 위험 모니터링, 실내 대피 공간 운영, 동상 응급처치 키트 배치 | [강풍] 낙하물 위험 구역 통제, 야외 구조물·천막 긴급 점검",기상특보 발령 또는 밀도 > 0.6 시 주의 단계 상향,야영장 — 장기 체류자 탈수·열사병 위험
F01,오토캠핑장A,보통,야간|한파,2,0.0411,관찰,🔵,0.0336,0.9342,0.0603,0.0055,순찰 요원 1명,"구급함, 무전기","일반 안전 순찰 60분 간격 유지 | 기상특보·예보 확인 | 방문객 밀도 추이 모니터링 | 비상 연락망 점검 | [한파] 저체온증 위험 모니터링, 실내 대피 공간 운영, 동상 응급처치 키트 배치 | [야간] 조명 확보 및 시야 불량 구역 안전선 설치, 야간 순찰 강화",기상특보 발령 또는 밀도 > 0.6 시 주의 단계 상향,야영장 — 장기 체류자 탈수·열사병 위험
F01,오토캠핑장A,보통,피크타임|한파,2,0.0417,관찰,🔵,0.0336,0.9148,0.051,0.0342,순찰 요원 1명,"구급함, 무전기","일반 안전 순찰 60분 간격 유지 | 기상특보·예보 확인 | 방문객 밀도 추이 모니터링 | 비상 연락망 점검 | [한파] 저체온증 위험 모니터링, 실내 대피 공간 운영, 동상 응급처치 키트 배치",기상특보 발령 또는 밀도 > 0.6 시 주의 단계 상향,야영장 — 장기 체류자 탈수·열사병 위험
F01,오토캠핑장A,보통,강풍|야간,2,0.0732,주의,🟡,0.0606,0.9717,0.0281,0.0002,예방 모니터 1명 + 대기 요원 1명,"구급함, 무전기, 음용수, 그늘막","예방 순찰 30분 간격 강화 | 응급 대응 장비 위치·작동 상태 점검 | 고위험 방문객 (노약자·어린이·임산부) 적극 모니터링 | 기상 변화·밀도 실시간 확인 | 대기 인력 현장 근접 배치 | [강풍] 낙하물 위험 구역 통제, 야외 구조물·천막 긴급 점검 | [야간] 조명 확보 및 시야 불량 구역 안전선 설치, 야간 순찰 강화",이상 징후(쓰러짐·발열·외상) 발견 즉시 위험 단계 상향,야영장 — 장기 체류자 탈수·열사병 위험
F01,오토캠핑장A,보통,강풍|피크타임,2,0.073,주의,🟡,0.0606,0.9876,0.0106,0.0018,예방 모니터 1명 + 대기 요원 1명,"구급함, 무전기, 음용수, 그늘막","예방 순찰 30분 간격 강화 | 응급 대응 장비 위치·작동 상태 점검 | 고위험 방문객 (노약자·어린이·임산부) 적극 모니터링 | 기상 변화·밀도 실시간 확인 | 대기 인력 현장 근접 배치 | [강풍] 낙하물 위험 구역 통제, 야외 구조물·천막 긴급 점검",이상 징후(쓰러짐·발열·외상) 발견 즉시 위험 단계 상향,야영장 — 장기 체류자 탈수·열사병 위험
F01,오토캠핑장A,보통,야간|피크타임,2,0.0788,주의,🟡,0.0606,0.6837,0.3057,0.0107,예방 모니터 1명 + 대기 요원 1명,"구급함, 무전기, 음용수, 그늘막","예방 순찰 30분 간격 강화 | 응급 대응 장비 위치·작동 상태 점검 | 고위험 방문객 (노약자·어린이·임산부) 적극 모니터링 | 기상 변화·밀도 실시간 확인 | 대기 인력 현장 근접 배치 | [야간] 조명 확보 및 시야 불량 구역 안전선 설치, 야간 순찰 강화",이상 징후(쓰러짐·발열·외상) 발견 즉시 위험 단계 상향,야영장 — 장기 체류자 탈수·열사병 위험
F01,오토캠핑장A,보통,우천|폭염|한파,3,0.1888,위험,🔴,0.1058,0.2642,0.0095,0.7263,대응팀장 1명 + 응급처치 요원 2명 이상,"AED, 들것, 응급의약품, 무전기, 안전펜스","응급 대응팀 즉시 현장 파견 | 응급 장비 준비 (AED, 들것, 응급의약품 키트) | 방문객 안전구역 유도 및 해당 시설 일시 폐쇄 검토 | 119 사전 연락 및 대기 지시 | 관리자·시설장 즉시 보고 | [폭염] 그늘·음용수 추가 배치, 열사병 집중 모니터링, 피크타임 야외 자제 권고 | [우천] 미끄러짐 주의 안내, 낙뢰 위험 시설 대피, 우천 장비 점검 | [한파] 저체온증 위험 모니터링, 실내 대피 공간 운영, 동상 응급처치 키트 배치",P(중증) > 0.30 → 119 즉시 출동 요청 / 의식 불명 → 헬기 이송 검토,야영장 — 장기 체류자 탈수·열사병 위험
F01,오토캠핑장A,보통,강풍|우천|폭염,3,0.1888,위험,🔴,0.1058,0.2642,0.0095,0.7263,대응팀장 1명 + 응급처치 요원 2명 이상,"AED, 들것, 응급의약품, 무전기, 안전펜스","응급 대응팀 즉시 현장 파견 | 응급 장비 준비 (AED, 들것, 응급의약품 키트) | 방문객 안전구역 유도 및 해당 시설 일시 폐쇄 검토 | 119 사전 연락 및 대기 지시 | 관리자·시설장 즉시 보고 | [폭염] 그늘·음용수 추가 배치, 열사병 집중 모니터링, 피크타임 야외 자제 권고 | [우천] 미끄러짐 주의 안내, 낙뢰 위험 시설 대피, 우천 장비 점검 | [강풍] 낙하물 위험 구역 통제, 야외 구조물·천막 긴급 점검",P(중증) > 0.30 → 119 즉시 출동 요청 / 의식 불명 → 헬기 이송 검토,야영장 — 장기 체류자 탈수·열사병 위험
F01,오토캠핑장A,보통,야간|우천|폭염,3,0.181,위험,🔴,0.1058,0.3592,0.0041,0.6367,대응팀장 1명 + 응급처치 요원 2명 이상,"AED, 들것, 응급의약품, 무전기, 안전펜스","응급 대응팀 즉시 현장 파견 | 응급 장비 준비 (AED, 들것, 응급의약품 키트) | 방문객 안전구역 유도 및 해당 시설 일시 폐쇄 검토 | 119 사전 연락 및 대기 지시 | 관리자·시설장 즉시 보고 | [폭염] 그늘·음용수 추가 배치, 열사병 집중 모니터링, 피크타임 야외 자제 권고 | [우천] 미끄러짐 주의 안내, 낙뢰 위험 시설 대피, 우천 장비 점검 | [야간] 조명 확보 및 시야 불량 구역 안전선 설치, 야간 순찰 강화",P(중증) > 0.30 → 119 즉시 출동 요청 / 의식 불명 → 헬기 이송 검토,야영장 — 장기 체류자 탈수·열사병 위험
F01,오토캠핑장A,보통,우천|폭염|피크타임,3,0.2051,위험,🔴,0.1058,0.0735,0.007,0.9196,대응팀장 1명 + 응급처치 요원 2명 이상,"AED, 들것, 응급의약품, 무전기, 안전펜스","응급 대응팀 즉시 현장 파견 | 응급 장비 준비 (AED, 들것, 응급의약품 키트) | 방문객 안전구역 유도 및 해당 시설 일시 폐쇄 검토 | 119 사전 연락 및 대기 지시 | 관리자·시설장 즉시 보고 | [폭염] 그늘·음용수 추가 배치, 열사병 집중 모니터링, 피크타임 야외 자제 권고 | [우천] 미끄러짐 주의 안내, 낙뢰 위험 시설 대피, 우천 장비 점검",P(중증) > 0.30 → 119 즉시 출동 요청 / 의식 불명 → 헬기 이송 검토,야영장 — 장기 체류자 탈수·열사병 위험
F01,오토캠핑장A,보통,강풍|폭염|한파,3,0.1312,주의,🟡,0.1058,0.9369,0.0217,0.0414,예방 모니터 1명 + 대기 요원 1명,"구급함, 무전기, 음용수, 그늘막","예방 순찰 30분 간격 강화 | 응급 대응 장비 위치·작동 상태 점검 | 고위험 방문객 (노약자·어린이·임산부) 적극 모니터링 | 기상 변화·밀도 실시간 확인 | 대기 인력 현장 근접 배치 | [폭염] 그늘·음용수 추가 배치, 열사병 집중 모니터링, 피크타임 야외 자제 권고 | [한파] 저체온증 위험 모니터링, 실내 대피 공간 운영, 동상 응급처치 키트 배치 | [강풍] 낙하물 위험 구역 통제, 야외 구조물·천막 긴급 점검",이상 징후(쓰러짐·발열·외상) 발견 즉시 위험 단계 상향,야영장 — 장기 체류자 탈수·열사병 위험
F01,오토캠핑장A,보통,야간|폭염|한파,3,0.1305,주의,🟡,0.1058,0.9509,0.0125,0.0366,예방 모니터 1명 + 대기 요원 1명,"구급함, 무전기, 음용수, 그늘막","예방 순찰 30분 간격 강화 | 응급 대응 장비 위치·작동 상태 점검 | 고위험 방문객 (노약자·어린이·임산부) 적극 모니터링 | 기상 변화·밀도 실시간 확인 | 대기 인력 현장 근접 배치 | [폭염] 그늘·음용수 추가 배치, 열사병 집중 모니터링, 피크타임 야외 자제 권고 | [한파] 저체온증 위험 모니터링, 실내 대피 공간 운영, 동상 응급처치 키트 배치 | [야간] 조명 확보 및 시야 불량 구역 안전선 설치, 야간 순찰 강화",이상 징후(쓰러짐·발열·외상) 발견 즉시 위험 단계 상향,야영장 — 장기 체류자 탈수·열사병 위험
F01,오토캠핑장A,보통,폭염|피크타임|한파,3,0.1454,주의,🟡,0.1058,0.7534,0.0474,0.1992,예방 모니터 1명 + 대기 요원 1명,"구급함, 무전기, 음용수, 그늘막","예방 순찰 30분 간격 강화 | 응급 대응 장비 위치·작동 상태 점검 | 고위험 방문객 (노약자·어린이·임산부) 적극 모니터링 | 기상 변화·밀도 실시간 확인 | 대기 인력 현장 근접 배치 | [폭염] 그늘·음용수 추가 배치, 열사병 집중 모니터링, 피크타임 야외 자제 권고 | [한파] 저체온증 위험 모니터링, 실내 대피 공간 운영, 동상 응급처치 키트 배치",이상 징후(쓰러짐·발열·외상) 발견 즉시 위험 단계 상향,야영장 — 장기 체류자 탈수·열사병 위험
F01,오토캠핑장A,보통,강풍|야간|폭염,3,0.1305,주의,🟡,0.1058,0.9509,0.0125,0.0366,예방 모니터 1명 + 대기 요원 1명,"구급함, 무전기, 음용수, 그늘막","예방 순찰 30분 간격 강화 | 응급 대응 장비 위치·작동 상태 점검 | 고위험 방문객 (노약자·어린이·임산부) 적극 모니터링 | 기상 변화·밀도 실시간 확인 | 대기 인력 현장 근접 배치 | [폭염] 그늘·음용수 추가 배치, 열사병 집중 모니터링, 피크타임 야외 자제 권고 | [강풍] 낙하물 위험 구역 통제, 야외 구조물·천막 긴급 점검 | [야간] 조명 확보 및 시야 불량 구역 안전선 설치, 야간 순찰 강화",이상 징후(쓰러짐·발열·외상) 발견 즉시 위험 단계 상향,야영장 — 장기 체류자 탈수·열사병 위험
F01,오토캠핑장A,보통,강풍|폭염|피크타임,3,0.1454,주의,🟡,0.1058,0.7534,0.0474,0.1992,예방 모니터 1명 + 대기 요원 1명,"구급함, 무전기, 음용수, 그늘막","예방 순찰 30분 간격 강화 | 응급 대응 장비 위치·작동 상태 점검 | 고위험 방문객 (노약자·어린이·임산부) 적극 모니터링 | 기상 변화·밀도 실시간 확인 | 대기 인력 현장 근접 배치 | [폭염] 그늘·음용수 추가 배치, 열사병 집중 모니터링, 피크타임 야외 자제 권고 | [강풍] 낙하물 위험 구역 통제, 야외 구조물·천막 긴급 점검",이상 징후(쓰러짐·발열·외상) 발견 즉시 위험 단계 상향,야영장 — 장기 체류자 탈수·열사병 위험
F01,오토캠핑장A,보통,야간|폭염|피크타임,3,0.1305,주의,🟡,0.1058,0.9509,0.0125,0.0366,예방 모니터 1명 + 대기 요원 1명,"구급함, 무전기, 음용수, 그늘막","예방 순찰 30분 간격 강화 | 응급 대응 장비 위치·작동 상태 점검 | 고위험 방문객 (노약자·어린이·임산부) 적극 모니터링 | 기상 변화·밀도 실시간 확인 | 대기 인력 현장 근접 배치 | [폭염] 그늘·음용수 추가 배치, 열사병 집중 모니터링, 피크타임 야외 자제 권고 | [야간] 조명 확보 및 시야 불량 구역 안전선 설치, 야간 순찰 강화",이상 징후(쓰러짐·발열·외상) 발견 즉시 위험 단계 상향,야영장 — 장기 체류자 탈수·열사병 위험
F01,오토캠핑장A,보통,강풍|우천|한파,3,0.0848,주의,🟡,0.0606,0.719,0.0501,0.2309,예방 모니터 1명 + 대기 요원 1명,"구급함, 무전기, 음용수, 그늘막","예방 순찰 30분 간격 강화 | 응급 대응 장비 위치·작동 상태 점검 | 고위험 방문객 (노약자·어린이·임산부) 적극 모니터링 | 기상 변화·밀도 실시간 확인 | 대기 인력 현장 근접 배치 | [우천] 미끄러짐 주의 안내, 낙뢰 위험 시설 대피, 우천 장비 점검 | [한파] 저체온증 위험 모니터링, 실내 대피 공간 운영, 동상 응급처치 키트 배치 | [강풍] 낙하물 위험 구역 통제, 야외 구조물·천막 긴급 점검",이상 징후(쓰러짐·발열·외상) 발견 즉시 위험 단계 상향,야영장 — 장기 체류자 탈수·열사병 위험
F01,오토캠핑장A,보통,야간|우천|한파,3,0.0853,주의,🟡,0.0606,0.7157,0.0413,0.2429,예방 모니터 1명 + 대기 요원 1명,"구급함, 무전기, 음용수, 그늘막","예방 순찰 30분 간격 강화 | 응급 대응 장비 위치·작동 상태 점검 | 고위험 방문객 (노약자·어린이·임산부) 적극 모니터링 | 기상 변화·밀도 실시간 확인 | 대기 인력 현장 근접 배치 | [우천] 미끄러짐 주의 안내, 낙뢰 위험 시설 대피, 우천 장비 점검 | [한파] 저체온증 위험 모니터링, 실내 대피 공간 운영, 동상 응급처치 키트 배치 | [야간] 조명 확보 및 시야 불량 구역 안전선 설치, 야간 순찰 강화",이상 징후(쓰러짐·발열·외상) 발견 즉시 위험 단계 상향,야영장 — 장기 체류자 탈수·열사병 위험
F01,오토캠핑장A,보통,우천|피크타임|한파,3,0.1036,주의,🟡,0.0606,0.3434,0.0304,0.6262,예방 모니터 1명 + 대기 요원 1명,"구급함, 무전기, 음용수, 그늘막","예방 순찰 30분 간격 강화 | 응급 대응 장비 위치·작동 상태 점검 | 고위험 방문객 (노약자·어린이·임산부) 적극 모니터링 | 기상 변화·밀도 실시간 확인 | 대기 인력 현장 근접 배치 | [우천] 미끄러짐 주의 안내, 낙뢰 위험 시설 대피, 우천 장비 점검 | [한파] 저체온증 위험 모니터링, 실내 대피 공간 운영, 동상 응급처치 키트 배치",이상 징후(쓰러짐·발열·외상) 발견 즉시 위험 단계 상향,야영장 — 장기 체류자 탈수·열사병 위험
F01,오토캠핑장A,보통,강풍|야간|우천,3,0.0755,주의,🟡,0.0606,0.9153,0.0441,0.0406,예방 모니터 1명 + 대기 요원 1명,"구급함, 무전기, 음용수, 그늘막","예방 순찰 30분 간격 강화 | 응급 대응 장비 위치·작동 상태 점검 | 고위험 방문객 (노약자·어린이·임산부) 적극 모니터링 | 기상 변화·밀도 실시간 확인 | 대기 인력 현장 근접 배치 | [우천] 미끄러짐 주의 안내, 낙뢰 위험 시설 대피, 우천 장비 점검 | [강풍] 낙하물 위험 구역 통제, 야외 구조물·천막 긴급 점검 | [야간] 조명 확보 및 시야 불량 구역 안전선 설치, 야간 순찰 강화",이상 징후(쓰러짐·발열·외상) 발견 즉시 위험 단계 상향,야영장 — 장기 체류자 탈수·열사병 위험
F01,오토캠핑장A,보통,강풍|우천|피크타임,3,0.0873,주의,🟡,0.0606,0.6808,0.0287,0.2905,예방 모니터 1명 + 대기 요원 1명,"구급함, 무전기, 음용수, 그늘막","예방 순찰 30분 간격 강화 | 응급 대응 장비 위치·작동 상태 점검 | 고위험 방문객 (노약자·어린이·임산부) 적극 모니터링 | 기상 변화·밀도 실시간 확인 | 대기 인력 현장 근접 배치 | [우천] 미끄러짐 주의 안내, 낙뢰 위험 시설 대피, 우천 장비 점검 | [강풍] 낙하물 위험 구역 통제, 야외 구조물·천막 긴급 점검",이상 징후(쓰러짐·발열·외상) 발견 즉시 위험 단계 상향,야영장 — 장기 체류자 탈수·열사병 위험
F01,오토캠핑장A,보통,야간|우천|피크타임,3,0.0913,주의,🟡,0.0606,0.5927,0.0373,0.37,예방 모니터 1명 + 대기 요원 1명,"구급함, 무전기, 음용수, 그늘막","예방 순찰 30분 간격 강화 | 응급 대응 장비 위치·작동 상태 점검 | 고위험 방문객 (노약자·어린이·임산부) 적극 모니터링 | 기상 변화·밀도 실시간 확인 | 대기 인력 현장 근접 배치 | [우천] 미끄러짐 주의 안내, 낙뢰 위험 시설 대피, 우천 장비 점검 | [야간] 조명 확보 및 시야 불량 구역 안전선 설치, 야간 순찰 강화",이상 징후(쓰러짐·발열·외상) 발견 즉시 위험 단계 상향,야영장 — 장기 체류자 탈수·열사병 위험
F01,오토캠핑장A,보통,강풍|야간|한파,3,0.0411,관찰,🔵,0.0336,0.9342,0.0603,0.0055,순찰 요원 1명,"구급함, 무전기","일반 안전 순찰 60분 간격 유지 | 기상특보·예보 확인 | 방문객 밀도 추이 모니터링 | 비상 연락망 점검 | [한파] 저체온증 위험 모니터링, 실내 대피 공간 운영, 동상 응급처치 키트 배치 | [강풍] 낙하물 위험 구역 통제, 야외 구조물·천막 긴급 점검 | [야간] 조명 확보 및 시야 불량 구역 안전선 설치, 야간 순찰 강화",기상특보 발령 또는 밀도 > 0.6 시 주의 단계 상향,야영장 — 장기 체류자 탈수·열사병 위험
F01,오토캠핑장A,보통,강풍|피크타임|한파,3,0.0417,관찰,🔵,0.0336,0.9148,0.051,0.0342,순찰 요원 1명,"구급함, 무전기","일반 안전 순찰 60분 간격 유지 | 기상특보·예보 확인 | 방문객 밀도 추이 모니터링 | 비상 연락망 점검 | [한파] 저체온증 위험 모니터링, 실내 대피 공간 운영, 동상 응급처치 키트 배치 | [강풍] 낙하물 위험 구역 통제, 야외 구조물·천막 긴급 점검",기상특보 발령 또는 밀도 > 0.6 시 주의 단계 상향,야영장 — 장기 체류자 탈수·열사병 위험
F01,오토캠핑장A,보통,야간|피크타임|한파,3,0.0411,관찰,🔵,0.0336,0.9342,0.0603,0.0055,순찰 요원 1명,"구급함, 무전기","일반 안전 순찰 60분 간격 유지 | 기상특보·예보 확인 | 방문객 밀도 추이 모니터링 | 비상 연락망 점검 | [한파] 저체온증 위험 모니터링, 실내 대피 공간 운영, 동상 응급처치 키트 배치 | [야간] 조명 확보 및 시야 불량 구역 안전선 설치, 야간 순찰 강화",기상특보 발령 또는 밀도 > 0.6 시 주의 단계 상향,야영장 — 장기 체류자 탈수·열사병 위험
F01,오토캠핑장A,보통,강풍|야간|피크타임,3,0.0732,주의,🟡,0.0606,0.9717,0.0281,0.0002,예방 모니터 1명 + 대기 요원 1명,"구급함, 무전기, 음용수, 그늘막","예방 순찰 30분 간격 강화 | 응급 대응 장비 위치·작동 상태 점검 | 고위험 방문객 (노약자·어린이·임산부) 적극 모니터링 | 기상 변화·밀도 실시간 확인 | 대기 인력 현장 근접 배치 | [강풍] 낙하물 위험 구역 통제, 야외 구조물·천막 긴급 점검 | [야간] 조명 확보 및 시야 불량 구역 안전선 설치, 야간 순찰 강화",이상 징후(쓰러짐·발열·외상) 발견 즉시 위험 단계 상향,야영장 — 장기 체류자 탈수·열사병 위험
F01,오토캠핑장A,보통,강풍|우천|폭염|한파,4,0.1888,위험,🔴,0.1058,0.2642,0.0095,0.7263,대응팀장 1명 + 응급처치 요원 2명 이상,"AED, 들것, 응급의약품, 무전기, 안전펜스","응급 대응팀 즉시 현장 파견 | 응급 장비 준비 (AED, 들것, 응급의약품 키트) | 방문객 안전구역 유도 및 해당 시설 일시 폐쇄 검토 | 119 사전 연락 및 대기 지시 | 관리자·시설장 즉시 보고 | [폭염] 그늘·음용수 추가 배치, 열사병 집중 모니터링, 피크타임 야외 자제 권고 | [우천] 미끄러짐 주의 안내, 낙뢰 위험 시설 대피, 우천 장비 점검 | [한파] 저체온증 위험 모니터링, 실내 대피 공간 운영, 동상 응급처치 키트 배치 | [강풍] 낙하물 위험 구역 통제, 야외 구조물·천막 긴급 점검",P(중증) > 0.30 → 119 즉시 출동 요청 / 의식 불명 → 헬기 이송 검토,야영장 — 장기 체류자 탈수·열사병 위험
F01,오토캠핑장A,보통,야간|우천|폭염|한파,4,0.181,위험,🔴,0.1058,0.3592,0.0041,0.6367,대응팀장 1명 + 응급처치 요원 2명 이상,"AED, 들것, 응급의약품, 무전기, 안전펜스","응급 대응팀 즉시 현장 파견 | 응급 장비 준비 (AED, 들것, 응급의약품 키트) | 방문객 안전구역 유도 및 해당 시설 일시 폐쇄 검토 | 119 사전 연락 및 대기 지시 | 관리자·시설장 즉시 보고 | [폭염] 그늘·음용수 추가 배치, 열사병 집중 모니터링, 피크타임 야외 자제 권고 | [우천] 미끄러짐 주의 안내, 낙뢰 위험 시설 대피, 우천 장비 점검 | [한파] 저체온증 위험 모니터링, 실내 대피 공간 운영, 동상 응급처치 키트 배치 | [야간] 조명 확보 및 시야 불량 구역 안전선 설치, 야간 순찰 강화",P(중증) > 0.30 → 119 즉시 출동 요청 / 의식 불명 → 헬기 이송 검토,야영장 — 장기 체류자 탈수·열사병 위험
F01,오토캠핑장A,보통,우천|폭염|피크타임|한파,4,0.2051,위험,🔴,0.1058,0.0735,0.007,0.9196,대응팀장 1명 + 응급처치 요원 2명 이상,"AED, 들것, 응급의약품, 무전기, 안전펜스","응급 대응팀 즉시 현장 파견 | 응급 장비 준비 (AED, 들것, 응급의약품 키트) | 방문객 안전구역 유도 및 해당 시설 일시 폐쇄 검토 | 119 사전 연락 및 대기 지시 | 관리자·시설장 즉시 보고 | [폭염] 그늘·음용수 추가 배치, 열사병 집중 모니터링, 피크타임 야외 자제 권고 | [우천] 미끄러짐 주의 안내, 낙뢰 위험 시설 대피, 우천 장비 점검 | [한파] 저체온증 위험 모니터링, 실내 대피 공간 운영, 동상 응급처치 키트 배치",P(중증) > 0.30 → 119 즉시 출동 요청 / 의식 불명 → 헬기 이송 검토,야영장 — 장기 체류자 탈수·열사병 위험
F01,오토캠핑장A,보통,강풍|야간|우천|폭염,4,0.181,위험,🔴,0.1058,0.3592,0.0041,0.6367,대응팀장 1명 + 응급처치 요원 2명 이상,"AED, 들것, 응급의약품, 무전기, 안전펜스","응급 대응팀 즉시 현장 파견 | 응급 장비 준비 (AED, 들것, 응급의약품 키트) | 방문객 안전구역 유도 및 해당 시설 일시 폐쇄 검토 | 119 사전 연락 및 대기 지시 | 관리자·시설장 즉시 보고 | [폭염] 그늘·음용수 추가 배치, 열사병 집중 모니터링, 피크타임 야외 자제 권고 | [우천] 미끄러짐 주의 안내, 낙뢰 위험 시설 대피, 우천 장비 점검 | [강풍] 낙하물 위험 구역 통제, 야외 구조물·천막 긴급 점검 | [야간] 조명 확보 및 시야 불량 구역 안전선 설치, 야간 순찰 강화",P(중증) > 0.30 → 119 즉시 출동 요청 / 의식 불명 → 헬기 이송 검토,야영장 — 장기 체류자 탈수·열사병 위험
F01,오토캠핑장A,보통,강풍|우천|폭염|피크타임,4,0.2051,위험,🔴,0.1058,0.0735,0.007,0.9196,대응팀장 1명 + 응급처치 요원 2명 이상,"AED, 들것, 응급의약품, 무전기, 안전펜스","응급 대응팀 즉시 현장 파견 | 응급 장비 준비 (AED, 들것, 응급의약품 키트) | 방문객 안전구역 유도 및 해당 시설 일시 폐쇄 검토 | 119 사전 연락 및 대기 지시 | 관리자·시설장 즉시 보고 | [폭염] 그늘·음용수 추가 배치, 열사병 집중 모니터링, 피크타임 야외 자제 권고 | [우천] 미끄러짐 주의 안내, 낙뢰 위험 시설 대피, 우천 장비 점검 | [강풍] 낙하물 위험 구역 통제, 야외 구조물·천막 긴급 점검",P(중증) > 0.30 → 119 즉시 출동 요청 / 의식 불명 → 헬기 이송 검토,야영장 — 장기 체류자 탈수·열사병 위험
F01,오토캠핑장A,보통,야간|우천|폭염|피크타임,4,0.181,위험,🔴,0.1058,0.3592,0.0041,0.6367,대응팀장 1명 + 응급처치 요원 2명 이상,"AED, 들것, 응급의약품, 무전기, 안전펜스","응급 대응팀 즉시 현장 파견 | 응급 장비 준비 (AED, 들것, 응급의약품 키트) | 방문객 안전구역 유도 및 해당 시설 일시 폐쇄 검토 | 119 사전 연락 및 대기 지시 | 관리자·시설장 즉시 보고 | [폭염] 그늘·음용수 추가 배치, 열사병 집중 모니터링, 피크타임 야외 자제 권고 | [우천] 미끄러짐 주의 안내, 낙뢰 위험 시설 대피, 우천 장비 점검 | [야간] 조명 확보 및 시야 불량 구역 안전선 설치, 야간 순찰 강화",P(중증) > 0.30 → 119 즉시 출동 요청 / 의식 불명 → 헬기 이송 검토,야영장 — 장기 체류자 탈수·열사병 위험
F01,오토캠핑장A,보통,강풍|야간|폭염|한파,4,0.1305,주의,🟡,0.1058,0.9509,0.0125,0.0366,예방 모니터 1명 + 대기 요원 1명,"구급함, 무전기, 음용수, 그늘막","예방 순찰 30분 간격 강화 | 응급 대응 장비 위치·작동 상태 점검 | 고위험 방문객 (노약자·어린이·임산부) 적극 모니터링 | 기상 변화·밀도 실시간 확인 | 대기 인력 현장 근접 배치 | [폭염] 그늘·음용수 추가 배치, 열사병 집중 모니터링, 피크타임 야외 자제 권고 | [한파] 저체온증 위험 모니터링, 실내 대피 공간 운영, 동상 응급처치 키트 배치 | [강풍] 낙하물 위험 구역 통제, 야외 구조물·천막 긴급 점검 | [야간] 조명 확보 및 시야 불량 구역 안전선 설치, 야간 순찰 강화",이상 징후(쓰러짐·발열·외상) 발견 즉시 위험 단계 상향,야영장 — 장기 체류자 탈수·열사병 위험
F01,오토캠핑장A,보통,강풍|폭염|피크타임|한파,4,0.1454,주의,🟡,0.1058,0.7534,0.0474,0.1992,예방 모니터 1명 + 대기 요원 1명,"구급함, 무전기, 음용수, 그늘막","예방 순찰 30분 간격 강화 | 응급 대응 장비 위치·작동 상태 점검 | 고위험 방문객 (노약자·어린이·임산부) 적극 모니터링 | 기상 변화·밀도 실시간 확인 | 대기 인력 현장 근접 배치 | [폭염] 그늘·음용수 추가 배치, 열사병 집중 모니터링, 피크타임 야외 자제 권고 | [한파] 저체온증 위험 모니터링, 실내 대피 공간 운영, 동상 응급처치 키트 배치 | [강풍] 낙하물 위험 구역 통제, 야외 구조물·천막 긴급 점검",이상 징후(쓰러짐·발열·외상) 발견 즉시 위험 단계 상향,야영장 — 장기 체류자 탈수·열사병 위험
F01,오토캠핑장A,보통,야간|폭염|피크타임|한파,4,0.1305,주의,🟡,0.1058,0.9509,0.0125,0.0366,예방 모니터 1명 + 대기 요원 1명,"구급함, 무전기, 음용수, 그늘막","예방 순찰 30분 간격 강화 | 응급 대응 장비 위치·작동 상태 점검 | 고위험 방문객 (노약자·어린이·임산부) 적극 모니터링 | 기상 변화·밀도 실시간 확인 | 대기 인력 현장 근접 배치 | [폭염] 그늘·음용수 추가 배치, 열사병 집중 모니터링, 피크타임 야외 자제 권고 | [한파] 저체온증 위험 모니터링, 실내 대피 공간 운영, 동상 응급처치 키트 배치 | [야간] 조명 확보 및 시야 불량 구역 안전선 설치, 야간 순찰 강화",이상 징후(쓰러짐·발열·외상) 발견 즉시 위험 단계 상향,야영장 — 장기 체류자 탈수·열사병 위험
F01,오토캠핑장A,보통,강풍|야간|폭염|피크타임,4,0.1305,주의,🟡,0.1058,0.9509,0.0125,0.0366,예방 모니터 1명 + 대기 요원 1명,"구급함, 무전기, 음용수, 그늘막","예방 순찰 30분 간격 강화 | 응급 대응 장비 위치·작동 상태 점검 | 고위험 방문객 (노약자·어린이·임산부) 적극 모니터링 | 기상 변화·밀도 실시간 확인 | 대기 인력 현장 근접 배치 | [폭염] 그늘·음용수 추가 배치, 열사병 집중 모니터링, 피크타임 야외 자제 권고 | [강풍] 낙하물 위험 구역 통제, 야외 구조물·천막 긴급 점검 | [야간] 조명 확보 및 시야 불량 구역 안전선 설치, 야간 순찰 강화",이상 징후(쓰러짐·발열·외상) 발견 즉시 위험 단계 상향,야영장 — 장기 체류자 탈수·열사병 위험
F01,오토캠핑장A,보통,강풍|야간|우천|한파,4,0.0853,주의,🟡,0.0606,0.7157,0.0413,0.2429,예방 모니터 1명 + 대기 요원 1명,"구급함, 무전기, 음용수, 그늘막","예방 순찰 30분 간격 강화 | 응급 대응 장비 위치·작동 상태 점검 | 고위험 방문객 (노약자·어린이·임산부) 적극 모니터링 | 기상 변화·밀도 실시간 확인 | 대기 인력 현장 근접 배치 | [우천] 미끄러짐 주의 안내, 낙뢰 위험 시설 대피, 우천 장비 점검 | [한파] 저체온증 위험 모니터링, 실내 대피 공간 운영, 동상 응급처치 키트 배치 | [강풍] 낙하물 위험 구역 통제, 야외 구조물·천막 긴급 점검 | [야간] 조명 확보 및 시야 불량 구역 안전선 설치, 야간 순찰 강화",이상 징후(쓰러짐·발열·외상) 발견 즉시 위험 단계 상향,야영장 — 장기 체류자 탈수·열사병 위험
F01,오토캠핑장A,보통,강풍|우천|피크타임|한파,4,0.1036,주의,🟡,0.0606,0.3434,0.0304,0.6262,예방 모니터 1명 + 대기 요원 1명,"구급함, 무전기, 음용수, 그늘막","예방 순찰 30분 간격 강화 | 응급 대응 장비 위치·작동 상태 점검 | 고위험 방문객 (노약자·어린이·임산부) 적극 모니터링 | 기상 변화·밀도 실시간 확인 | 대기 인력 현장 근접 배치 | [우천] 미끄러짐 주의 안내, 낙뢰 위험 시설 대피, 우천 장비 점검 | [한파] 저체온증 위험 모니터링, 실내 대피 공간 운영, 동상 응급처치 키트 배치 | [강풍] 낙하물 위험 구역 통제, 야외 구조물·천막 긴급 점검",이상 징후(쓰러짐·발열·외상) 발견 즉시 위험 단계 상향,야영장 — 장기 체류자 탈수·열사병 위험
F01,오토캠핑장A,보통,야간|우천|피크타임|한파,4,0.0853,주의,🟡,0.0606,0.7157,0.0413,0.2429,예방 모니터 1명 + 대기 요원 1명,"구급함, 무전기, 음용수, 그늘막","예방 순찰 30분 간격 강화 | 응급 대응 장비 위치·작동 상태 점검 | 고위험 방문객 (노약자·어린이·임산부) 적극 모니터링 | 기상 변화·밀도 실시간 확인 | 대기 인력 현장 근접 배치 | [우천] 미끄러짐 주의 안내, 낙뢰 위험 시설 대피, 우천 장비 점검 | [한파] 저체온증 위험 모니터링, 실내 대피 공간 운영, 동상 응급처치 키트 배치 | [야간] 조명 확보 및 시야 불량 구역 안전선 설치, 야간 순찰 강화",이상 징후(쓰러짐·발열·외상) 발견 즉시 위험 단계 상향,야영장 — 장기 체류자 탈수·열사병 위험
F01,오토캠핑장A,보통,강풍|야간|우천|피크타임,4,0.0755,주의,🟡,0.0606,0.9153,0.0441,0.0406,예방 모니터 1명 + 대기 요원 1명,"구급함, 무전기, 음용수, 그늘막","예방 순찰 30분 간격 강화 | 응급 대응 장비 위치·작동 상태 점검 | 고위험 방문객 (노약자·어린이·임산부) 적극 모니터링 | 기상 변화·밀도 실시간 확인 | 대기 인력 현장 근접 배치 | [우천] 미끄러짐 주의 안내, 낙뢰 위험 시설 대피, 우천 장비 점검 | [강풍] 낙하물 위험 구역 통제, 야외 구조물·천막 긴급 점검 | [야간] 조명 확보 및 시야 불량 구역 안전선 설치, 야간 순찰 강화",이상 징후(쓰러짐·발열·외상) 발견 즉시 위험 단계 상향,야영장 — 장기 체류자 탈수·열사병 위험
F01,오토캠핑장A,보통,강풍|야간|피크타임|한파,4,0.0411,관찰,🔵,0.0336,0.9342,0.0603,0.0055,순찰 요원 1명,"구급함, 무전기","일반 안전 순찰 60분 간격 유지 | 기상특보·예보 확인 | 방문객 밀도 추이 모니터링 | 비상 연락망 점검 | [한파] 저체온증 위험 모니터링, 실내 대피 공간 운영, 동상 응급처치 키트 배치 | [강풍] 낙하물 위험 구역 통제, 야외 구조물·천막 긴급 점검 | [야간] 조명 확보 및 시야 불량 구역 안전선 설치, 야간 순찰 강화",기상특보 발령 또는 밀도 > 0.6 시 주의 단계 상향,야영장 — 장기 체류자 탈수·열사병 위험
F01,오토캠핑장A,보통,강풍|야간|우천|폭염|한파,5,0.181,위험,🔴,0.1058,0.3592,0.0041,0.6367,대응팀장 1명 + 응급처치 요원 2명 이상,"AED, 들것, 응급의약품, 무전기, 안전펜스","응급 대응팀 즉시 현장 파견 | 응급 장비 준비 (AED, 들것, 응급의약품 키트) | 방문객 안전구역 유도 및 해당 시설 일시 폐쇄 검토 | 119 사전 연락 및 대기 지시 | 관리자·시설장 즉시 보고 | [폭염] 그늘·음용수 추가 배치, 열사병 집중 모니터링, 피크타임 야외 자제 권고 | [우천] 미끄러짐 주의 안내, 낙뢰 위험 시설 대피, 우천 장비 점검 | [한파] 저체온증 위험 모니터링, 실내 대피 공간 운영, 동상 응급처치 키트 배치 | [강풍] 낙하물 위험 구역 통제, 야외 구조물·천막 긴급 점검 | [야간] 조명 확보 및 시야 불량 구역 안전선 설치, 야간 순찰 강화",P(중증) > 0.30 → 119 즉시 출동 요청 / 의식 불명 → 헬기 이송 검토,야영장 — 장기 체류자 탈수·열사병 위험
F01,오토캠핑장A,보통,강풍|우천|폭염|피크타임|한파,5,0.2051,위험,🔴,0.1058,0.0735,0.007,0.9196,대응팀장 1명 + 응급처치 요원 2명 이상,"AED, 들것, 응급의약품, 무전기, 안전펜스","응급 대응팀 즉시 현장 파견 | 응급 장비 준비 (AED, 들것, 응급의약품 키트) | 방문객 안전구역 유도 및 해당 시설 일시 폐쇄 검토 | 119 사전 연락 및 대기 지시 | 관리자·시설장 즉시 보고 | [폭염] 그늘·음용수 추가 배치, 열사병 집중 모니터링, 피크타임 야외 자제 권고 | [우천] 미끄러짐 주의 안내, 낙뢰 위험 시설 대피, 우천 장비 점검 | [한파] 저체온증 위험 모니터링, 실내 대피 공간 운영, 동상 응급처치 키트 배치 | [강풍] 낙하물 위험 구역 통제, 야외 구조물·천막 긴급 점검",P(중증) > 0.30 → 119 즉시 출동 요청 / 의식 불명 → 헬기 이송 검토,야영장 — 장기 체류자 탈수·열사병 위험
F01,오토캠핑장A,보통,야간|우천|폭염|피크타임|한파,5,0.181,위험,🔴,0.1058,0.3592,0.0041,0.6367,대응팀장 1명 + 응급처치 요원 2명 이상,"AED, 들것, 응급의약품, 무전기, 안전펜스","응급 대응팀 즉시 현장 파견 | 응급 장비 준비 (AED, 들것, 응급의약품 키트) | 방문객 안전구역 유도 및 해당 시설 일시 폐쇄 검토 | 119 사전 연락 및 대기 지시 | 관리자·시설장 즉시 보고 | [폭염] 그늘·음용수 추가 배치, 열사병 집중 모니터링, 피크타임 야외 자제 권고 | [우천] 미끄러짐 주의 안내, 낙뢰 위험 시설 대피, 우천 장비 점검 | [한파] 저체온증 위험 모니터링, 실내 대피 공간 운영, 동상 응급처치 키트 배치 | [야간] 조명 확보 및 시야 불량 구역 안전선 설치, 야간 순찰 강화",P(중증) > 0.30 → 119 즉시 출동 요청 / 의식 불명 → 헬기 이송 검토,야영장 — 장기 체류자 탈수·열사병 위험
F01,오토캠핑장A,보통,강풍|야간|우천|폭염|피크타임,5,0.181,위험,🔴,0.1058,0.3592,0.0041,0.6367,대응팀장 1명 + 응급처치 요원 2명 이상,"AED, 들것, 응급의약품, 무전기, 안전펜스","응급 대응팀 즉시 현장 파견 | 응급 장비 준비 (AED, 들것, 응급의약품 키트) | 방문객 안전구역 유도 및 해당 시설 일시 폐쇄 검토 | 119 사전 연락 및 대기 지시 | 관리자·시설장 즉시 보고 | [폭염] 그늘·음용수 추가 배치, 열사병 집중 모니터링, 피크타임 야외 자제 권고 | [우천] 미끄러짐 주의 안내, 낙뢰 위험 시설 대피, 우천 장비 점검 | [강풍] 낙하물 위험 구역 통제, 야외 구조물·천막 긴급 점검 | [야간] 조명 확보 및 시야 불량 구역 안전선 설치, 야간 순찰 강화",P(중증) > 0.30 → 119 즉시 출동 요청 / 의식 불명 → 헬기 이송 검토,야영장 — 장기 체류자 탈수·열사병 위험
F01,오토캠핑장A,보통,강풍|야간|폭염|피크타임|한파,5,0.1305,주의,🟡,0.1058,0.9509,0.0125,0.0366,예방 모니터 1명 + 대기 요원 1명,"구급함, 무전기, 음용수, 그늘막","예방 순찰 30분 간격 강화 | 응급 대응 장비 위치·작동 상태 점검 | 고위험 방문객 (노약자·어린이·임산부) 적극 모니터링 | 기상 변화·밀도 실시간 확인 | 대기 인력 현장 근접 배치 | [폭염] 그늘·음용수 추가 배치, 열사병 집중 모니터링, 피크타임 야외 자제 권고 | [한파] 저체온증 위험 모니터링, 실내 대피 공간 운영, 동상 응급처치 키트 배치 | [강풍] 낙하물 위험 구역 통제, 야외 구조물·천막 긴급 점검 | [야간] 조명 확보 및 시야 불량 구역 안전선 설치, 야간 순찰 강화",이상 징후(쓰러짐·발열·외상) 발견 즉시 위험 단계 상향,야영장 — 장기 체류자 탈수·열사병 위험
F01,오토캠핑장A,보통,강풍|야간|우천|피크타임|한파,5,0.0853,주의,🟡,0.0606,0.7157,0.0413,0.2429,예방 모니터 1명 + 대기 요원 1명,"구급함, 무전기, 음용수, 그늘막","예방 순찰 30분 간격 강화 | 응급 대응 장비 위치·작동 상태 점검 | 고위험 방문객 (노약자·어린이·임산부) 적극 모니터링 | 기상 변화·밀도 실시간 확인 | 대기 인력 현장 근접 배치 | [우천] 미끄러짐 주의 안내, 낙뢰 위험 시설 대피, 우천 장비 점검 | [한파] 저체온증 위험 모니터링, 실내 대피 공간 운영, 동상 응급처치 키트 배치 | [강풍] 낙하물 위험 구역 통제, 야외 구조물·천막 긴급 점검 | [야간] 조명 확보 및 시야 불량 구역 안전선 설치, 야간 순찰 강화",이상 징후(쓰러짐·발열·외상) 발견 즉시 위험 단계 상향,야영장 — 장기 체류자 탈수·열사병 위험
F01,오토캠핑장A,보통,강풍|야간|우천|폭염|피크타임|한파,6,0.181,위험,🔴,0.1058,0.3592,0.0041,0.6367,대응팀장 1명 + 응급처치 요원 2명 이상,"AED, 들것, 응급의약품, 무전기, 안전펜스","응급 대응팀 즉시 현장 파견 | 응급 장비 준비 (AED, 들것, 응급의약품 키트) | 방문객 안전구역 유도 및 해당 시설 일시 폐쇄 검토 | 119 사전 연락 및 대기 지시 | 관리자·시설장 즉시 보고 | [폭염] 그늘·음용수 추가 배치, 열사병 집중 모니터링, 피크타임 야외 자제 권고 | [우천] 미끄러짐 주의 안내, 낙뢰 위험 시설 대피, 우천 장비 점검 | [한파] 저체온증 위험 모니터링, 실내 대피 공간 운영, 동상 응급처치 키트 배치 | [강풍] 낙하물 위험 구역 통제, 야외 구조물·천막 긴급 점검 | [야간] 조명 확보 및 시야 불량 구역 안전선 설치, 야간 순찰 강화",P(중증) > 0.30 → 119 즉시 출동 요청 / 의식 불명 → 헬기 이송 검토,야영장 — 장기 체류자 탈수·열사병 위험
F01,오토캠핑장A,혼잡,없음,0,0.1177,주의,🟡,0.0969,0.9617,0.0301,0.0082,예방 모니터 1명 + 대기 요원 1명,"구급함, 무전기, 음용수, 그늘막",예방 순찰 30분 간격 강화 | 응급 대응 장비 위치·작동 상태 점검 | 고위험 방문객 (노약자·어린이·임산부) 적극 모니터링 | 기상 변화·밀도 실시간 확인 | 대기 인력 현장 근접 배치,이상 징후(쓰러짐·발열·외상) 발견 즉시 위험 단계 상향,야영장 — 장기 체류자 탈수·열사병 위험
F01,오토캠핑장A,혼잡,폭염,1,0.1319,주의,🟡,0.1058,0.9247,0.0278,0.0475,예방 모니터 1명 + 대기 요원 1명,"구급함, 무전기, 음용수, 그늘막","예방 순찰 30분 간격 강화 | 응급 대응 장비 위치·작동 상태 점검 | 고위험 방문객 (노약자·어린이·임산부) 적극 모니터링 | 기상 변화·밀도 실시간 확인 | 대기 인력 현장 근접 배치 | [폭염] 그늘·음용수 추가 배치, 열사병 집중 모니터링, 피크타임 야외 자제 권고",이상 징후(쓰러짐·발열·외상) 발견 즉시 위험 단계 상향,야영장 — 장기 체류자 탈수·열사병 위험
F01,오토캠핑장A,혼잡,우천,1,0.1235,주의,🟡,0.0969,0.8872,0.0302,0.0826,예방 모니터 1명 + 대기 요원 1명,"구급함, 무전기, 음용수, 그늘막","예방 순찰 30분 간격 강화 | 응급 대응 장비 위치·작동 상태 점검 | 고위험 방문객 (노약자·어린이·임산부) 적극 모니터링 | 기상 변화·밀도 실시간 확인 | 대기 인력 현장 근접 배치 | [우천] 미끄러짐 주의 안내, 낙뢰 위험 시설 대피, 우천 장비 점검",이상 징후(쓰러짐·발열·외상) 발견 즉시 위험 단계 상향,야영장 — 장기 체류자 탈수·열사병 위험
F01,오토캠핑장A,혼잡,한파,1,0.1181,주의,🟡,0.0969,0.9463,0.0465,0.0072,예방 모니터 1명 + 대기 요원 1명,"구급함, 무전기, 음용수, 그늘막","예방 순찰 30분 간격 강화 | 응급 대응 장비 위치·작동 상태 점검 | 고위험 방문객 (노약자·어린이·임산부) 적극 모니터링 | 기상 변화·밀도 실시간 확인 | 대기 인력 현장 근접 배치 | [한파] 저체온증 위험 모니터링, 실내 대피 공간 운영, 동상 응급처치 키트 배치",이상 징후(쓰러짐·발열·외상) 발견 즉시 위험 단계 상향,야영장 — 장기 체류자 탈수·열사병 위험
F01,오토캠핑장A,혼잡,강풍,1,0.1167,주의,🟡,0.0969,0.9849,0.0142,0.0009,예방 모니터 1명 + 대기 요원 1명,"구급함, 무전기, 음용수, 그늘막","예방 순찰 30분 간격 강화 | 응급 대응 장비 위치·작동 상태 점검 | 고위험 방문객 (노약자·어린이·임산부) 적극 모니터링 | 기상 변화·밀도 실시간 확인 | 대기 인력 현장 근접 배치 | [강풍] 낙하물 위험 구역 통제, 야외 구조물·천막 긴급 점검",이상 징후(쓰러짐·발열·외상) 발견 즉시 위험 단계 상향,야영장 — 장기 체류자 탈수·열사병 위험
F01,오토캠핑장A,혼잡,야간,1,0.1265,주의,🟡,0.0969,0.6893,0.2853,0.0254,예방 모니터 1명 + 대기 요원 1명,"구급함, 무전기, 음용수, 그늘막","예방 순찰 30분 간격 강화 | 응급 대응 장비 위치·작동 상태 점검 | 고위험 방문객 (노약자·어린이·임산부) 적극 모니터링 | 기상 변화·밀도 실시간 확인 | 대기 인력 현장 근접 배치 | [야간] 조명 확보 및 시야 불량 구역 안전선 설치, 야간 순찰 강화",이상 징후(쓰러짐·발열·외상) 발견 즉시 위험 단계 상향,야영장 — 장기 체류자 탈수·열사병 위험
F01,오토캠핑장A,혼잡,피크타임,1,0.1175,주의,🟡,0.0969,0.9743,0.0139,0.0118,예방 모니터 1명 + 대기 요원 1명,"구급함, 무전기, 음용수, 그늘막",예방 순찰 30분 간격 강화 | 응급 대응 장비 위치·작동 상태 점검 | 고위험 방문객 (노약자·어린이·임산부) 적극 모니터링 | 기상 변화·밀도 실시간 확인 | 대기 인력 현장 근접 배치,이상 징후(쓰러짐·발열·외상) 발견 즉시 위험 단계 상향,야영장 — 장기 체류자 탈수·열사병 위험
F01,오토캠핑장A,혼잡,우천|폭염,2,0.1489,주의,🟡,0.1058,0.7255,0.0249,0.2496,예방 모니터 1명 + 대기 요원 1명,"구급함, 무전기, 음용수, 그늘막","예방 순찰 30분 간격 강화 | 응급 대응 장비 위치·작동 상태 점검 | 고위험 방문객 (노약자·어린이·임산부) 적극 모니터링 | 기상 변화·밀도 실시간 확인 | 대기 인력 현장 근접 배치 | [폭염] 그늘·음용수 추가 배치, 열사병 집중 모니터링, 피크타임 야외 자제 권고 | [우천] 미끄러짐 주의 안내, 낙뢰 위험 시설 대피, 우천 장비 점검",이상 징후(쓰러짐·발열·외상) 발견 즉시 위험 단계 상향,야영장 — 장기 체류자 탈수·열사병 위험
F01,오토캠핑장A,혼잡,폭염|한파,2,0.1319,주의,🟡,0.1058,0.9247,0.0278,0.0475,예방 모니터 1명 + 대기 요원 1명,"구급함, 무전기, 음용수, 그늘막","예방 순찰 30분 간격 강화 | 응급 대응 장비 위치·작동 상태 점검 | 고위험 방문객 (노약자·어린이·임산부) 적극 모니터링 | 기상 변화·밀도 실시간 확인 | 대기 인력 현장 근접 배치 | [폭염] 그늘·음용수 추가 배치, 열사병 집중 모니터링, 피크타임 야외 자제 권고 | [한파] 저체온증 위험 모니터링, 실내 대피 공간 운영, 동상 응급처치 키트 배치",이상 징후(쓰러짐·발열·외상) 발견 즉시 위험 단계 상향,야영장 — 장기 체류자 탈수·열사병 위험
F01,오토캠핑장A,혼잡,강풍|폭염,2,0.1319,주의,🟡,0.1058,0.9247,0.0278,0.0475,예방 모니터 1명 + 대기 요원 1명,"구급함, 무전기, 음용수, 그늘막","예방 순찰 30분 간격 강화 | 응급 대응 장비 위치·작동 상태 점검 | 고위험 방문객 (노약자·어린이·임산부) 적극 모니터링 | 기상 변화·밀도 실시간 확인 | 대기 인력 현장 근접 배치 | [폭염] 그늘·음용수 추가 배치, 열사병 집중 모니터링, 피크타임 야외 자제 권고 | [강풍] 낙하물 위험 구역 통제, 야외 구조물·천막 긴급 점검",이상 징후(쓰러짐·발열·외상) 발견 즉시 위험 단계 상향,야영장 — 장기 체류자 탈수·열사병 위험
F01,오토캠핑장A,혼잡,야간|폭염,2,0.1333,주의,🟡,0.1058,0.8683,0.0905,0.0412,예방 모니터 1명 + 대기 요원 1명,"구급함, 무전기, 음용수, 그늘막","예방 순찰 30분 간격 강화 | 응급 대응 장비 위치·작동 상태 점검 | 고위험 방문객 (노약자·어린이·임산부) 적극 모니터링 | 기상 변화·밀도 실시간 확인 | 대기 인력 현장 근접 배치 | [폭염] 그늘·음용수 추가 배치, 열사병 집중 모니터링, 피크타임 야외 자제 권고 | [야간] 조명 확보 및 시야 불량 구역 안전선 설치, 야간 순찰 강화",이상 징후(쓰러짐·발열·외상) 발견 즉시 위험 단계 상향,야영장 — 장기 체류자 탈수·열사병 위험
F01,오토캠핑장A,혼잡,폭염|피크타임,2,0.1315,주의,🟡,0.1058,0.9307,0.0259,0.0434,예방 모니터 1명 + 대기 요원 1명,"구급함, 무전기, 음용수, 그늘막","예방 순찰 30분 간격 강화 | 응급 대응 장비 위치·작동 상태 점검 | 고위험 방문객 (노약자·어린이·임산부) 적극 모니터링 | 기상 변화·밀도 실시간 확인 | 대기 인력 현장 근접 배치 | [폭염] 그늘·음용수 추가 배치, 열사병 집중 모니터링, 피크타임 야외 자제 권고",이상 징후(쓰러짐·발열·외상) 발견 즉시 위험 단계 상향,야영장 — 장기 체류자 탈수·열사병 위험
F01,오토캠핑장A,혼잡,우천|한파,2,0.1215,주의,🟡,0.0969,0.9151,0.0264,0.0585,예방 모니터 1명 + 대기 요원 1명,"구급함, 무전기, 음용수, 그늘막","예방 순찰 30분 간격 강화 | 응급 대응 장비 위치·작동 상태 점검 | 고위험 방문객 (노약자·어린이·임산부) 적극 모니터링 | 기상 변화·밀도 실시간 확인 | 대기 인력 현장 근접 배치 | [우천] 미끄러짐 주의 안내, 낙뢰 위험 시설 대피, 우천 장비 점검 | [한파] 저체온증 위험 모니터링, 실내 대피 공간 운영, 동상 응급처치 키트 배치",이상 징후(쓰러짐·발열·외상) 발견 즉시 위험 단계 상향,야영장 — 장기 체류자 탈수·열사병 위험
F01,오토캠핑장A,혼잡,강풍|우천,2,0.1175,주의,🟡,0.0969,0.9782,0.0085,0.0133,예방 모니터 1명 + 대기 요원 1명,"구급함, 무전기, 음용수, 그늘막","예방 순찰 30분 간격 강화 | 응급 대응 장비 위치·작동 상태 점검 | 고위험 방문객 (노약자·어린이·임산부) 적극 모니터링 | 기상 변화·밀도 실시간 확인 | 대기 인력 현장 근접 배치 | [우천] 미끄러짐 주의 안내, 낙뢰 위험 시설 대피, 우천 장비 점검 | [강풍] 낙하물 위험 구역 통제, 야외 구조물·천막 긴급 점검",이상 징후(쓰러짐·발열·외상) 발견 즉시 위험 단계 상향,야영장 — 장기 체류자 탈수·열사병 위험
F01,오토캠핑장A,혼잡,야간|우천,2,0.1334,주의,🟡,0.0969,0.7264,0.0841,0.1895,예방 모니터 1명 + 대기 요원 1명,"구급함, 무전기, 음용수, 그늘막","예방 순찰 30분 간격 강화 | 응급 대응 장비 위치·작동 상태 점검 | 고위험 방문객 (노약자·어린이·임산부) 적극 모니터링 | 기상 변화·밀도 실시간 확인 | 대기 인력 현장 근접 배치 | [우천] 미끄러짐 주의 안내, 낙뢰 위험 시설 대피, 우천 장비 점검 | [야간] 조명 확보 및 시야 불량 구역 안전선 설치, 야간 순찰 강화",이상 징후(쓰러짐·발열·외상) 발견 즉시 위험 단계 상향,야영장 — 장기 체류자 탈수·열사병 위험
F01,오토캠핑장A,혼잡,우천|피크타임,2,0.1255,주의,🟡,0.0969,0.87,0.0169,0.1131,예방 모니터 1명 + 대기 요원 1명,"구급함, 무전기, 음용수, 그늘막","예방 순찰 30분 간격 강화 | 응급 대응 장비 위치·작동 상태 점검 | 고위험 방문객 (노약자·어린이·임산부) 적극 모니터링 | 기상 변화·밀도 실시간 확인 | 대기 인력 현장 근접 배치 | [우천] 미끄러짐 주의 안내, 낙뢰 위험 시설 대피, 우천 장비 점검",이상 징후(쓰러짐·발열·외상) 발견 즉시 위험 단계 상향,야영장 — 장기 체류자 탈수·열사병 위험
F01,오토캠핑장A,혼잡,강풍|한파,2,0.1181,주의,🟡,0.0969,0.9463,0.0465,0.0072,예방 모니터 1명 + 대기 요원 1명,"구급함, 무전기, 음용수, 그늘막","예방 순찰 30분 간격 강화 | 응급 대응 장비 위치·작동 상태 점검 | 고위험 방문객 (노약자·어린이·임산부) 적극 모니터링 | 기상 변화·밀도 실시간 확인 | 대기 인력 현장 근접 배치 | [한파] 저체온증 위험 모니터링, 실내 대피 공간 운영, 동상 응급처치 키트 배치 | [강풍] 낙하물 위험 구역 통제, 야외 구조물·천막 긴급 점검",이상 징후(쓰러짐·발열·외상) 발견 즉시 위험 단계 상향,야영장 — 장기 체류자 탈수·열사병 위험
F01,오토캠핑장A,혼잡,야간|한파,2,0.1247,주의,🟡,0.0969,0.7312,0.2554,0.0134,예방 모니터 1명 + 대기 요원 1명,"구급함, 무전기, 음용수, 그늘막","예방 순찰 30분 간격 강화 | 응급 대응 장비 위치·작동 상태 점검 | 고위험 방문객 (노약자·어린이·임산부) 적극 모니터링 | 기상 변화·밀도 실시간 확인 | 대기 인력 현장 근접 배치 | [한파] 저체온증 위험 모니터링, 실내 대피 공간 운영, 동상 응급처치 키트 배치 | [야간] 조명 확보 및 시야 불량 구역 안전선 설치, 야간 순찰 강화",이상 징후(쓰러짐·발열·외상) 발견 즉시 위험 단계 상향,야영장 — 장기 체류자 탈수·열사병 위험
F01,오토캠핑장A,혼잡,피크타임|한파,2,0.1179,주의,🟡,0.0969,0.9558,0.0369,0.0072,예방 모니터 1명 + 대기 요원 1명,"구급함, 무전기, 음용수, 그늘막","예방 순찰 30분 간격 강화 | 응급 대응 장비 위치·작동 상태 점검 | 고위험 방문객 (노약자·어린이·임산부) 적극 모니터링 | 기상 변화·밀도 실시간 확인 | 대기 인력 현장 근접 배치 | [한파] 저체온증 위험 모니터링, 실내 대피 공간 운영, 동상 응급처치 키트 배치",이상 징후(쓰러짐·발열·외상) 발견 즉시 위험 단계 상향,야영장 — 장기 체류자 탈수·열사병 위험
F01,오토캠핑장A,혼잡,강풍|야간,2,0.1204,주의,🟡,0.0969,0.8606,0.1369,0.0025,예방 모니터 1명 + 대기 요원 1명,"구급함, 무전기, 음용수, 그늘막","예방 순찰 30분 간격 강화 | 응급 대응 장비 위치·작동 상태 점검 | 고위험 방문객 (노약자·어린이·임산부) 적극 모니터링 | 기상 변화·밀도 실시간 확인 | 대기 인력 현장 근접 배치 | [강풍] 낙하물 위험 구역 통제, 야외 구조물·천막 긴급 점검 | [야간] 조명 확보 및 시야 불량 구역 안전선 설치, 야간 순찰 강화",이상 징후(쓰러짐·발열·외상) 발견 즉시 위험 단계 상향,야영장 — 장기 체류자 탈수·열사병 위험
F01,오토캠핑장A,혼잡,강풍|피크타임,2,0.1164,주의,🟡,0.0969,0.9947,0.0044,0.0009,예방 모니터 1명 + 대기 요원 1명,"구급함, 무전기, 음용수, 그늘막","예방 순찰 30분 간격 강화 | 응급 대응 장비 위치·작동 상태 점검 | 고위험 방문객 (노약자·어린이·임산부) 적극 모니터링 | 기상 변화·밀도 실시간 확인 | 대기 인력 현장 근접 배치 | [강풍] 낙하물 위험 구역 통제, 야외 구조물·천막 긴급 점검",이상 징후(쓰러짐·발열·외상) 발견 즉시 위험 단계 상향,야영장 — 장기 체류자 탈수·열사병 위험
F01,오토캠핑장A,혼잡,야간|피크타임,2,0.1265,주의,🟡,0.0969,0.6893,0.2853,0.0254,예방 모니터 1명 + 대기 요원 1명,"구급함, 무전기, 음용수, 그늘막","예방 순찰 30분 간격 강화 | 응급 대응 장비 위치·작동 상태 점검 | 고위험 방문객 (노약자·어린이·임산부) 적극 모니터링 | 기상 변화·밀도 실시간 확인 | 대기 인력 현장 근접 배치 | [야간] 조명 확보 및 시야 불량 구역 안전선 설치, 야간 순찰 강화",이상 징후(쓰러짐·발열·외상) 발견 즉시 위험 단계 상향,야영장 — 장기 체류자 탈수·열사병 위험
F01,오토캠핑장A,혼잡,우천|폭염|한파,3,0.1489,주의,🟡,0.1058,0.7255,0.0249,0.2496,예방 모니터 1명 + 대기 요원 1명,"구급함, 무전기, 음용수, 그늘막","예방 순찰 30분 간격 강화 | 응급 대응 장비 위치·작동 상태 점검 | 고위험 방문객 (노약자·어린이·임산부) 적극 모니터링 | 기상 변화·밀도 실시간 확인 | 대기 인력 현장 근접 배치 | [폭염] 그늘·음용수 추가 배치, 열사병 집중 모니터링, 피크타임 야외 자제 권고 | [우천] 미끄러짐 주의 안내, 낙뢰 위험 시설 대피, 우천 장비 점검 | [한파] 저체온증 위험 모니터링, 실내 대피 공간 운영, 동상 응급처치 키트 배치",이상 징후(쓰러짐·발열·외상) 발견 즉시 위험 단계 상향,야영장 — 장기 체류자 탈수·열사병 위험
F01,오토캠핑장A,혼잡,강풍|우천|폭염,3,0.1489,주의,🟡,0.1058,0.7255,0.0249,0.2496,예방 모니터 1명 + 대기 요원 1명,"구급함, 무전기, 음용수, 그늘막","예방 순찰 30분 간격 강화 | 응급 대응 장비 위치·작동 상태 점검 | 고위험 방문객 (노약자·어린이·임산부) 적극 모니터링 | 기상 변화·밀도 실시간 확인 | 대기 인력 현장 근접 배치 | [폭염] 그늘·음용수 추가 배치, 열사병 집중 모니터링, 피크타임 야외 자제 권고 | [우천] 미끄러짐 주의 안내, 낙뢰 위험 시설 대피, 우천 장비 점검 | [강풍] 낙하물 위험 구역 통제, 야외 구조물·천막 긴급 점검",이상 징후(쓰러짐·발열·외상) 발견 즉시 위험 단계 상향,야영장 — 장기 체류자 탈수·열사병 위험
F01,오토캠핑장A,혼잡,야간|우천|폭염,3,0.1439,주의,🟡,0.1058,0.7666,0.0528,0.1806,예방 모니터 1명 + 대기 요원 1명,"구급함, 무전기, 음용수, 그늘막","예방 순찰 30분 간격 강화 | 응급 대응 장비 위치·작동 상태 점검 | 고위험 방문객 (노약자·어린이·임산부) 적극 모니터링 | 기상 변화·밀도 실시간 확인 | 대기 인력 현장 근접 배치 | [폭염] 그늘·음용수 추가 배치, 열사병 집중 모니터링, 피크타임 야외 자제 권고 | [우천] 미끄러짐 주의 안내, 낙뢰 위험 시설 대피, 우천 장비 점검 | [야간] 조명 확보 및 시야 불량 구역 안전선 설치, 야간 순찰 강화",이상 징후(쓰러짐·발열·외상) 발견 즉시 위험 단계 상향,야영장 — 장기 체류자 탈수·열사병 위험
F01,오토캠핑장A,혼잡,우천|폭염|피크타임,3,0.148,주의,🟡,0.1058,0.7373,0.0236,0.2391,예방 모니터 1명 + 대기 요원 1명,"구급함, 무전기, 음용수, 그늘막","예방 순찰 30분 간격 강화 | 응급 대응 장비 위치·작동 상태 점검 | 고위험 방문객 (노약자·어린이·임산부) 적극 모니터링 | 기상 변화·밀도 실시간 확인 | 대기 인력 현장 근접 배치 | [폭염] 그늘·음용수 추가 배치, 열사병 집중 모니터링, 피크타임 야외 자제 권고 | [우천] 미끄러짐 주의 안내, 낙뢰 위험 시설 대피, 우천 장비 점검",이상 징후(쓰러짐·발열·외상) 발견 즉시 위험 단계 상향,야영장 — 장기 체류자 탈수·열사병 위험
F01,오토캠핑장A,혼잡,강풍|폭염|한파,3,0.1319,주의,🟡,0.1058,0.9247,0.0278,0.0475,예방 모니터 1명 + 대기 요원 1명,"구급함, 무전기, 음용수, 그늘막","예방 순찰 30분 간격 강화 | 응급 대응 장비 위치·작동 상태 점검 | 고위험 방문객 (노약자·어린이·임산부) 적극 모니터링 | 기상 변화·밀도 실시간 확인 | 대기 인력 현장 근접 배치 | [폭염] 그늘·음용수 추가 배치, 열사병 집중 모니터링, 피크타임 야외 자제 권고 | [한파] 저체온증 위험 모니터링, 실내 대피 공간 운영, 동상 응급처치 키트 배치 | [강풍] 낙하물 위험 구역 통제, 야외 구조물·천막 긴급 점검",이상 징후(쓰러짐·발열·외상) 발견 즉시 위험 단계 상향,야영장 — 장기 체류자 탈수·열사병 위험
F01,오토캠핑장A,혼잡,야간|폭염|한파,3,0.1333,주의,🟡,0.1058,0.8683,0.0905,0.0412,예방 모니터 1명 + 대기 요원 1명,"구급함, 무전기, 음용수, 그늘막","예방 순찰 30분 간격 강화 | 응급 대응 장비 위치·작동 상태 점검 | 고위험 방문객 (노약자·어린이·임산부) 적극 모니터링 | 기상 변화·밀도 실시간 확인 | 대기 인력 현장 근접 배치 | [폭염] 그늘·음용수 추가 배치, 열사병 집중 모니터링, 피크타임 야외 자제 권고 | [한파] 저체온증 위험 모니터링, 실내 대피 공간 운영, 동상 응급처치 키트 배치 | [야간] 조명 확보 및 시야 불량 구역 안전선 설치, 야간 순찰 강화",이상 징후(쓰러짐·발열·외상) 발견 즉시 위험 단계 상향,야영장 — 장기 체류자 탈수·열사병 위험
F01,오토캠핑장A,혼잡,폭염|피크타임|한파,3,0.1315,주의,🟡,0.1058,0.9307,0.0259,0.0434,예방 모니터 1명 + 대기 요원 1명,"구급함, 무전기, 음용수, 그늘막","예방 순찰 30분 간격 강화 | 응급 대응 장비 위치·작동 상태 점검 | 고위험 방문객 (노약자·어린이·임산부) 적극 모니터링 | 기상 변화·밀도 실시간 확인 | 대기 인력 현장 근접 배치 | [폭염] 그늘·음용수 추가 배치, 열사병 집중 모니터링, 피크타임 야외 자제 권고 | [한파] 저체온증 위험 모니터링, 실내 대피 공간 운영, 동상 응급처치 키트 배치",이상 징후(쓰러짐·발열·외상) 발견 즉시 위험 단계 상향,야영장 — 장기 체류자 탈수·열사병 위험
F01,오토캠핑장A,혼잡,강풍|야간|폭염,3,0.1333,주의,🟡,0.1058,0.8683,0.0905,0.0412,예방 모니터 1명 + 대기 요원 1명,"구급함, 무전기, 음용수, 그늘막","예방 순찰 30분 간격 강화 | 응급 대응 장비 위치·작동 상태 점검 | 고위험 방문객 (노약자·어린이·임산부) 적극 모니터링 | 기상 변화·밀도 실시간 확인 | 대기 인력 현장 근접 배치 | [폭염] 그늘·음용수 추가 배치, 열사병 집중 모니터링, 피크타임 야외 자제 권고 | [강풍] 낙하물 위험 구역 통제, 야외 구조물·천막 긴급 점검 | [야간] 조명 확보 및 시야 불량 구역 안전선 설치, 야간 순찰 강화",이상 징후(쓰러짐·발열·외상) 발견 즉시 위험 단계 상향,야영장 — 장기 체류자 탈수·열사병 위험
F01,오토캠핑장A,혼잡,강풍|폭염|피크타임,3,0.1315,주의,🟡,0.1058,0.9307,0.0259,0.0434,예방 모니터 1명 + 대기 요원 1명,"구급함, 무전기, 음용수, 그늘막","예방 순찰 30분 간격 강화 | 응급 대응 장비 위치·작동 상태 점검 | 고위험 방문객 (노약자·어린이·임산부) 적극 모니터링 | 기상 변화·밀도 실시간 확인 | 대기 인력 현장 근접 배치 | [폭염] 그늘·음용수 추가 배치, 열사병 집중 모니터링, 피크타임 야외 자제 권고 | [강풍] 낙하물 위험 구역 통제, 야외 구조물·천막 긴급 점검",이상 징후(쓰러짐·발열·외상) 발견 즉시 위험 단계 상향,야영장 — 장기 체류자 탈수·열사병 위험
F01,오토캠핑장A,혼잡,야간|폭염|피크타임,3,0.1333,주의,🟡,0.1058,0.8683,0.0905,0.0412,예방 모니터 1명 + 대기 요원 1명,"구급함, 무전기, 음용수, 그늘막","예방 순찰 30분 간격 강화 | 응급 대응 장비 위치·작동 상태 점검 | 고위험 방문객 (노약자·어린이·임산부) 적극 모니터링 | 기상 변화·밀도 실시간 확인 | 대기 인력 현장 근접 배치 | [폭염] 그늘·음용수 추가 배치, 열사병 집중 모니터링, 피크타임 야외 자제 권고 | [야간] 조명 확보 및 시야 불량 구역 안전선 설치, 야간 순찰 강화",이상 징후(쓰러짐·발열·외상) 발견 즉시 위험 단계 상향,야영장 — 장기 체류자 탈수·열사병 위험
F01,오토캠핑장A,혼잡,강풍|우천|한파,3,0.1215,주의,🟡,0.0969,0.9151,0.0264,0.0585,예방 모니터 1명 + 대기 요원 1명,"구급함, 무전기, 음용수, 그늘막","예방 순찰 30분 간격 강화 | 응급 대응 장비 위치·작동 상태 점검 | 고위험 방문객 (노약자·어린이·임산부) 적극 모니터링 | 기상 변화·밀도 실시간 확인 | 대기 인력 현장 근접 배치 | [우천] 미끄러짐 주의 안내, 낙뢰 위험 시설 대피, 우천 장비 점검 | [한파] 저체온증 위험 모니터링, 실내 대피 공간 운영, 동상 응급처치 키트 배치 | [강풍] 낙하물 위험 구역 통제, 야외 구조물·천막 긴급 점검",이상 징후(쓰러짐·발열·외상) 발견 즉시 위험 단계 상향,야영장 — 장기 체류자 탈수·열사병 위험
F01,오토캠핑장A,혼잡,야간|우천|한파,3,0.1253,주의,🟡,0.0969,0.8385,0.0709,0.0906,예방 모니터 1명 + 대기 요원 1명,"구급함, 무전기, 음용수, 그늘막","예방 순찰 30분 간격 강화 | 응급 대응 장비 위치·작동 상태 점검 | 고위험 방문객 (노약자·어린이·임산부) 적극 모니터링 | 기상 변화·밀도 실시간 확인 | 대기 인력 현장 근접 배치 | [우천] 미끄러짐 주의 안내, 낙뢰 위험 시설 대피, 우천 장비 점검 | [한파] 저체온증 위험 모니터링, 실내 대피 공간 운영, 동상 응급처치 키트 배치 | [야간] 조명 확보 및 시야 불량 구역 안전선 설치, 야간 순찰 강화",이상 징후(쓰러짐·발열·외상) 발견 즉시 위험 단계 상향,야영장 — 장기 체류자 탈수·열사병 위험
F01,오토캠핑장A,혼잡,우천|피크타임|한파,3,0.1219,주의,🟡,0.0969,0.9139,0.0198,0.0664,예방 모니터 1명 + 대기 요원 1명,"구급함, 무전기, 음용수, 그늘막","예방 순찰 30분 간격 강화 | 응급 대응 장비 위치·작동 상태 점검 | 고위험 방문객 (노약자·어린이·임산부) 적극 모니터링 | 기상 변화·밀도 실시간 확인 | 대기 인력 현장 근접 배치 | [우천] 미끄러짐 주의 안내, 낙뢰 위험 시설 대피, 우천 장비 점검 | [한파] 저체온증 위험 모니터링, 실내 대피 공간 운영, 동상 응급처치 키트 배치",이상 징후(쓰러짐·발열·외상) 발견 즉시 위험 단계 상향,야영장 — 장기 체류자 탈수·열사병 위험
F01,오토캠핑장A,혼잡,강풍|야간|우천,3,0.1191,주의,🟡,0.0969,0.9399,0.0377,0.0224,예방 모니터 1명 + 대기 요원 1명,"구급함, 무전기, 음용수, 그늘막","예방 순찰 30분 간격 강화 | 응급 대응 장비 위치·작동 상태 점검 | 고위험 방문객 (노약자·어린이·임산부) 적극 모니터링 | 기상 변화·밀도 실시간 확인 | 대기 인력 현장 근접 배치 | [우천] 미끄러짐 주의 안내, 낙뢰 위험 시설 대피, 우천 장비 점검 | [강풍] 낙하물 위험 구역 통제, 야외 구조물·천막 긴급 점검 | [야간] 조명 확보 및 시야 불량 구역 안전선 설치, 야간 순찰 강화",이상 징후(쓰러짐·발열·외상) 발견 즉시 위험 단계 상향,야영장 — 장기 체류자 탈수·열사병 위험
F01,오토캠핑장A,혼잡,강풍|우천|피크타임,3,0.1173,주의,🟡,0.0969,0.9836,0.0037,0.0128,예방 모니터 1명 + 대기 요원 1명,"구급함, 무전기, 음용수, 그늘막","예방 순찰 30분 간격 강화 | 응급 대응 장비 위치·작동 상태 점검 | 고위험 방문객 (노약자·어린이·임산부) 적극 모니터링 | 기상 변화·밀도 실시간 확인 | 대기 인력 현장 근접 배치 | [우천] 미끄러짐 주의 안내, 낙뢰 위험 시설 대피, 우천 장비 점검 | [강풍] 낙하물 위험 구역 통제, 야외 구조물·천막 긴급 점검",이상 징후(쓰러짐·발열·외상) 발견 즉시 위험 단계 상향,야영장 — 장기 체류자 탈수·열사병 위험
F01,오토캠핑장A,혼잡,야간|우천|피크타임,3,0.1334,주의,🟡,0.0969,0.7264,0.0841,0.1895,예방 모니터 1명 + 대기 요원 1명,"구급함, 무전기, 음용수, 그늘막","예방 순찰 30분 간격 강화 | 응급 대응 장비 위치·작동 상태 점검 | 고위험 방문객 (노약자·어린이·임산부) 적극 모니터링 | 기상 변화·밀도 실시간 확인 | 대기 인력 현장 근접 배치 | [우천] 미끄러짐 주의 안내, 낙뢰 위험 시설 대피, 우천 장비 점검 | [야간] 조명 확보 및 시야 불량 구역 안전선 설치, 야간 순찰 강화",이상 징후(쓰러짐·발열·외상) 발견 즉시 위험 단계 상향,야영장 — 장기 체류자 탈수·열사병 위험
F01,오토캠핑장A,혼잡,강풍|야간|한파,3,0.1247,주의,🟡,0.0969,0.7312,0.2554,0.0134,예방 모니터 1명 + 대기 요원 1명,"구급함, 무전기, 음용수, 그늘막","예방 순찰 30분 간격 강화 | 응급 대응 장비 위치·작동 상태 점검 | 고위험 방문객 (노약자·어린이·임산부) 적극 모니터링 | 기상 변화·밀도 실시간 확인 | 대기 인력 현장 근접 배치 | [한파] 저체온증 위험 모니터링, 실내 대피 공간 운영, 동상 응급처치 키트 배치 | [강풍] 낙하물 위험 구역 통제, 야외 구조물·천막 긴급 점검 | [야간] 조명 확보 및 시야 불량 구역 안전선 설치, 야간 순찰 강화",이상 징후(쓰러짐·발열·외상) 발견 즉시 위험 단계 상향,야영장 — 장기 체류자 탈수·열사병 위험
F01,오토캠핑장A,혼잡,강풍|피크타임|한파,3,0.1179,주의,🟡,0.0969,0.9558,0.0369,0.0072,예방 모니터 1명 + 대기 요원 1명,"구급함, 무전기, 음용수, 그늘막","예방 순찰 30분 간격 강화 | 응급 대응 장비 위치·작동 상태 점검 | 고위험 방문객 (노약자·어린이·임산부) 적극 모니터링 | 기상 변화·밀도 실시간 확인 | 대기 인력 현장 근접 배치 | [한파] 저체온증 위험 모니터링, 실내 대피 공간 운영, 동상 응급처치 키트 배치 | [강풍] 낙하물 위험 구역 통제, 야외 구조물·천막 긴급 점검",이상 징후(쓰러짐·발열·외상) 발견 즉시 위험 단계 상향,야영장 — 장기 체류자 탈수·열사병 위험
F01,오토캠핑장A,혼잡,야간|피크타임|한파,3,0.1247,주의,🟡,0.0969,0.7312,0.2554,0.0134,예방 모니터 1명 + 대기 요원 1명,"구급함, 무전기, 음용수, 그늘막","예방 순찰 30분 간격 강화 | 응급 대응 장비 위치·작동 상태 점검 | 고위험 방문객 (노약자·어린이·임산부) 적극 모니터링 | 기상 변화·밀도 실시간 확인 | 대기 인력 현장 근접 배치 | [한파] 저체온증 위험 모니터링, 실내 대피 공간 운영, 동상 응급처치 키트 배치 | [야간] 조명 확보 및 시야 불량 구역 안전선 설치, 야간 순찰 강화",이상 징후(쓰러짐·발열·외상) 발견 즉시 위험 단계 상향,야영장 — 장기 체류자 탈수·열사병 위험
F01,오토캠핑장A,혼잡,강풍|야간|피크타임,3,0.1204,주의,🟡,0.0969,0.8606,0.1369,0.0025,예방 모니터 1명 + 대기 요원 1명,"구급함, 무전기, 음용수, 그늘막","예방 순찰 30분 간격 강화 | 응급 대응 장비 위치·작동 상태 점검 | 고위험 방문객 (노약자·어린이·임산부) 적극 모니터링 | 기상 변화·밀도 실시간 확인 | 대기 인력 현장 근접 배치 | [강풍] 낙하물 위험 구역 통제, 야외 구조물·천막 긴급 점검 | [야간] 조명 확보 및 시야 불량 구역 안전선 설치, 야간 순찰 강화",이상 징후(쓰러짐·발열·외상) 발견 즉시 위험 단계 상향,야영장 — 장기 체류자 탈수·열사병 위험
F01,오토캠핑장A,혼잡,강풍|우천|폭염|한파,4,0.1489,주의,🟡,0.1058,0.7255,0.0249,0.2496,예방 모니터 1명 + 대기 요원 1명,"구급함, 무전기, 음용수, 그늘막","예방 순찰 30분 간격 강화 | 응급 대응 장비 위치·작동 상태 점검 | 고위험 방문객 (노약자·어린이·임산부) 적극 모니터링 | 기상 변화·밀도 실시간 확인 | 대기 인력 현장 근접 배치 | [폭염] 그늘·음용수 추가 배치, 열사병 집중 모니터링, 피크타임 야외 자제 권고 | [우천] 미끄러짐 주의 안내, 낙뢰 위험 시설 대피, 우천 장비 점검 | [한파] 저체온증 위험 모니터링, 실내 대피 공간 운영, 동상 응급처치 키트 배치 | [강풍] 낙하물 위험 구역 통제, 야외 구조물·천막 긴급 점검",이상 징후(쓰러짐·발열·외상) 발견 즉시 위험 단계 상향,야영장 — 장기 체류자 탈수·열사병 위험
F01,오토캠핑장A,혼잡,야간|우천|폭염|한파,4,0.1439,주의,🟡,0.1058,0.7666,0.0528,0.1806,예방 모니터 1명 + 대기 요원 1명,"구급함, 무전기, 음용수, 그늘막","예방 순찰 30분 간격 강화 | 응급 대응 장비 위치·작동 상태 점검 | 고위험 방문객 (노약자·어린이·임산부) 적극 모니터링 | 기상 변화·밀도 실시간 확인 | 대기 인력 현장 근접 배치 | [폭염] 그늘·음용수 추가 배치, 열사병 집중 모니터링, 피크타임 야외 자제 권고 | [우천] 미끄러짐 주의 안내, 낙뢰 위험 시설 대피, 우천 장비 점검 | [한파] 저체온증 위험 모니터링, 실내 대피 공간 운영, 동상 응급처치 키트 배치 | [야간] 조명 확보 및 시야 불량 구역 안전선 설치, 야간 순찰 강화",이상 징후(쓰러짐·발열·외상) 발견 즉시 위험 단계 상향,야영장 — 장기 체류자 탈수·열사병 위험
F01,오토캠핑장A,혼잡,우천|폭염|피크타임|한파,4,0.148,주의,🟡,0.1058,0.7373,0.0236,0.2391,예방 모니터 1명 + 대기 요원 1명,"구급함, 무전기, 음용수, 그늘막","예방 순찰 30분 간격 강화 | 응급 대응 장비 위치·작동 상태 점검 | 고위험 방문객 (노약자·어린이·임산부) 적극 모니터링 | 기상 변화·밀도 실시간 확인 | 대기 인력 현장 근접 배치 | [폭염] 그늘·음용수 추가 배치, 열사병 집중 모니터링, 피크타임 야외 자제 권고 | [우천] 미끄러짐 주의 안내, 낙뢰 위험 시설 대피, 우천 장비 점검 | [한파] 저체온증 위험 모니터링, 실내 대피 공간 운영, 동상 응급처치 키트 배치",이상 징후(쓰러짐·발열·외상) 발견 즉시 위험 단계 상향,야영장 — 장기 체류자 탈수·열사병 위험
F01,오토캠핑장A,혼잡,강풍|야간|우천|폭염,4,0.1439,주의,🟡,0.1058,0.7666,0.0528,0.1806,예방 모니터 1명 + 대기 요원 1명,"구급함, 무전기, 음용수, 그늘막","예방 순찰 30분 간격 강화 | 응급 대응 장비 위치·작동 상태 점검 | 고위험 방문객 (노약자·어린이·임산부) 적극 모니터링 | 기상 변화·밀도 실시간 확인 | 대기 인력 현장 근접 배치 | [폭염] 그늘·음용수 추가 배치, 열사병 집중 모니터링, 피크타임 야외 자제 권고 | [우천] 미끄러짐 주의 안내, 낙뢰 위험 시설 대피, 우천 장비 점검 | [강풍] 낙하물 위험 구역 통제, 야외 구조물·천막 긴급 점검 | [야간] 조명 확보 및 시야 불량 구역 안전선 설치, 야간 순찰 강화",이상 징후(쓰러짐·발열·외상) 발견 즉시 위험 단계 상향,야영장 — 장기 체류자 탈수·열사병 위험
F01,오토캠핑장A,혼잡,강풍|우천|폭염|피크타임,4,0.148,주의,🟡,0.1058,0.7373,0.0236,0.2391,예방 모니터 1명 + 대기 요원 1명,"구급함, 무전기, 음용수, 그늘막","예방 순찰 30분 간격 강화 | 응급 대응 장비 위치·작동 상태 점검 | 고위험 방문객 (노약자·어린이·임산부) 적극 모니터링 | 기상 변화·밀도 실시간 확인 | 대기 인력 현장 근접 배치 | [폭염] 그늘·음용수 추가 배치, 열사병 집중 모니터링, 피크타임 야외 자제 권고 | [우천] 미끄러짐 주의 안내, 낙뢰 위험 시설 대피, 우천 장비 점검 | [강풍] 낙하물 위험 구역 통제, 야외 구조물·천막 긴급 점검",이상 징후(쓰러짐·발열·외상) 발견 즉시 위험 단계 상향,야영장 — 장기 체류자 탈수·열사병 위험
F01,오토캠핑장A,혼잡,야간|우천|폭염|피크타임,4,0.1439,주의,🟡,0.1058,0.7666,0.0528,0.1806,예방 모니터 1명 + 대기 요원 1명,"구급함, 무전기, 음용수, 그늘막","예방 순찰 30분 간격 강화 | 응급 대응 장비 위치·작동 상태 점검 | 고위험 방문객 (노약자·어린이·임산부) 적극 모니터링 | 기상 변화·밀도 실시간 확인 | 대기 인력 현장 근접 배치 | [폭염] 그늘·음용수 추가 배치, 열사병 집중 모니터링, 피크타임 야외 자제 권고 | [우천] 미끄러짐 주의 안내, 낙뢰 위험 시설 대피, 우천 장비 점검 | [야간] 조명 확보 및 시야 불량 구역 안전선 설치, 야간 순찰 강화",이상 징후(쓰러짐·발열·외상) 발견 즉시 위험 단계 상향,야영장 — 장기 체류자 탈수·열사병 위험
F01,오토캠핑장A,혼잡,강풍|야간|폭염|한파,4,0.1333,주의,🟡,0.1058,0.8683,0.0905,0.0412,예방 모니터 1명 + 대기 요원 1명,"구급함, 무전기, 음용수, 그늘막","예방 순찰 30분 간격 강화 | 응급 대응 장비 위치·작동 상태 점검 | 고위험 방문객 (노약자·어린이·임산부) 적극 모니터링 | 기상 변화·밀도 실시간 확인 | 대기 인력 현장 근접 배치 | [폭염] 그늘·음용수 추가 배치, 열사병 집중 모니터링, 피크타임 야외 자제 권고 | [한파] 저체온증 위험 모니터링, 실내 대피 공간 운영, 동상 응급처치 키트 배치 | [강풍] 낙하물 위험 구역 통제, 야외 구조물·천막 긴급 점검 | [야간] 조명 확보 및 시야 불량 구역 안전선 설치, 야간 순찰 강화",이상 징후(쓰러짐·발열·외상) 발견 즉시 위험 단계 상향,야영장 — 장기 체류자 탈수·열사병 위험
F01,오토캠핑장A,혼잡,강풍|폭염|피크타임|한파,4,0.1315,주의,🟡,0.1058,0.9307,0.0259,0.0434,예방 모니터 1명 + 대기 요원 1명,"구급함, 무전기, 음용수, 그늘막","예방 순찰 30분 간격 강화 | 응급 대응 장비 위치·작동 상태 점검 | 고위험 방문객 (노약자·어린이·임산부) 적극 모니터링 | 기상 변화·밀도 실시간 확인 | 대기 인력 현장 근접 배치 | [폭염] 그늘·음용수 추가 배치, 열사병 집중 모니터링, 피크타임 야외 자제 권고 | [한파] 저체온증 위험 모니터링, 실내 대피 공간 운영, 동상 응급처치 키트 배치 | [강풍] 낙하물 위험 구역 통제, 야외 구조물·천막 긴급 점검",이상 징후(쓰러짐·발열·외상) 발견 즉시 위험 단계 상향,야영장 — 장기 체류자 탈수·열사병 위험
F01,오토캠핑장A,혼잡,야간|폭염|피크타임|한파,4,0.1333,주의,🟡,0.1058,0.8683,0.0905,0.0412,예방 모니터 1명 + 대기 요원 1명,"구급함, 무전기, 음용수, 그늘막","예방 순찰 30분 간격 강화 | 응급 대응 장비 위치·작동 상태 점검 | 고위험 방문객 (노약자·어린이·임산부) 적극 모니터링 | 기상 변화·밀도 실시간 확인 | 대기 인력 현장 근접 배치 | [폭염] 그늘·음용수 추가 배치, 열사병 집중 모니터링, 피크타임 야외 자제 권고 | [한파] 저체온증 위험 모니터링, 실내 대피 공간 운영, 동상 응급처치 키트 배치 | [야간] 조명 확보 및 시야 불량 구역 안전선 설치, 야간 순찰 강화",이상 징후(쓰러짐·발열·외상) 발견 즉시 위험 단계 상향,야영장 — 장기 체류자 탈수·열사병 위험
F01,오토캠핑장A,혼잡,강풍|야간|폭염|피크타임,4,0.1333,주의,🟡,0.1058,0.8683,0.0905,0.0412,예방 모니터 1명 + 대기 요원 1명,"구급함, 무전기, 음용수, 그늘막","예방 순찰 30분 간격 강화 | 응급 대응 장비 위치·작동 상태 점검 | 고위험 방문객 (노약자·어린이·임산부) 적극 모니터링 | 기상 변화·밀도 실시간 확인 | 대기 인력 현장 근접 배치 | [폭염] 그늘·음용수 추가 배치, 열사병 집중 모니터링, 피크타임 야외 자제 권고 | [강풍] 낙하물 위험 구역 통제, 야외 구조물·천막 긴급 점검 | [야간] 조명 확보 및 시야 불량 구역 안전선 설치, 야간 순찰 강화",이상 징후(쓰러짐·발열·외상) 발견 즉시 위험 단계 상향,야영장 — 장기 체류자 탈수·열사병 위험
F01,오토캠핑장A,혼잡,강풍|야간|우천|한파,4,0.1253,주의,🟡,0.0969,0.8385,0.0709,0.0906,예방 모니터 1명 + 대기 요원 1명,"구급함, 무전기, 음용수, 그늘막","예방 순찰 30분 간격 강화 | 응급 대응 장비 위치·작동 상태 점검 | 고위험 방문객 (노약자·어린이·임산부) 적극 모니터링 | 기상 변화·밀도 실시간 확인 | 대기 인력 현장 근접 배치 | [우천] 미끄러짐 주의 안내, 낙뢰 위험 시설 대피, 우천 장비 점검 | [한파] 저체온증 위험 모니터링, 실내 대피 공간 운영, 동상 응급처치 키트 배치 | [강풍] 낙하물 위험 구역 통제, 야외 구조물·천막 긴급 점검 | [야간] 조명 확보 및 시야 불량 구역 안전선 설치, 야간 순찰 강화",이상 징후(쓰러짐·발열·외상) 발견 즉시 위험 단계 상향,야영장 — 장기 체류자 탈수·열사병 위험
F01,오토캠핑장A,혼잡,강풍|우천|피크타임|한파,4,0.1219,주의,🟡,0.0969,0.9139,0.0198,0.0664,예방 모니터 1명 + 대기 요원 1명,"구급함, 무전기, 음용수, 그늘막","예방 순찰 30분 간격 강화 | 응급 대응 장비 위치·작동 상태 점검 | 고위험 방문객 (노약자·어린이·임산부) 적극 모니터링 | 기상 변화·밀도 실시간 확인 | 대기 인력 현장 근접 배치 | [우천] 미끄러짐 주의 안내, 낙뢰 위험 시설 대피, 우천 장비 점검 | [한파] 저체온증 위험 모니터링, 실내 대피 공간 운영, 동상 응급처치 키트 배치 | [강풍] 낙하물 위험 구역 통제, 야외 구조물·천막 긴급 점검",이상 징후(쓰러짐·발열·외상) 발견 즉시 위험 단계 상향,야영장 — 장기 체류자 탈수·열사병 위험
F01,오토캠핑장A,혼잡,야간|우천|피크타임|한파,4,0.1253,주의,🟡,0.0969,0.8385,0.0709,0.0906,예방 모니터 1명 + 대기 요원 1명,"구급함, 무전기, 음용수, 그늘막","예방 순찰 30분 간격 강화 | 응급 대응 장비 위치·작동 상태 점검 | 고위험 방문객 (노약자·어린이·임산부) 적극 모니터링 | 기상 변화·밀도 실시간 확인 | 대기 인력 현장 근접 배치 | [우천] 미끄러짐 주의 안내, 낙뢰 위험 시설 대피, 우천 장비 점검 | [한파] 저체온증 위험 모니터링, 실내 대피 공간 운영, 동상 응급처치 키트 배치 | [야간] 조명 확보 및 시야 불량 구역 안전선 설치, 야간 순찰 강화",이상 징후(쓰러짐·발열·외상) 발견 즉시 위험 단계 상향,야영장 — 장기 체류자 탈수·열사병 위험
F01,오토캠핑장A,혼잡,강풍|야간|우천|피크타임,4,0.1191,주의,🟡,0.0969,0.9399,0.0377,0.0224,예방 모니터 1명 + 대기 요원 1명,"구급함, 무전기, 음용수, 그늘막","예방 순찰 30분 간격 강화 | 응급 대응 장비 위치·작동 상태 점검 | 고위험 방문객 (노약자·어린이·임산부) 적극 모니터링 | 기상 변화·밀도 실시간 확인 | 대기 인력 현장 근접 배치 | [우천] 미끄러짐 주의 안내, 낙뢰 위험 시설 대피, 우천 장비 점검 | [강풍] 낙하물 위험 구역 통제, 야외 구조물·천막 긴급 점검 | [야간] 조명 확보 및 시야 불량 구역 안전선 설치, 야간 순찰 강화",이상 징후(쓰러짐·발열·외상) 발견 즉시 위험 단계 상향,야영장 — 장기 체류자 탈수·열사병 위험
F01,오토캠핑장A,혼잡,강풍|야간|피크타임|한파,4,0.1247,주의,🟡,0.0969,0.7312,0.2554,0.0134,예방 모니터 1명 + 대기 요원 1명,"구급함, 무전기, 음용수, 그늘막","예방 순찰 30분 간격 강화 | 응급 대응 장비 위치·작동 상태 점검 | 고위험 방문객 (노약자·어린이·임산부) 적극 모니터링 | 기상 변화·밀도 실시간 확인 | 대기 인력 현장 근접 배치 | [한파] 저체온증 위험 모니터링, 실내 대피 공간 운영, 동상 응급처치 키트 배치 | [강풍] 낙하물 위험 구역 통제, 야외 구조물·천막 긴급 점검 | [야간] 조명 확보 및 시야 불량 구역 안전선 설치, 야간 순찰 강화",이상 징후(쓰러짐·발열·외상) 발견 즉시 위험 단계 상향,야영장 — 장기 체류자 탈수·열사병 위험
F01,오토캠핑장A,혼잡,강풍|야간|우천|폭염|한파,5,0.1439,주의,🟡,0.1058,0.7666,0.0528,0.1806,예방 모니터 1명 + 대기 요원 1명,"구급함, 무전기, 음용수, 그늘막","예방 순찰 30분 간격 강화 | 응급 대응 장비 위치·작동 상태 점검 | 고위험 방문객 (노약자·어린이·임산부) 적극 모니터링 | 기상 변화·밀도 실시간 확인 | 대기 인력 현장 근접 배치 | [폭염] 그늘·음용수 추가 배치, 열사병 집중 모니터링, 피크타임 야외 자제 권고 | [우천] 미끄러짐 주의 안내, 낙뢰 위험 시설 대피, 우천 장비 점검 | [한파] 저체온증 위험 모니터링, 실내 대피 공간 운영, 동상 응급처치 키트 배치 | [강풍] 낙하물 위험 구역 통제, 야외 구조물·천막 긴급 점검 | [야간] 조명 확보 및 시야 불량 구역 안전선 설치, 야간 순찰 강화",이상 징후(쓰러짐·발열·외상) 발견 즉시 위험 단계 상향,야영장 — 장기 체류자 탈수·열사병 위험
F01,오토캠핑장A,혼잡,강풍|우천|폭염|피크타임|한파,5,0.148,주의,🟡,0.1058,0.7373,0.0236,0.2391,예방 모니터 1명 + 대기 요원 1명,"구급함, 무전기, 음용수, 그늘막","예방 순찰 30분 간격 강화 | 응급 대응 장비 위치·작동 상태 점검 | 고위험 방문객 (노약자·어린이·임산부) 적극 모니터링 | 기상 변화·밀도 실시간 확인 | 대기 인력 현장 근접 배치 | [폭염] 그늘·음용수 추가 배치, 열사병 집중 모니터링, 피크타임 야외 자제 권고 | [우천] 미끄러짐 주의 안내, 낙뢰 위험 시설 대피, 우천 장비 점검 | [한파] 저체온증 위험 모니터링, 실내 대피 공간 운영, 동상 응급처치 키트 배치 | [강풍] 낙하물 위험 구역 통제, 야외 구조물·천막 긴급 점검",이상 징후(쓰러짐·발열·외상) 발견 즉시 위험 단계 상향,야영장 — 장기 체류자 탈수·열사병 위험
F01,오토캠핑장A,혼잡,야간|우천|폭염|피크타임|한파,5,0.1439,주의,🟡,0.1058,0.7666,0.0528,0.1806,예방 모니터 1명 + 대기 요원 1명,"구급함, 무전기, 음용수, 그늘막","예방 순찰 30분 간격 강화 | 응급 대응 장비 위치·작동 상태 점검 | 고위험 방문객 (노약자·어린이·임산부) 적극 모니터링 | 기상 변화·밀도 실시간 확인 | 대기 인력 현장 근접 배치 | [폭염] 그늘·음용수 추가 배치, 열사병 집중 모니터링, 피크타임 야외 자제 권고 | [우천] 미끄러짐 주의 안내, 낙뢰 위험 시설 대피, 우천 장비 점검 | [한파] 저체온증 위험 모니터링, 실내 대피 공간 운영, 동상 응급처치 키트 배치 | [야간] 조명 확보 및 시야 불량 구역 안전선 설치, 야간 순찰 강화",이상 징후(쓰러짐·발열·외상) 발견 즉시 위험 단계 상향,야영장 — 장기 체류자 탈수·열사병 위험
F01,오토캠핑장A,혼잡,강풍|야간|우천|폭염|피크타임,5,0.1439,주의,🟡,0.1058,0.7666,0.0528,0.1806,예방 모니터 1명 + 대기 요원 1명,"구급함, 무전기, 음용수, 그늘막","예방 순찰 30분 간격 강화 | 응급 대응 장비 위치·작동 상태 점검 | 고위험 방문객 (노약자·어린이·임산부) 적극 모니터링 | 기상 변화·밀도 실시간 확인 | 대기 인력 현장 근접 배치 | [폭염] 그늘·음용수 추가 배치, 열사병 집중 모니터링, 피크타임 야외 자제 권고 | [우천] 미끄러짐 주의 안내, 낙뢰 위험 시설 대피, 우천 장비 점검 | [강풍] 낙하물 위험 구역 통제, 야외 구조물·천막 긴급 점검 | [야간] 조명 확보 및 시야 불량 구역 안전선 설치, 야간 순찰 강화",이상 징후(쓰러짐·발열·외상) 발견 즉시 위험 단계 상향,야영장 — 장기 체류자 탈수·열사병 위험
F01,오토캠핑장A,혼잡,강풍|야간|폭염|피크타임|한파,5,0.1333,주의,🟡,0.1058,0.8683,0.0905,0.0412,예방 모니터 1명 + 대기 요원 1명,"구급함, 무전기, 음용수, 그늘막","예방 순찰 30분 간격 강화 | 응급 대응 장비 위치·작동 상태 점검 | 고위험 방문객 (노약자·어린이·임산부) 적극 모니터링 | 기상 변화·밀도 실시간 확인 | 대기 인력 현장 근접 배치 | [폭염] 그늘·음용수 추가 배치, 열사병 집중 모니터링, 피크타임 야외 자제 권고 | [한파] 저체온증 위험 모니터링, 실내 대피 공간 운영, 동상 응급처치 키트 배치 | [강풍] 낙하물 위험 구역 통제, 야외 구조물·천막 긴급 점검 | [야간] 조명 확보 및 시야 불량 구역 안전선 설치, 야간 순찰 강화",이상 징후(쓰러짐·발열·외상) 발견 즉시 위험 단계 상향,야영장 — 장기 체류자 탈수·열사병 위험
F01,오토캠핑장A,혼잡,강풍|야간|우천|피크타임|한파,5,0.1253,주의,🟡,0.0969,0.8385,0.0709,0.0906,예방 모니터 1명 + 대기 요원 1명,"구급함, 무전기, 음용수, 그늘막","예방 순찰 30분 간격 강화 | 응급 대응 장비 위치·작동 상태 점검 | 고위험 방문객 (노약자·어린이·임산부) 적극 모니터링 | 기상 변화·밀도 실시간 확인 | 대기 인력 현장 근접 배치 | [우천] 미끄러짐 주의 안내, 낙뢰 위험 시설 대피, 우천 장비 점검 | [한파] 저체온증 위험 모니터링, 실내 대피 공간 운영, 동상 응급처치 키트 배치 | [강풍] 낙하물 위험 구역 통제, 야외 구조물·천막 긴급 점검 | [야간] 조명 확보 및 시야 불량 구역 안전선 설치, 야간 순찰 강화",이상 징후(쓰러짐·발열·외상) 발견 즉시 위험 단계 상향,야영장 — 장기 체류자 탈수·열사병 위험
F01,오토캠핑장A,혼잡,강풍|야간|우천|폭염|피크타임|한파,6,0.1439,주의,🟡,0.1058,0.7666,0.0528,0.1806,예방 모니터 1명 + 대기 요원 1명,"구급함, 무전기, 음용수, 그늘막","예방 순찰 30분 간격 강화 | 응급 대응 장비 위치·작동 상태 점검 | 고위험 방문객 (노약자·어린이·임산부) 적극 모니터링 | 기상 변화·밀도 실시간 확인 | 대기 인력 현장 근접 배치 | [폭염] 그늘·음용수 추가 배치, 열사병 집중 모니터링, 피크타임 야외 자제 권고 | [우천] 미끄러짐 주의 안내, 낙뢰 위험 시설 대피, 우천 장비 점검 | [한파] 저체온증 위험 모니터링, 실내 대피 공간 운영, 동상 응급처치 키트 배치 | [강풍] 낙하물 위험 구역 통제, 야외 구조물·천막 긴급 점검 | [야간] 조명 확보 및 시야 불량 구역 안전선 설치, 야간 순찰 강화",이상 징후(쓰러짐·발열·외상) 발견 즉시 위험 단계 상향,야영장 — 장기 체류자 탈수·열사병 위험
F01,오토캠핑장A,매우혼잡,없음,0,0.121,주의,🟡,0.0969,0.8467,0.1473,0.006,예방 모니터 1명 + 대기 요원 1명,"구급함, 무전기, 음용수, 그늘막",예방 순찰 30분 간격 강화 | 응급 대응 장비 위치·작동 상태 점검 | 고위험 방문객 (노약자·어린이·임산부) 적극 모니터링 | 기상 변화·밀도 실시간 확인 | 대기 인력 현장 근접 배치,이상 징후(쓰러짐·발열·외상) 발견 즉시 위험 단계 상향,야영장 — 장기 체류자 탈수·열사병 위험
F01,오토캠핑장A,매우혼잡,폭염,1,0.1333,주의,🟡,0.1058,0.8391,0.1379,0.0229,예방 모니터 1명 + 대기 요원 1명,"구급함, 무전기, 음용수, 그늘막","예방 순찰 30분 간격 강화 | 응급 대응 장비 위치·작동 상태 점검 | 고위험 방문객 (노약자·어린이·임산부) 적극 모니터링 | 기상 변화·밀도 실시간 확인 | 대기 인력 현장 근접 배치 | [폭염] 그늘·음용수 추가 배치, 열사병 집중 모니터링, 피크타임 야외 자제 권고",이상 징후(쓰러짐·발열·외상) 발견 즉시 위험 단계 상향,야영장 — 장기 체류자 탈수·열사병 위험
F01,오토캠핑장A,매우혼잡,우천,1,0.1236,주의,🟡,0.0969,0.7798,0.1994,0.0208,예방 모니터 1명 + 대기 요원 1명,"구급함, 무전기, 음용수, 그늘막","예방 순찰 30분 간격 강화 | 응급 대응 장비 위치·작동 상태 점검 | 고위험 방문객 (노약자·어린이·임산부) 적극 모니터링 | 기상 변화·밀도 실시간 확인 | 대기 인력 현장 근접 배치 | [우천] 미끄러짐 주의 안내, 낙뢰 위험 시설 대피, 우천 장비 점검",이상 징후(쓰러짐·발열·외상) 발견 즉시 위험 단계 상향,야영장 — 장기 체류자 탈수·열사병 위험
F01,오토캠핑장A,매우혼잡,한파,1,0.1183,주의,🟡,0.0969,0.9479,0.0406,0.0116,예방 모니터 1명 + 대기 요원 1명,"구급함, 무전기, 음용수, 그늘막","예방 순찰 30분 간격 강화 | 응급 대응 장비 위치·작동 상태 점검 | 고위험 방문객 (노약자·어린이·임산부) 적극 모니터링 | 기상 변화·밀도 실시간 확인 | 대기 인력 현장 근접 배치 | [한파] 저체온증 위험 모니터링, 실내 대피 공간 운영, 동상 응급처치 키트 배치",이상 징후(쓰러짐·발열·외상) 발견 즉시 위험 단계 상향,야영장 — 장기 체류자 탈수·열사병 위험
F01,오토캠핑장A,매우혼잡,강풍,1,0.1172,주의,🟡,0.0969,0.9681,0.0305,0.0014,예방 모니터 1명 + 대기 요원 1명,"구급함, 무전기, 음용수, 그늘막","예방 순찰 30분 간격 강화 | 응급 대응 장비 위치·작동 상태 점검 | 고위험 방문객 (노약자·어린이·임산부) 적극 모니터링 | 기상 변화·밀도 실시간 확인 | 대기 인력 현장 근접 배치 | [강풍] 낙하물 위험 구역 통제, 야외 구조물·천막 긴급 점검",이상 징후(쓰러짐·발열·외상) 발견 즉시 위험 단계 상향,야영장 — 장기 체류자 탈수·열사병 위험
F01,오토캠핑장A,매우혼잡,야간,1,0.1243,주의,🟡,0.0969,0.7455,0.2413,0.0132,예방 모니터 1명 + 대기 요원 1명,"구급함, 무전기, 음용수, 그늘막","예방 순찰 30분 간격 강화 | 응급 대응 장비 위치·작동 상태 점검 | 고위험 방문객 (노약자·어린이·임산부) 적극 모니터링 | 기상 변화·밀도 실시간 확인 | 대기 인력 현장 근접 배치 | [야간] 조명 확보 및 시야 불량 구역 안전선 설치, 야간 순찰 강화",이상 징후(쓰러짐·발열·외상) 발견 즉시 위험 단계 상향,야영장 — 장기 체류자 탈수·열사병 위험
F01,오토캠핑장A,매우혼잡,피크타임,1,0.1222,주의,🟡,0.0969,0.8089,0.1823,0.0088,예방 모니터 1명 + 대기 요원 1명,"구급함, 무전기, 음용수, 그늘막",예방 순찰 30분 간격 강화 | 응급 대응 장비 위치·작동 상태 점검 | 고위험 방문객 (노약자·어린이·임산부) 적극 모니터링 | 기상 변화·밀도 실시간 확인 | 대기 인력 현장 근접 배치,이상 징후(쓰러짐·발열·외상) 발견 즉시 위험 단계 상향,야영장 — 장기 체류자 탈수·열사병 위험
F01,오토캠핑장A,매우혼잡,우천|폭염,2,0.1398,주의,🟡,0.1058,0.7626,0.1369,0.1005,예방 모니터 1명 + 대기 요원 1명,"구급함, 무전기, 음용수, 그늘막","예방 순찰 30분 간격 강화 | 응급 대응 장비 위치·작동 상태 점검 | 고위험 방문객 (노약자·어린이·임산부) 적극 모니터링 | 기상 변화·밀도 실시간 확인 | 대기 인력 현장 근접 배치 | [폭염] 그늘·음용수 추가 배치, 열사병 집중 모니터링, 피크타임 야외 자제 권고 | [우천] 미끄러짐 주의 안내, 낙뢰 위험 시설 대피, 우천 장비 점검",이상 징후(쓰러짐·발열·외상) 발견 즉시 위험 단계 상향,야영장 — 장기 체류자 탈수·열사병 위험
F01,오토캠핑장A,매우혼잡,폭염|한파,2,0.1333,주의,🟡,0.1058,0.8391,0.1379,0.0229,예방 모니터 1명 + 대기 요원 1명,"구급함, 무전기, 음용수, 그늘막","예방 순찰 30분 간격 강화 | 응급 대응 장비 위치·작동 상태 점검 | 고위험 방문객 (노약자·어린이·임산부) 적극 모니터링 | 기상 변화·밀도 실시간 확인 | 대기 인력 현장 근접 배치 | [폭염] 그늘·음용수 추가 배치, 열사병 집중 모니터링, 피크타임 야외 자제 권고 | [한파] 저체온증 위험 모니터링, 실내 대피 공간 운영, 동상 응급처치 키트 배치",이상 징후(쓰러짐·발열·외상) 발견 즉시 위험 단계 상향,야영장 — 장기 체류자 탈수·열사병 위험
F01,오토캠핑장A,매우혼잡,강풍|폭염,2,0.1333,주의,🟡,0.1058,0.8391,0.1379,0.0229,예방 모니터 1명 + 대기 요원 1명,"구급함, 무전기, 음용수, 그늘막","예방 순찰 30분 간격 강화 | 응급 대응 장비 위치·작동 상태 점검 | 고위험 방문객 (노약자·어린이·임산부) 적극 모니터링 | 기상 변화·밀도 실시간 확인 | 대기 인력 현장 근접 배치 | [폭염] 그늘·음용수 추가 배치, 열사병 집중 모니터링, 피크타임 야외 자제 권고 | [강풍] 낙하물 위험 구역 통제, 야외 구조물·천막 긴급 점검",이상 징후(쓰러짐·발열·외상) 발견 즉시 위험 단계 상향,야영장 — 장기 체류자 탈수·열사병 위험
F01,오토캠핑장A,매우혼잡,야간|폭염,2,0.1312,주의,🟡,0.1058,0.8949,0.089,0.016,예방 모니터 1명 + 대기 요원 1명,"구급함, 무전기, 음용수, 그늘막","예방 순찰 30분 간격 강화 | 응급 대응 장비 위치·작동 상태 점검 | 고위험 방문객 (노약자·어린이·임산부) 적극 모니터링 | 기상 변화·밀도 실시간 확인 | 대기 인력 현장 근접 배치 | [폭염] 그늘·음용수 추가 배치, 열사병 집중 모니터링, 피크타임 야외 자제 권고 | [야간] 조명 확보 및 시야 불량 구역 안전선 설치, 야간 순찰 강화",이상 징후(쓰러짐·발열·외상) 발견 즉시 위험 단계 상향,야영장 — 장기 체류자 탈수·열사병 위험
F01,오토캠핑장A,매우혼잡,폭염|피크타임,2,0.1345,주의,🟡,0.1058,0.8018,0.1747,0.0235,예방 모니터 1명 + 대기 요원 1명,"구급함, 무전기, 음용수, 그늘막","예방 순찰 30분 간격 강화 | 응급 대응 장비 위치·작동 상태 점검 | 고위험 방문객 (노약자·어린이·임산부) 적극 모니터링 | 기상 변화·밀도 실시간 확인 | 대기 인력 현장 근접 배치 | [폭염] 그늘·음용수 추가 배치, 열사병 집중 모니터링, 피크타임 야외 자제 권고",이상 징후(쓰러짐·발열·외상) 발견 즉시 위험 단계 상향,야영장 — 장기 체류자 탈수·열사병 위험
F01,오토캠핑장A,매우혼잡,우천|한파,2,0.1189,주의,🟡,0.0969,0.9388,0.042,0.0192,예방 모니터 1명 + 대기 요원 1명,"구급함, 무전기, 음용수, 그늘막","예방 순찰 30분 간격 강화 | 응급 대응 장비 위치·작동 상태 점검 | 고위험 방문객 (노약자·어린이·임산부) 적극 모니터링 | 기상 변화·밀도 실시간 확인 | 대기 인력 현장 근접 배치 | [우천] 미끄러짐 주의 안내, 낙뢰 위험 시설 대피, 우천 장비 점검 | [한파] 저체온증 위험 모니터링, 실내 대피 공간 운영, 동상 응급처치 키트 배치",이상 징후(쓰러짐·발열·외상) 발견 즉시 위험 단계 상향,야영장 — 장기 체류자 탈수·열사병 위험
F01,오토캠핑장A,매우혼잡,강풍|우천,2,0.1174,주의,🟡,0.0969,0.9676,0.0283,0.0041,예방 모니터 1명 + 대기 요원 1명,"구급함, 무전기, 음용수, 그늘막","예방 순찰 30분 간격 강화 | 응급 대응 장비 위치·작동 상태 점검 | 고위험 방문객 (노약자·어린이·임산부) 적극 모니터링 | 기상 변화·밀도 실시간 확인 | 대기 인력 현장 근접 배치 | [우천] 미끄러짐 주의 안내, 낙뢰 위험 시설 대피, 우천 장비 점검 | [강풍] 낙하물 위험 구역 통제, 야외 구조물·천막 긴급 점검",이상 징후(쓰러짐·발열·외상) 발견 즉시 위험 단계 상향,야영장 — 장기 체류자 탈수·열사병 위험
F01,오토캠핑장A,매우혼잡,야간|우천,2,0.1235,주의,🟡,0.0969,0.8232,0.1338,0.0431,예방 모니터 1명 + 대기 요원 1명,"구급함, 무전기, 음용수, 그늘막","예방 순찰 30분 간격 강화 | 응급 대응 장비 위치·작동 상태 점검 | 고위험 방문객 (노약자·어린이·임산부) 적극 모니터링 | 기상 변화·밀도 실시간 확인 | 대기 인력 현장 근접 배치 | [우천] 미끄러짐 주의 안내, 낙뢰 위험 시설 대피, 우천 장비 점검 | [야간] 조명 확보 및 시야 불량 구역 안전선 설치, 야간 순찰 강화",이상 징후(쓰러짐·발열·외상) 발견 즉시 위험 단계 상향,야영장 — 장기 체류자 탈수·열사병 위험
F01,오토캠핑장A,매우혼잡,우천|피크타임,2,0.1234,주의,🟡,0.0969,0.7988,0.174,0.0272,예방 모니터 1명 + 대기 요원 1명,"구급함, 무전기, 음용수, 그늘막","예방 순찰 30분 간격 강화 | 응급 대응 장비 위치·작동 상태 점검 | 고위험 방문객 (노약자·어린이·임산부) 적극 모니터링 | 기상 변화·밀도 실시간 확인 | 대기 인력 현장 근접 배치 | [우천] 미끄러짐 주의 안내, 낙뢰 위험 시설 대피, 우천 장비 점검",이상 징후(쓰러짐·발열·외상) 발견 즉시 위험 단계 상향,야영장 — 장기 체류자 탈수·열사병 위험
F01,오토캠핑장A,매우혼잡,강풍|한파,2,0.1183,주의,🟡,0.0969,0.9479,0.0406,0.0116,예방 모니터 1명 + 대기 요원 1명,"구급함, 무전기, 음용수, 그늘막","예방 순찰 30분 간격 강화 | 응급 대응 장비 위치·작동 상태 점검 | 고위험 방문객 (노약자·어린이·임산부) 적극 모니터링 | 기상 변화·밀도 실시간 확인 | 대기 인력 현장 근접 배치 | [한파] 저체온증 위험 모니터링, 실내 대피 공간 운영, 동상 응급처치 키트 배치 | [강풍] 낙하물 위험 구역 통제, 야외 구조물·천막 긴급 점검",이상 징후(쓰러짐·발열·외상) 발견 즉시 위험 단계 상향,야영장 — 장기 체류자 탈수·열사병 위험
F01,오토캠핑장A,매우혼잡,야간|한파,2,0.1211,주의,🟡,0.0969,0.8657,0.1142,0.0201,예방 모니터 1명 + 대기 요원 1명,"구급함, 무전기, 음용수, 그늘막","예방 순찰 30분 간격 강화 | 응급 대응 장비 위치·작동 상태 점검 | 고위험 방문객 (노약자·어린이·임산부) 적극 모니터링 | 기상 변화·밀도 실시간 확인 | 대기 인력 현장 근접 배치 | [한파] 저체온증 위험 모니터링, 실내 대피 공간 운영, 동상 응급처치 키트 배치 | [야간] 조명 확보 및 시야 불량 구역 안전선 설치, 야간 순찰 강화",이상 징후(쓰러짐·발열·외상) 발견 즉시 위험 단계 상향,야영장 — 장기 체류자 탈수·열사병 위험
F01,오토캠핑장A,매우혼잡,피크타임|한파,2,0.118,주의,🟡,0.0969,0.9558,0.0333,0.0109,예방 모니터 1명 + 대기 요원 1명,"구급함, 무전기, 음용수, 그늘막","예방 순찰 30분 간격 강화 | 응급 대응 장비 위치·작동 상태 점검 | 고위험 방문객 (노약자·어린이·임산부) 적극 모니터링 | 기상 변화·밀도 실시간 확인 | 대기 인력 현장 근접 배치 | [한파] 저체온증 위험 모니터링, 실내 대피 공간 운영, 동상 응급처치 키트 배치",이상 징후(쓰러짐·발열·외상) 발견 즉시 위험 단계 상향,야영장 — 장기 체류자 탈수·열사병 위험
F01,오토캠핑장A,매우혼잡,강풍|야간,2,0.1187,주의,🟡,0.0969,0.9199,0.0765,0.0036,예방 모니터 1명 + 대기 요원 1명,"구급함, 무전기, 음용수, 그늘막","예방 순찰 30분 간격 강화 | 응급 대응 장비 위치·작동 상태 점검 | 고위험 방문객 (노약자·어린이·임산부) 적극 모니터링 | 기상 변화·밀도 실시간 확인 | 대기 인력 현장 근접 배치 | [강풍] 낙하물 위험 구역 통제, 야외 구조물·천막 긴급 점검 | [야간] 조명 확보 및 시야 불량 구역 안전선 설치, 야간 순찰 강화",이상 징후(쓰러짐·발열·외상) 발견 즉시 위험 단계 상향,야영장 — 장기 체류자 탈수·열사병 위험
F01,오토캠핑장A,매우혼잡,강풍|피크타임,2,0.1168,주의,🟡,0.0969,0.9813,0.0175,0.0013,예방 모니터 1명 + 대기 요원 1명,"구급함, 무전기, 음용수, 그늘막","예방 순찰 30분 간격 강화 | 응급 대응 장비 위치·작동 상태 점검 | 고위험 방문객 (노약자·어린이·임산부) 적극 모니터링 | 기상 변화·밀도 실시간 확인 | 대기 인력 현장 근접 배치 | [강풍] 낙하물 위험 구역 통제, 야외 구조물·천막 긴급 점검",이상 징후(쓰러짐·발열·외상) 발견 즉시 위험 단계 상향,야영장 — 장기 체류자 탈수·열사병 위험
F01,오토캠핑장A,매우혼잡,야간|피크타임,2,0.1243,주의,🟡,0.0969,0.7455,0.2413,0.0132,예방 모니터 1명 + 대기 요원 1명,"구급함, 무전기, 음용수, 그늘막","예방 순찰 30분 간격 강화 | 응급 대응 장비 위치·작동 상태 점검 | 고위험 방문객 (노약자·어린이·임산부) 적극 모니터링 | 기상 변화·밀도 실시간 확인 | 대기 인력 현장 근접 배치 | [야간] 조명 확보 및 시야 불량 구역 안전선 설치, 야간 순찰 강화",이상 징후(쓰러짐·발열·외상) 발견 즉시 위험 단계 상향,야영장 — 장기 체류자 탈수·열사병 위험
F01,오토캠핑장A,매우혼잡,우천|폭염|한파,3,0.1398,주의,🟡,0.1058,0.7626,0.1369,0.1005,예방 모니터 1명 + 대기 요원 1명,"구급함, 무전기, 음용수, 그늘막","예방 순찰 30분 간격 강화 | 응급 대응 장비 위치·작동 상태 점검 | 고위험 방문객 (노약자·어린이·임산부) 적극 모니터링 | 기상 변화·밀도 실시간 확인 | 대기 인력 현장 근접 배치 | [폭염] 그늘·음용수 추가 배치, 열사병 집중 모니터링, 피크타임 야외 자제 권고 | [우천] 미끄러짐 주의 안내, 낙뢰 위험 시설 대피, 우천 장비 점검 | [한파] 저체온증 위험 모니터링, 실내 대피 공간 운영, 동상 응급처치 키트 배치",이상 징후(쓰러짐·발열·외상) 발견 즉시 위험 단계 상향,야영장 — 장기 체류자 탈수·열사병 위험
F01,오토캠핑장A,매우혼잡,강풍|우천|폭염,3,0.1398,주의,🟡,0.1058,0.7626,0.1369,0.1005,예방 모니터 1명 + 대기 요원 1명,"구급함, 무전기, 음용수, 그늘막","예방 순찰 30분 간격 강화 | 응급 대응 장비 위치·작동 상태 점검 | 고위험 방문객 (노약자·어린이·임산부) 적극 모니터링 | 기상 변화·밀도 실시간 확인 | 대기 인력 현장 근접 배치 | [폭염] 그늘·음용수 추가 배치, 열사병 집중 모니터링, 피크타임 야외 자제 권고 | [우천] 미끄러짐 주의 안내, 낙뢰 위험 시설 대피, 우천 장비 점검 | [강풍] 낙하물 위험 구역 통제, 야외 구조물·천막 긴급 점검",이상 징후(쓰러짐·발열·외상) 발견 즉시 위험 단계 상향,야영장 — 장기 체류자 탈수·열사병 위험
F01,오토캠핑장A,매우혼잡,야간|우천|폭염,3,0.1339,주의,🟡,0.1058,0.88,0.0612,0.0588,예방 모니터 1명 + 대기 요원 1명,"구급함, 무전기, 음용수, 그늘막","예방 순찰 30분 간격 강화 | 응급 대응 장비 위치·작동 상태 점검 | 고위험 방문객 (노약자·어린이·임산부) 적극 모니터링 | 기상 변화·밀도 실시간 확인 | 대기 인력 현장 근접 배치 | [폭염] 그늘·음용수 추가 배치, 열사병 집중 모니터링, 피크타임 야외 자제 권고 | [우천] 미끄러짐 주의 안내, 낙뢰 위험 시설 대피, 우천 장비 점검 | [야간] 조명 확보 및 시야 불량 구역 안전선 설치, 야간 순찰 강화",이상 징후(쓰러짐·발열·외상) 발견 즉시 위험 단계 상향,야영장 — 장기 체류자 탈수·열사병 위험
F01,오토캠핑장A,매우혼잡,우천|폭염|피크타임,3,0.1411,주의,🟡,0.1058,0.725,0.1725,0.1025,예방 모니터 1명 + 대기 요원 1명,"구급함, 무전기, 음용수, 그늘막","예방 순찰 30분 간격 강화 | 응급 대응 장비 위치·작동 상태 점검 | 고위험 방문객 (노약자·어린이·임산부) 적극 모니터링 | 기상 변화·밀도 실시간 확인 | 대기 인력 현장 근접 배치 | [폭염] 그늘·음용수 추가 배치, 열사병 집중 모니터링, 피크타임 야외 자제 권고 | [우천] 미끄러짐 주의 안내, 낙뢰 위험 시설 대피, 우천 장비 점검",이상 징후(쓰러짐·발열·외상) 발견 즉시 위험 단계 상향,야영장 — 장기 체류자 탈수·열사병 위험
F01,오토캠핑장A,매우혼잡,강풍|폭염|한파,3,0.1333,주의,🟡,0.1058,0.8391,0.1379,0.0229,예방 모니터 1명 + 대기 요원 1명,"구급함, 무전기, 음용수, 그늘막","예방 순찰 30분 간격 강화 | 응급 대응 장비 위치·작동 상태 점검 | 고위험 방문객 (노약자·어린이·임산부) 적극 모니터링 | 기상 변화·밀도 실시간 확인 | 대기 인력 현장 근접 배치 | [폭염] 그늘·음용수 추가 배치, 열사병 집중 모니터링, 피크타임 야외 자제 권고 | [한파] 저체온증 위험 모니터링, 실내 대피 공간 운영, 동상 응급처치 키트 배치 | [강풍] 낙하물 위험 구역 통제, 야외 구조물·천막 긴급 점검",이상 징후(쓰러짐·발열·외상) 발견 즉시 위험 단계 상향,야영장 — 장기 체류자 탈수·열사병 위험
F01,오토캠핑장A,매우혼잡,야간|폭염|한파,3,0.1312,주의,🟡,0.1058,0.8949,0.089,0.016,예방 모니터 1명 + 대기 요원 1명,"구급함, 무전기, 음용수, 그늘막","예방 순찰 30분 간격 강화 | 응급 대응 장비 위치·작동 상태 점검 | 고위험 방문객 (노약자·어린이·임산부) 적극 모니터링 | 기상 변화·밀도 실시간 확인 | 대기 인력 현장 근접 배치 | [폭염] 그늘·음용수 추가 배치, 열사병 집중 모니터링, 피크타임 야외 자제 권고 | [한파] 저체온증 위험 모니터링, 실내 대피 공간 운영, 동상 응급처치 키트 배치 | [야간] 조명 확보 및 시야 불량 구역 안전선 설치, 야간 순찰 강화",이상 징후(쓰러짐·발열·외상) 발견 즉시 위험 단계 상향,야영장 — 장기 체류자 탈수·열사병 위험
F01,오토캠핑장A,매우혼잡,폭염|피크타임|한파,3,0.1345,주의,🟡,0.1058,0.8018,0.1747,0.0235,예방 모니터 1명 + 대기 요원 1명,"구급함, 무전기, 음용수, 그늘막","예방 순찰 30분 간격 강화 | 응급 대응 장비 위치·작동 상태 점검 | 고위험 방문객 (노약자·어린이·임산부) 적극 모니터링 | 기상 변화·밀도 실시간 확인 | 대기 인력 현장 근접 배치 | [폭염] 그늘·음용수 추가 배치, 열사병 집중 모니터링, 피크타임 야외 자제 권고 | [한파] 저체온증 위험 모니터링, 실내 대피 공간 운영, 동상 응급처치 키트 배치",이상 징후(쓰러짐·발열·외상) 발견 즉시 위험 단계 상향,야영장 — 장기 체류자 탈수·열사병 위험
F01,오토캠핑장A,매우혼잡,강풍|야간|폭염,3,0.1312,주의,🟡,0.1058,0.8949,0.089,0.016,예방 모니터 1명 + 대기 요원 1명,"구급함, 무전기, 음용수, 그늘막","예방 순찰 30분 간격 강화 | 응급 대응 장비 위치·작동 상태 점검 | 고위험 방문객 (노약자·어린이·임산부) 적극 모니터링 | 기상 변화·밀도 실시간 확인 | 대기 인력 현장 근접 배치 | [폭염] 그늘·음용수 추가 배치, 열사병 집중 모니터링, 피크타임 야외 자제 권고 | [강풍] 낙하물 위험 구역 통제, 야외 구조물·천막 긴급 점검 | [야간] 조명 확보 및 시야 불량 구역 안전선 설치, 야간 순찰 강화",이상 징후(쓰러짐·발열·외상) 발견 즉시 위험 단계 상향,야영장 — 장기 체류자 탈수·열사병 위험
F01,오토캠핑장A,매우혼잡,강풍|폭염|피크타임,3,0.1345,주의,🟡,0.1058,0.8018,0.1747,0.0235,예방 모니터 1명 + 대기 요원 1명,"구급함, 무전기, 음용수, 그늘막","예방 순찰 30분 간격 강화 | 응급 대응 장비 위치·작동 상태 점검 | 고위험 방문객 (노약자·어린이·임산부) 적극 모니터링 | 기상 변화·밀도 실시간 확인 | 대기 인력 현장 근접 배치 | [폭염] 그늘·음용수 추가 배치, 열사병 집중 모니터링, 피크타임 야외 자제 권고 | [강풍] 낙하물 위험 구역 통제, 야외 구조물·천막 긴급 점검",이상 징후(쓰러짐·발열·외상) 발견 즉시 위험 단계 상향,야영장 — 장기 체류자 탈수·열사병 위험
F01,오토캠핑장A,매우혼잡,야간|폭염|피크타임,3,0.1312,주의,🟡,0.1058,0.8949,0.089,0.016,예방 모니터 1명 + 대기 요원 1명,"구급함, 무전기, 음용수, 그늘막","예방 순찰 30분 간격 강화 | 응급 대응 장비 위치·작동 상태 점검 | 고위험 방문객 (노약자·어린이·임산부) 적극 모니터링 | 기상 변화·밀도 실시간 확인 | 대기 인력 현장 근접 배치 | [폭염] 그늘·음용수 추가 배치, 열사병 집중 모니터링, 피크타임 야외 자제 권고 | [야간] 조명 확보 및 시야 불량 구역 안전선 설치, 야간 순찰 강화",이상 징후(쓰러짐·발열·외상) 발견 즉시 위험 단계 상향,야영장 — 장기 체류자 탈수·열사병 위험
F01,오토캠핑장A,매우혼잡,강풍|우천|한파,3,0.1189,주의,🟡,0.0969,0.9388,0.042,0.0192,예방 모니터 1명 + 대기 요원 1명,"구급함, 무전기, 음용수, 그늘막","예방 순찰 30분 간격 강화 | 응급 대응 장비 위치·작동 상태 점검 | 고위험 방문객 (노약자·어린이·임산부) 적극 모니터링 | 기상 변화·밀도 실시간 확인 | 대기 인력 현장 근접 배치 | [우천] 미끄러짐 주의 안내, 낙뢰 위험 시설 대피, 우천 장비 점검 | [한파] 저체온증 위험 모니터링, 실내 대피 공간 운영, 동상 응급처치 키트 배치 | [강풍] 낙하물 위험 구역 통제, 야외 구조물·천막 긴급 점검",이상 징후(쓰러짐·발열·외상) 발견 즉시 위험 단계 상향,야영장 — 장기 체류자 탈수·열사병 위험
F01,오토캠핑장A,매우혼잡,야간|우천|한파,3,0.1196,주의,🟡,0.0969,0.9235,0.0527,0.0238,예방 모니터 1명 + 대기 요원 1명,"구급함, 무전기, 음용수, 그늘막","예방 순찰 30분 간격 강화 | 응급 대응 장비 위치·작동 상태 점검 | 고위험 방문객 (노약자·어린이·임산부) 적극 모니터링 | 기상 변화·밀도 실시간 확인 | 대기 인력 현장 근접 배치 | [우천] 미끄러짐 주의 안내, 낙뢰 위험 시설 대피, 우천 장비 점검 | [한파] 저체온증 위험 모니터링, 실내 대피 공간 운영, 동상 응급처치 키트 배치 | [야간] 조명 확보 및 시야 불량 구역 안전선 설치, 야간 순찰 강화",이상 징후(쓰러짐·발열·외상) 발견 즉시 위험 단계 상향,야영장 — 장기 체류자 탈수·열사병 위험
F01,오토캠핑장A,매우혼잡,우천|피크타임|한파,3,0.1186,주의,🟡,0.0969,0.9499,0.0319,0.0182,예방 모니터 1명 + 대기 요원 1명,"구급함, 무전기, 음용수, 그늘막","예방 순찰 30분 간격 강화 | 응급 대응 장비 위치·작동 상태 점검 | 고위험 방문객 (노약자·어린이·임산부) 적극 모니터링 | 기상 변화·밀도 실시간 확인 | 대기 인력 현장 근접 배치 | [우천] 미끄러짐 주의 안내, 낙뢰 위험 시설 대피, 우천 장비 점검 | [한파] 저체온증 위험 모니터링, 실내 대피 공간 운영, 동상 응급처치 키트 배치",이상 징후(쓰러짐·발열·외상) 발견 즉시 위험 단계 상향,야영장 — 장기 체류자 탈수·열사병 위험
F01,오토캠핑장A,매우혼잡,강풍|야간|우천,3,0.1179,주의,🟡,0.0969,0.952,0.0423,0.0057,예방 모니터 1명 + 대기 요원 1명,"구급함, 무전기, 음용수, 그늘막","예방 순찰 30분 간격 강화 | 응급 대응 장비 위치·작동 상태 점검 | 고위험 방문객 (노약자·어린이·임산부) 적극 모니터링 | 기상 변화·밀도 실시간 확인 | 대기 인력 현장 근접 배치 | [우천] 미끄러짐 주의 안내, 낙뢰 위험 시설 대피, 우천 장비 점검 | [강풍] 낙하물 위험 구역 통제, 야외 구조물·천막 긴급 점검 | [야간] 조명 확보 및 시야 불량 구역 안전선 설치, 야간 순찰 강화",이상 징후(쓰러짐·발열·외상) 발견 즉시 위험 단계 상향,야영장 — 장기 체류자 탈수·열사병 위험
F01,오토캠핑장A,매우혼잡,강풍|우천|피크타임,3,0.117,주의,🟡,0.0969,0.9787,0.0176,0.0037,예방 모니터 1명 + 대기 요원 1명,"구급함, 무전기, 음용수, 그늘막","예방 순찰 30분 간격 강화 | 응급 대응 장비 위치·작동 상태 점검 | 고위험 방문객 (노약자·어린이·임산부) 적극 모니터링 | 기상 변화·밀도 실시간 확인 | 대기 인력 현장 근접 배치 | [우천] 미끄러짐 주의 안내, 낙뢰 위험 시설 대피, 우천 장비 점검 | [강풍] 낙하물 위험 구역 통제, 야외 구조물·천막 긴급 점검",이상 징후(쓰러짐·발열·외상) 발견 즉시 위험 단계 상향,야영장 — 장기 체류자 탈수·열사병 위험
F01,오토캠핑장A,매우혼잡,야간|우천|피크타임,3,0.1235,주의,🟡,0.0969,0.8232,0.1338,0.0431,예방 모니터 1명 + 대기 요원 1명,"구급함, 무전기, 음용수, 그늘막","예방 순찰 30분 간격 강화 | 응급 대응 장비 위치·작동 상태 점검 | 고위험 방문객 (노약자·어린이·임산부) 적극 모니터링 | 기상 변화·밀도 실시간 확인 | 대기 인력 현장 근접 배치 | [우천] 미끄러짐 주의 안내, 낙뢰 위험 시설 대피, 우천 장비 점검 | [야간] 조명 확보 및 시야 불량 구역 안전선 설치, 야간 순찰 강화",이상 징후(쓰러짐·발열·외상) 발견 즉시 위험 단계 상향,야영장 — 장기 체류자 탈수·열사병 위험
F01,오토캠핑장A,매우혼잡,강풍|야간|한파,3,0.1211,주의,🟡,0.0969,0.8657,0.1142,0.0201,예방 모니터 1명 + 대기 요원 1명,"구급함, 무전기, 음용수, 그늘막","예방 순찰 30분 간격 강화 | 응급 대응 장비 위치·작동 상태 점검 | 고위험 방문객 (노약자·어린이·임산부) 적극 모니터링 | 기상 변화·밀도 실시간 확인 | 대기 인력 현장 근접 배치 | [한파] 저체온증 위험 모니터링, 실내 대피 공간 운영, 동상 응급처치 키트 배치 | [강풍] 낙하물 위험 구역 통제, 야외 구조물·천막 긴급 점검 | [야간] 조명 확보 및 시야 불량 구역 안전선 설치, 야간 순찰 강화",이상 징후(쓰러짐·발열·외상) 발견 즉시 위험 단계 상향,야영장 — 장기 체류자 탈수·열사병 위험
F01,오토캠핑장A,매우혼잡,강풍|피크타임|한파,3,0.118,주의,🟡,0.0969,0.9558,0.0333,0.0109,예방 모니터 1명 + 대기 요원 1명,"구급함, 무전기, 음용수, 그늘막","예방 순찰 30분 간격 강화 | 응급 대응 장비 위치·작동 상태 점검 | 고위험 방문객 (노약자·어린이·임산부) 적극 모니터링 | 기상 변화·밀도 실시간 확인 | 대기 인력 현장 근접 배치 | [한파] 저체온증 위험 모니터링, 실내 대피 공간 운영, 동상 응급처치 키트 배치 | [강풍] 낙하물 위험 구역 통제, 야외 구조물·천막 긴급 점검",이상 징후(쓰러짐·발열·외상) 발견 즉시 위험 단계 상향,야영장 — 장기 체류자 탈수·열사병 위험
F01,오토캠핑장A,매우혼잡,야간|피크타임|한파,3,0.1211,주의,🟡,0.0969,0.8657,0.1142,0.0201,예방 모니터 1명 + 대기 요원 1명,"구급함, 무전기, 음용수, 그늘막","예방 순찰 30분 간격 강화 | 응급 대응 장비 위치·작동 상태 점검 | 고위험 방문객 (노약자·어린이·임산부) 적극 모니터링 | 기상 변화·밀도 실시간 확인 | 대기 인력 현장 근접 배치 | [한파] 저체온증 위험 모니터링, 실내 대피 공간 운영, 동상 응급처치 키트 배치 | [야간] 조명 확보 및 시야 불량 구역 안전선 설치, 야간 순찰 강화",이상 징후(쓰러짐·발열·외상) 발견 즉시 위험 단계 상향,야영장 — 장기 체류자 탈수·열사병 위험
F01,오토캠핑장A,매우혼잡,강풍|야간|피크타임,3,0.1187,주의,🟡,0.0969,0.9199,0.0765,0.0036,예방 모니터 1명 + 대기 요원 1명,"구급함, 무전기, 음용수, 그늘막","예방 순찰 30분 간격 강화 | 응급 대응 장비 위치·작동 상태 점검 | 고위험 방문객 (노약자·어린이·임산부) 적극 모니터링 | 기상 변화·밀도 실시간 확인 | 대기 인력 현장 근접 배치 | [강풍] 낙하물 위험 구역 통제, 야외 구조물·천막 긴급 점검 | [야간] 조명 확보 및 시야 불량 구역 안전선 설치, 야간 순찰 강화",이상 징후(쓰러짐·발열·외상) 발견 즉시 위험 단계 상향,야영장 — 장기 체류자 탈수·열사병 위험
F01,오토캠핑장A,매우혼잡,강풍|우천|폭염|한파,4,0.1398,주의,🟡,0.1058,0.7626,0.1369,0.1005,예방 모니터 1명 + 대기 요원 1명,"구급함, 무전기, 음용수, 그늘막","예방 순찰 30분 간격 강화 | 응급 대응 장비 위치·작동 상태 점검 | 고위험 방문객 (노약자·어린이·임산부) 적극 모니터링 | 기상 변화·밀도 실시간 확인 | 대기 인력 현장 근접 배치 | [폭염] 그늘·음용수 추가 배치, 열사병 집중 모니터링, 피크타임 야외 자제 권고 | [우천] 미끄러짐 주의 안내, 낙뢰 위험 시설 대피, 우천 장비 점검 | [한파] 저체온증 위험 모니터링, 실내 대피 공간 운영, 동상 응급처치 키트 배치 | [강풍] 낙하물 위험 구역 통제, 야외 구조물·천막 긴급 점검",이상 징후(쓰러짐·발열·외상) 발견 즉시 위험 단계 상향,야영장 — 장기 체류자 탈수·열사병 위험
F01,오토캠핑장A,매우혼잡,야간|우천|폭염|한파,4,0.1339,주의,🟡,0.1058,0.88,0.0612,0.0588,예방 모니터 1명 + 대기 요원 1명,"구급함, 무전기, 음용수, 그늘막","예방 순찰 30분 간격 강화 | 응급 대응 장비 위치·작동 상태 점검 | 고위험 방문객 (노약자·어린이·임산부) 적극 모니터링 | 기상 변화·밀도 실시간 확인 | 대기 인력 현장 근접 배치 | [폭염] 그늘·음용수 추가 배치, 열사병 집중 모니터링, 피크타임 야외 자제 권고 | [우천] 미끄러짐 주의 안내, 낙뢰 위험 시설 대피, 우천 장비 점검 | [한파] 저체온증 위험 모니터링, 실내 대피 공간 운영, 동상 응급처치 키트 배치 | [야간] 조명 확보 및 시야 불량 구역 안전선 설치, 야간 순찰 강화",이상 징후(쓰러짐·발열·외상) 발견 즉시 위험 단계 상향,야영장 — 장기 체류자 탈수·열사병 위험
F01,오토캠핑장A,매우혼잡,우천|폭염|피크타임|한파,4,0.1411,주의,🟡,0.1058,0.725,0.1725,0.1025,예방 모니터 1명 + 대기 요원 1명,"구급함, 무전기, 음용수, 그늘막","예방 순찰 30분 간격 강화 | 응급 대응 장비 위치·작동 상태 점검 | 고위험 방문객 (노약자·어린이·임산부) 적극 모니터링 | 기상 변화·밀도 실시간 확인 | 대기 인력 현장 근접 배치 | [폭염] 그늘·음용수 추가 배치, 열사병 집중 모니터링, 피크타임 야외 자제 권고 | [우천] 미끄러짐 주의 안내, 낙뢰 위험 시설 대피, 우천 장비 점검 | [한파] 저체온증 위험 모니터링, 실내 대피 공간 운영, 동상 응급처치 키트 배치",이상 징후(쓰러짐·발열·외상) 발견 즉시 위험 단계 상향,야영장 — 장기 체류자 탈수·열사병 위험
F01,오토캠핑장A,매우혼잡,강풍|야간|우천|폭염,4,0.1339,주의,🟡,0.1058,0.88,0.0612,0.0588,예방 모니터 1명 + 대기 요원 1명,"구급함, 무전기, 음용수, 그늘막","예방 순찰 30분 간격 강화 | 응급 대응 장비 위치·작동 상태 점검 | 고위험 방문객 (노약자·어린이·임산부) 적극 모니터링 | 기상 변화·밀도 실시간 확인 | 대기 인력 현장 근접 배치 | [폭염] 그늘·음용수 추가 배치, 열사병 집중 모니터링, 피크타임 야외 자제 권고 | [우천] 미끄러짐 주의 안내, 낙뢰 위험 시설 대피, 우천 장비 점검 | [강풍] 낙하물 위험 구역 통제, 야외 구조물·천막 긴급 점검 | [야간] 조명 확보 및 시야 불량 구역 안전선 설치, 야간 순찰 강화",이상 징후(쓰러짐·발열·외상) 발견 즉시 위험 단계 상향,야영장 — 장기 체류자 탈수·열사병 위험
F01,오토캠핑장A,매우혼잡,강풍|우천|폭염|피크타임,4,0.1411,주의,🟡,0.1058,0.725,0.1725,0.1025,예방 모니터 1명 + 대기 요원 1명,"구급함, 무전기, 음용수, 그늘막","예방 순찰 30분 간격 강화 | 응급 대응 장비 위치·작동 상태 점검 | 고위험 방문객 (노약자·어린이·임산부) 적극 모니터링 | 기상 변화·밀도 실시간 확인 | 대기 인력 현장 근접 배치 | [폭염] 그늘·음용수 추가 배치, 열사병 집중 모니터링, 피크타임 야외 자제 권고 | [우천] 미끄러짐 주의 안내, 낙뢰 위험 시설 대피, 우천 장비 점검 | [강풍] 낙하물 위험 구역 통제, 야외 구조물·천막 긴급 점검",이상 징후(쓰러짐·발열·외상) 발견 즉시 위험 단계 상향,야영장 — 장기 체류자 탈수·열사병 위험
F01,오토캠핑장A,매우혼잡,야간|우천|폭염|피크타임,4,0.1339,주의,🟡,0.1058,0.88,0.0612,0.0588,예방 모니터 1명 + 대기 요원 1명,"구급함, 무전기, 음용수, 그늘막","예방 순찰 30분 간격 강화 | 응급 대응 장비 위치·작동 상태 점검 | 고위험 방문객 (노약자·어린이·임산부) 적극 모니터링 | 기상 변화·밀도 실시간 확인 | 대기 인력 현장 근접 배치 | [폭염] 그늘·음용수 추가 배치, 열사병 집중 모니터링, 피크타임 야외 자제 권고 | [우천] 미끄러짐 주의 안내, 낙뢰 위험 시설 대피, 우천 장비 점검 | [야간] 조명 확보 및 시야 불량 구역 안전선 설치, 야간 순찰 강화",이상 징후(쓰러짐·발열·외상) 발견 즉시 위험 단계 상향,야영장 — 장기 체류자 탈수·열사병 위험
F01,오토캠핑장A,매우혼잡,강풍|야간|폭염|한파,4,0.1312,주의,🟡,0.1058,0.8949,0.089,0.016,예방 모니터 1명 + 대기 요원 1명,"구급함, 무전기, 음용수, 그늘막","예방 순찰 30분 간격 강화 | 응급 대응 장비 위치·작동 상태 점검 | 고위험 방문객 (노약자·어린이·임산부) 적극 모니터링 | 기상 변화·밀도 실시간 확인 | 대기 인력 현장 근접 배치 | [폭염] 그늘·음용수 추가 배치, 열사병 집중 모니터링, 피크타임 야외 자제 권고 | [한파] 저체온증 위험 모니터링, 실내 대피 공간 운영, 동상 응급처치 키트 배치 | [강풍] 낙하물 위험 구역 통제, 야외 구조물·천막 긴급 점검 | [야간] 조명 확보 및 시야 불량 구역 안전선 설치, 야간 순찰 강화",이상 징후(쓰러짐·발열·외상) 발견 즉시 위험 단계 상향,야영장 — 장기 체류자 탈수·열사병 위험
F01,오토캠핑장A,매우혼잡,강풍|폭염|피크타임|한파,4,0.1345,주의,🟡,0.1058,0.8018,0.1747,0.0235,예방 모니터 1명 + 대기 요원 1명,"구급함, 무전기, 음용수, 그늘막","예방 순찰 30분 간격 강화 | 응급 대응 장비 위치·작동 상태 점검 | 고위험 방문객 (노약자·어린이·임산부) 적극 모니터링 | 기상 변화·밀도 실시간 확인 | 대기 인력 현장 근접 배치 | [폭염] 그늘·음용수 추가 배치, 열사병 집중 모니터링, 피크타임 야외 자제 권고 | [한파] 저체온증 위험 모니터링, 실내 대피 공간 운영, 동상 응급처치 키트 배치 | [강풍] 낙하물 위험 구역 통제, 야외 구조물·천막 긴급 점검",이상 징후(쓰러짐·발열·외상) 발견 즉시 위험 단계 상향,야영장 — 장기 체류자 탈수·열사병 위험
F01,오토캠핑장A,매우혼잡,야간|폭염|피크타임|한파,4,0.1312,주의,🟡,0.1058,0.8949,0.089,0.016,예방 모니터 1명 + 대기 요원 1명,"구급함, 무전기, 음용수, 그늘막","예방 순찰 30분 간격 강화 | 응급 대응 장비 위치·작동 상태 점검 | 고위험 방문객 (노약자·어린이·임산부) 적극 모니터링 | 기상 변화·밀도 실시간 확인 | 대기 인력 현장 근접 배치 | [폭염] 그늘·음용수 추가 배치, 열사병 집중 모니터링, 피크타임 야외 자제 권고 | [한파] 저체온증 위험 모니터링, 실내 대피 공간 운영, 동상 응급처치 키트 배치 | [야간] 조명 확보 및 시야 불량 구역 안전선 설치, 야간 순찰 강화",이상 징후(쓰러짐·발열·외상) 발견 즉시 위험 단계 상향,야영장 — 장기 체류자 탈수·열사병 위험
F01,오토캠핑장A,매우혼잡,강풍|야간|폭염|피크타임,4,0.1312,주의,🟡,0.1058,0.8949,0.089,0.016,예방 모니터 1명 + 대기 요원 1명,"구급함, 무전기, 음용수, 그늘막","예방 순찰 30분 간격 강화 | 응급 대응 장비 위치·작동 상태 점검 | 고위험 방문객 (노약자·어린이·임산부) 적극 모니터링 | 기상 변화·밀도 실시간 확인 | 대기 인력 현장 근접 배치 | [폭염] 그늘·음용수 추가 배치, 열사병 집중 모니터링, 피크타임 야외 자제 권고 | [강풍] 낙하물 위험 구역 통제, 야외 구조물·천막 긴급 점검 | [야간] 조명 확보 및 시야 불량 구역 안전선 설치, 야간 순찰 강화",이상 징후(쓰러짐·발열·외상) 발견 즉시 위험 단계 상향,야영장 — 장기 체류자 탈수·열사병 위험
F01,오토캠핑장A,매우혼잡,강풍|야간|우천|한파,4,0.1196,주의,🟡,0.0969,0.9235,0.0527,0.0238,예방 모니터 1명 + 대기 요원 1명,"구급함, 무전기, 음용수, 그늘막","예방 순찰 30분 간격 강화 | 응급 대응 장비 위치·작동 상태 점검 | 고위험 방문객 (노약자·어린이·임산부) 적극 모니터링 | 기상 변화·밀도 실시간 확인 | 대기 인력 현장 근접 배치 | [우천] 미끄러짐 주의 안내, 낙뢰 위험 시설 대피, 우천 장비 점검 | [한파] 저체온증 위험 모니터링, 실내 대피 공간 운영, 동상 응급처치 키트 배치 | [강풍] 낙하물 위험 구역 통제, 야외 구조물·천막 긴급 점검 | [야간] 조명 확보 및 시야 불량 구역 안전선 설치, 야간 순찰 강화",이상 징후(쓰러짐·발열·외상) 발견 즉시 위험 단계 상향,야영장 — 장기 체류자 탈수·열사병 위험
F01,오토캠핑장A,매우혼잡,강풍|우천|피크타임|한파,4,0.1186,주의,🟡,0.0969,0.9499,0.0319,0.0182,예방 모니터 1명 + 대기 요원 1명,"구급함, 무전기, 음용수, 그늘막","예방 순찰 30분 간격 강화 | 응급 대응 장비 위치·작동 상태 점검 | 고위험 방문객 (노약자·어린이·임산부) 적극 모니터링 | 기상 변화·밀도 실시간 확인 | 대기 인력 현장 근접 배치 | [우천] 미끄러짐 주의 안내, 낙뢰 위험 시설 대피, 우천 장비 점검 | [한파] 저체온증 위험 모니터링, 실내 대피 공간 운영, 동상 응급처치 키트 배치 | [강풍] 낙하물 위험 구역 통제, 야외 구조물·천막 긴급 점검",이상 징후(쓰러짐·발열·외상) 발견 즉시 위험 단계 상향,야영장 — 장기 체류자 탈수·열사병 위험
F01,오토캠핑장A,매우혼잡,야간|우천|피크타임|한파,4,0.1196,주의,🟡,0.0969,0.9235,0.0527,0.0238,예방 모니터 1명 + 대기 요원 1명,"구급함, 무전기, 음용수, 그늘막","예방 순찰 30분 간격 강화 | 응급 대응 장비 위치·작동 상태 점검 | 고위험 방문객 (노약자·어린이·임산부) 적극 모니터링 | 기상 변화·밀도 실시간 확인 | 대기 인력 현장 근접 배치 | [우천] 미끄러짐 주의 안내, 낙뢰 위험 시설 대피, 우천 장비 점검 | [한파] 저체온증 위험 모니터링, 실내 대피 공간 운영, 동상 응급처치 키트 배치 | [야간] 조명 확보 및 시야 불량 구역 안전선 설치, 야간 순찰 강화",이상 징후(쓰러짐·발열·외상) 발견 즉시 위험 단계 상향,야영장 — 장기 체류자 탈수·열사병 위험
F01,오토캠핑장A,매우혼잡,강풍|야간|우천|피크타임,4,0.1179,주의,🟡,0.0969,0.952,0.0423,0.0057,예방 모니터 1명 + 대기 요원 1명,"구급함, 무전기, 음용수, 그늘막","예방 순찰 30분 간격 강화 | 응급 대응 장비 위치·작동 상태 점검 | 고위험 방문객 (노약자·어린이·임산부) 적극 모니터링 | 기상 변화·밀도 실시간 확인 | 대기 인력 현장 근접 배치 | [우천] 미끄러짐 주의 안내, 낙뢰 위험 시설 대피, 우천 장비 점검 | [강풍] 낙하물 위험 구역 통제, 야외 구조물·천막 긴급 점검 | [야간] 조명 확보 및 시야 불량 구역 안전선 설치, 야간 순찰 강화",이상 징후(쓰러짐·발열·외상) 발견 즉시 위험 단계 상향,야영장 — 장기 체류자 탈수·열사병 위험
F01,오토캠핑장A,매우혼잡,강풍|야간|피크타임|한파,4,0.1211,주의,🟡,0.0969,0.8657,0.1142,0.0201,예방 모니터 1명 + 대기 요원 1명,"구급함, 무전기, 음용수, 그늘막","예방 순찰 30분 간격 강화 | 응급 대응 장비 위치·작동 상태 점검 | 고위험 방문객 (노약자·어린이·임산부) 적극 모니터링 | 기상 변화·밀도 실시간 확인 | 대기 인력 현장 근접 배치 | [한파] 저체온증 위험 모니터링, 실내 대피 공간 운영, 동상 응급처치 키트 배치 | [강풍] 낙하물 위험 구역 통제, 야외 구조물·천막 긴급 점검 | [야간] 조명 확보 및 시야 불량 구역 안전선 설치, 야간 순찰 강화",이상 징후(쓰러짐·발열·외상) 발견 즉시 위험 단계 상향,야영장 — 장기 체류자 탈수·열사병 위험
F01,오토캠핑장A,매우혼잡,강풍|야간|우천|폭염|한파,5,0.1339,주의,🟡,0.1058,0.88,0.0612,0.0588,예방 모니터 1명 + 대기 요원 1명,"구급함, 무전기, 음용수, 그늘막","예방 순찰 30분 간격 강화 | 응급 대응 장비 위치·작동 상태 점검 | 고위험 방문객 (노약자·어린이·임산부) 적극 모니터링 | 기상 변화·밀도 실시간 확인 | 대기 인력 현장 근접 배치 | [폭염] 그늘·음용수 추가 배치, 열사병 집중 모니터링, 피크타임 야외 자제 권고 | [우천] 미끄러짐 주의 안내, 낙뢰 위험 시설 대피, 우천 장비 점검 | [한파] 저체온증 위험 모니터링, 실내 대피 공간 운영, 동상 응급처치 키트 배치 | [강풍] 낙하물 위험 구역 통제, 야외 구조물·천막 긴급 점검 | [야간] 조명 확보 및 시야 불량 구역 안전선 설치, 야간 순찰 강화",이상 징후(쓰러짐·발열·외상) 발견 즉시 위험 단계 상향,야영장 — 장기 체류자 탈수·열사병 위험
F01,오토캠핑장A,매우혼잡,강풍|우천|폭염|피크타임|한파,5,0.1411,주의,🟡,0.1058,0.725,0.1725,0.1025,예방 모니터 1명 + 대기 요원 1명,"구급함, 무전기, 음용수, 그늘막","예방 순찰 30분 간격 강화 | 응급 대응 장비 위치·작동 상태 점검 | 고위험 방문객 (노약자·어린이·임산부) 적극 모니터링 | 기상 변화·밀도 실시간 확인 | 대기 인력 현장 근접 배치 | [폭염] 그늘·음용수 추가 배치, 열사병 집중 모니터링, 피크타임 야외 자제 권고 | [우천] 미끄러짐 주의 안내, 낙뢰 위험 시설 대피, 우천 장비 점검 | [한파] 저체온증 위험 모니터링, 실내 대피 공간 운영, 동상 응급처치 키트 배치 | [강풍] 낙하물 위험 구역 통제, 야외 구조물·천막 긴급 점검",이상 징후(쓰러짐·발열·외상) 발견 즉시 위험 단계 상향,야영장 — 장기 체류자 탈수·열사병 위험
F01,오토캠핑장A,매우혼잡,야간|우천|폭염|피크타임|한파,5,0.1339,주의,🟡,0.1058,0.88,0.0612,0.0588,예방 모니터 1명 + 대기 요원 1명,"구급함, 무전기, 음용수, 그늘막","예방 순찰 30분 간격 강화 | 응급 대응 장비 위치·작동 상태 점검 | 고위험 방문객 (노약자·어린이·임산부) 적극 모니터링 | 기상 변화·밀도 실시간 확인 | 대기 인력 현장 근접 배치 | [폭염] 그늘·음용수 추가 배치, 열사병 집중 모니터링, 피크타임 야외 자제 권고 | [우천] 미끄러짐 주의 안내, 낙뢰 위험 시설 대피, 우천 장비 점검 | [한파] 저체온증 위험 모니터링, 실내 대피 공간 운영, 동상 응급처치 키트 배치 | [야간] 조명 확보 및 시야 불량 구역 안전선 설치, 야간 순찰 강화",이상 징후(쓰러짐·발열·외상) 발견 즉시 위험 단계 상향,야영장 — 장기 체류자 탈수·열사병 위험
F01,오토캠핑장A,매우혼잡,강풍|야간|우천|폭염|피크타임,5,0.1339,주의,🟡,0.1058,0.88,0.0612,0.0588,예방 모니터 1명 + 대기 요원 1명,"구급함, 무전기, 음용수, 그늘막","예방 순찰 30분 간격 강화 | 응급 대응 장비 위치·작동 상태 점검 | 고위험 방문객 (노약자·어린이·임산부) 적극 모니터링 | 기상 변화·밀도 실시간 확인 | 대기 인력 현장 근접 배치 | [폭염] 그늘·음용수 추가 배치, 열사병 집중 모니터링, 피크타임 야외 자제 권고 | [우천] 미끄러짐 주의 안내, 낙뢰 위험 시설 대피, 우천 장비 점검 | [강풍] 낙하물 위험 구역 통제, 야외 구조물·천막 긴급 점검 | [야간] 조명 확보 및 시야 불량 구역 안전선 설치, 야간 순찰 강화",이상 징후(쓰러짐·발열·외상) 발견 즉시 위험 단계 상향,야영장 — 장기 체류자 탈수·열사병 위험
F01,오토캠핑장A,매우혼잡,강풍|야간|폭염|피크타임|한파,5,0.1312,주의,🟡,0.1058,0.8949,0.089,0.016,예방 모니터 1명 + 대기 요원 1명,"구급함, 무전기, 음용수, 그늘막","예방 순찰 30분 간격 강화 | 응급 대응 장비 위치·작동 상태 점검 | 고위험 방문객 (노약자·어린이·임산부) 적극 모니터링 | 기상 변화·밀도 실시간 확인 | 대기 인력 현장 근접 배치 | [폭염] 그늘·음용수 추가 배치, 열사병 집중 모니터링, 피크타임 야외 자제 권고 | [한파] 저체온증 위험 모니터링, 실내 대피 공간 운영, 동상 응급처치 키트 배치 | [강풍] 낙하물 위험 구역 통제, 야외 구조물·천막 긴급 점검 | [야간] 조명 확보 및 시야 불량 구역 안전선 설치, 야간 순찰 강화",이상 징후(쓰러짐·발열·외상) 발견 즉시 위험 단계 상향,야영장 — 장기 체류자 탈수·열사병 위험
F01,오토캠핑장A,매우혼잡,강풍|야간|우천|피크타임|한파,5,0.1196,주의,🟡,0.0969,0.9235,0.0527,0.0238,예방 모니터 1명 + 대기 요원 1명,"구급함, 무전기, 음용수, 그늘막","예방 순찰 30분 간격 강화 | 응급 대응 장비 위치·작동 상태 점검 | 고위험 방문객 (노약자·어린이·임산부) 적극 모니터링 | 기상 변화·밀도 실시간 확인 | 대기 인력 현장 근접 배치 | [우천] 미끄러짐 주의 안내, 낙뢰 위험 시설 대피, 우천 장비 점검 | [한파] 저체온증 위험 모니터링, 실내 대피 공간 운영, 동상 응급처치 키트 배치 | [강풍] 낙하물 위험 구역 통제, 야외 구조물·천막 긴급 점검 | [야간] 조명 확보 및 시야 불량 구역 안전선 설치, 야간 순찰 강화",이상 징후(쓰러짐·발열·외상) 발견 즉시 위험 단계 상향,야영장 — 장기 체류자 탈수·열사병 위험
F01,오토캠핑장A,매우혼잡,강풍|야간|우천|폭염|피크타임|한파,6,0.1339,주의,🟡,0.1058,0.88,0.0612,0.0588,예방 모니터 1명 + 대기 요원 1명,"구급함, 무전기, 음용수, 그늘막","예방 순찰 30분 간격 강화 | 응급 대응 장비 위치·작동 상태 점검 | 고위험 방문객 (노약자·어린이·임산부) 적극 모니터링 | 기상 변화·밀도 실시간 확인 | 대기 인력 현장 근접 배치 | [폭염] 그늘·음용수 추가 배치, 열사병 집중 모니터링, 피크타임 야외 자제 권고 | [우천] 미끄러짐 주의 안내, 낙뢰 위험 시설 대피, 우천 장비 점검 | [한파] 저체온증 위험 모니터링, 실내 대피 공간 운영, 동상 응급처치 키트 배치 | [강풍] 낙하물 위험 구역 통제, 야외 구조물·천막 긴급 점검 | [야간] 조명 확보 및 시야 불량 구역 안전선 설치, 야간 순찰 강화",이상 징후(쓰러짐·발열·외상) 발견 즉시 위험 단계 상향,야영장 — 장기 체류자 탈수·열사병 위험
F02,오토캠핑장B,여유,없음,0,0.035,관찰,🔵,0.028,0.8498,0.1458,0.0044,순찰 요원 1명,"구급함, 무전기",일반 안전 순찰 60분 간격 유지 | 기상특보·예보 확인 | 방문객 밀도 추이 모니터링 | 비상 연락망 점검,기상특보 발령 또는 밀도 > 0.6 시 주의 단계 상향,야영장 — 장기 체류자 탈수·열사병 위험
F02,오토캠핑장B,여유,폭염,1,0.0386,관찰,🔵,0.028,0.6474,0.2072,0.1454,순찰 요원 1명,"구급함, 무전기","일반 안전 순찰 60분 간격 유지 | 기상특보·예보 확인 | 방문객 밀도 추이 모니터링 | 비상 연락망 점검 | [폭염] 그늘·음용수 추가 배치, 열사병 집중 모니터링, 피크타임 야외 자제 권고",기상특보 발령 또는 밀도 > 0.6 시 주의 단계 상향,야영장 — 장기 체류자 탈수·열사병 위험
F02,오토캠핑장B,여유,우천,1,0.0376,관찰,🔵,0.028,0.5387,0.457,0.0043,순찰 요원 1명,"구급함, 무전기","일반 안전 순찰 60분 간격 유지 | 기상특보·예보 확인 | 방문객 밀도 추이 모니터링 | 비상 연락망 점검 | [우천] 미끄러짐 주의 안내, 낙뢰 위험 시설 대피, 우천 장비 점검",기상특보 발령 또는 밀도 > 0.6 시 주의 단계 상향,야영장 — 장기 체류자 탈수·열사병 위험
F02,오토캠핑장B,여유,한파,1,0.1451,주의,🟡,0.0969,0.1514,0.7609,0.0877,예방 모니터 1명 + 대기 요원 1명,"구급함, 무전기, 음용수, 그늘막","예방 순찰 30분 간격 강화 | 응급 대응 장비 위치·작동 상태 점검 | 고위험 방문객 (노약자·어린이·임산부) 적극 모니터링 | 기상 변화·밀도 실시간 확인 | 대기 인력 현장 근접 배치 | [한파] 저체온증 위험 모니터링, 실내 대피 공간 운영, 동상 응급처치 키트 배치",이상 징후(쓰러짐·발열·외상) 발견 즉시 위험 단계 상향,야영장 — 장기 체류자 탈수·열사병 위험
F02,오토캠핑장B,여유,강풍,1,0.04,관찰,🔵,0.028,0.2549,0.7412,0.0039,순찰 요원 1명,"구급함, 무전기","일반 안전 순찰 60분 간격 유지 | 기상특보·예보 확인 | 방문객 밀도 추이 모니터링 | 비상 연락망 점검 | [강풍] 낙하물 위험 구역 통제, 야외 구조물·천막 긴급 점검",기상특보 발령 또는 밀도 > 0.6 시 주의 단계 상향,야영장 — 장기 체류자 탈수·열사병 위험
F02,오토캠핑장B,여유,야간,1,0.0341,관찰,🔵,0.028,0.9587,0.0329,0.0083,순찰 요원 1명,"구급함, 무전기","일반 안전 순찰 60분 간격 유지 | 기상특보·예보 확인 | 방문객 밀도 추이 모니터링 | 비상 연락망 점검 | [야간] 조명 확보 및 시야 불량 구역 안전선 설치, 야간 순찰 강화",기상특보 발령 또는 밀도 > 0.6 시 주의 단계 상향,야영장 — 장기 체류자 탈수·열사병 위험
F02,오토캠핑장B,여유,피크타임,1,0.0349,관찰,🔵,0.028,0.893,0.0817,0.0253,순찰 요원 1명,"구급함, 무전기",일반 안전 순찰 60분 간격 유지 | 기상특보·예보 확인 | 방문객 밀도 추이 모니터링 | 비상 연락망 점검,기상특보 발령 또는 밀도 > 0.6 시 주의 단계 상향,야영장 — 장기 체류자 탈수·열사병 위험
F02,오토캠핑장B,여유,우천|폭염,2,0.0376,관찰,🔵,0.028,0.7328,0.1488,0.1183,순찰 요원 1명,"구급함, 무전기","일반 안전 순찰 60분 간격 유지 | 기상특보·예보 확인 | 방문객 밀도 추이 모니터링 | 비상 연락망 점검 | [폭염] 그늘·음용수 추가 배치, 열사병 집중 모니터링, 피크타임 야외 자제 권고 | [우천] 미끄러짐 주의 안내, 낙뢰 위험 시설 대피, 우천 장비 점검",기상특보 발령 또는 밀도 > 0.6 시 주의 단계 상향,야영장 — 장기 체류자 탈수·열사병 위험
F02,오토캠핑장B,여유,폭염|한파,2,0.0386,관찰,🔵,0.028,0.6474,0.2072,0.1454,순찰 요원 1명,"구급함, 무전기","일반 안전 순찰 60분 간격 유지 | 기상특보·예보 확인 | 방문객 밀도 추이 모니터링 | 비상 연락망 점검 | [폭염] 그늘·음용수 추가 배치, 열사병 집중 모니터링, 피크타임 야외 자제 권고 | [한파] 저체온증 위험 모니터링, 실내 대피 공간 운영, 동상 응급처치 키트 배치",기상특보 발령 또는 밀도 > 0.6 시 주의 단계 상향,야영장 — 장기 체류자 탈수·열사병 위험
F02,오토캠핑장B,여유,강풍|폭염,2,0.0386,관찰,🔵,0.028,0.6474,0.2072,0.1454,순찰 요원 1명,"구급함, 무전기","일반 안전 순찰 60분 간격 유지 | 기상특보·예보 확인 | 방문객 밀도 추이 모니터링 | 비상 연락망 점검 | [폭염] 그늘·음용수 추가 배치, 열사병 집중 모니터링, 피크타임 야외 자제 권고 | [강풍] 낙하물 위험 구역 통제, 야외 구조물·천막 긴급 점검",기상특보 발령 또는 밀도 > 0.6 시 주의 단계 상향,야영장 — 장기 체류자 탈수·열사병 위험
F02,오토캠핑장B,여유,야간|폭염,2,0.0359,관찰,🔵,0.028,0.8878,0.017,0.0953,순찰 요원 1명,"구급함, 무전기","일반 안전 순찰 60분 간격 유지 | 기상특보·예보 확인 | 방문객 밀도 추이 모니터링 | 비상 연락망 점검 | [폭염] 그늘·음용수 추가 배치, 열사병 집중 모니터링, 피크타임 야외 자제 권고 | [야간] 조명 확보 및 시야 불량 구역 안전선 설치, 야간 순찰 강화",기상특보 발령 또는 밀도 > 0.6 시 주의 단계 상향,야영장 — 장기 체류자 탈수·열사병 위험
F02,오토캠핑장B,여유,폭염|피크타임,2,0.0424,관찰,🔵,0.028,0.5053,0.165,0.3297,순찰 요원 1명,"구급함, 무전기","일반 안전 순찰 60분 간격 유지 | 기상특보·예보 확인 | 방문객 밀도 추이 모니터링 | 비상 연락망 점검 | [폭염] 그늘·음용수 추가 배치, 열사병 집중 모니터링, 피크타임 야외 자제 권고",기상특보 발령 또는 밀도 > 0.6 시 주의 단계 상향,야영장 — 장기 체류자 탈수·열사병 위험
F02,오토캠핑장B,여유,우천|한파,2,0.0412,관찰,🔵,0.028,0.1862,0.7666,0.0472,순찰 요원 1명,"구급함, 무전기","일반 안전 순찰 60분 간격 유지 | 기상특보·예보 확인 | 방문객 밀도 추이 모니터링 | 비상 연락망 점검 | [우천] 미끄러짐 주의 안내, 낙뢰 위험 시설 대피, 우천 장비 점검 | [한파] 저체온증 위험 모니터링, 실내 대피 공간 운영, 동상 응급처치 키트 배치",기상특보 발령 또는 밀도 > 0.6 시 주의 단계 상향,야영장 — 장기 체류자 탈수·열사병 위험
F02,오토캠핑장B,여유,강풍|우천,2,0.039,관찰,🔵,0.028,0.3756,0.6158,0.0085,순찰 요원 1명,"구급함, 무전기","일반 안전 순찰 60분 간격 유지 | 기상특보·예보 확인 | 방문객 밀도 추이 모니터링 | 비상 연락망 점검 | [우천] 미끄러짐 주의 안내, 낙뢰 위험 시설 대피, 우천 장비 점검 | [강풍] 낙하물 위험 구역 통제, 야외 구조물·천막 긴급 점검",기상특보 발령 또는 밀도 > 0.6 시 주의 단계 상향,야영장 — 장기 체류자 탈수·열사병 위험
F02,오토캠핑장B,여유,야간|우천,2,0.0341,관찰,🔵,0.028,0.9604,0.0343,0.0053,순찰 요원 1명,"구급함, 무전기","일반 안전 순찰 60분 간격 유지 | 기상특보·예보 확인 | 방문객 밀도 추이 모니터링 | 비상 연락망 점검 | [우천] 미끄러짐 주의 안내, 낙뢰 위험 시설 대피, 우천 장비 점검 | [야간] 조명 확보 및 시야 불량 구역 안전선 설치, 야간 순찰 강화",기상특보 발령 또는 밀도 > 0.6 시 주의 단계 상향,야영장 — 장기 체류자 탈수·열사병 위험
F02,오토캠핑장B,여유,우천|피크타임,2,0.0373,관찰,🔵,0.028,0.6519,0.2963,0.0518,순찰 요원 1명,"구급함, 무전기","일반 안전 순찰 60분 간격 유지 | 기상특보·예보 확인 | 방문객 밀도 추이 모니터링 | 비상 연락망 점검 | [우천] 미끄러짐 주의 안내, 낙뢰 위험 시설 대피, 우천 장비 점검",기상특보 발령 또는 밀도 > 0.6 시 주의 단계 상향,야영장 — 장기 체류자 탈수·열사병 위험
F02,오토캠핑장B,여유,강풍|한파,2,0.1451,주의,🟡,0.0969,0.1514,0.7609,0.0877,예방 모니터 1명 + 대기 요원 1명,"구급함, 무전기, 음용수, 그늘막","예방 순찰 30분 간격 강화 | 응급 대응 장비 위치·작동 상태 점검 | 고위험 방문객 (노약자·어린이·임산부) 적극 모니터링 | 기상 변화·밀도 실시간 확인 | 대기 인력 현장 근접 배치 | [한파] 저체온증 위험 모니터링, 실내 대피 공간 운영, 동상 응급처치 키트 배치 | [강풍] 낙하물 위험 구역 통제, 야외 구조물·천막 긴급 점검",이상 징후(쓰러짐·발열·외상) 발견 즉시 위험 단계 상향,야영장 — 장기 체류자 탈수·열사병 위험
F02,오토캠핑장B,여유,야간|한파,2,0.1408,주의,🟡,0.0969,0.3295,0.5659,0.1046,예방 모니터 1명 + 대기 요원 1명,"구급함, 무전기, 음용수, 그늘막","예방 순찰 30분 간격 강화 | 응급 대응 장비 위치·작동 상태 점검 | 고위험 방문객 (노약자·어린이·임산부) 적극 모니터링 | 기상 변화·밀도 실시간 확인 | 대기 인력 현장 근접 배치 | [한파] 저체온증 위험 모니터링, 실내 대피 공간 운영, 동상 응급처치 키트 배치 | [야간] 조명 확보 및 시야 불량 구역 안전선 설치, 야간 순찰 강화",이상 징후(쓰러짐·발열·외상) 발견 즉시 위험 단계 상향,야영장 — 장기 체류자 탈수·열사병 위험
F02,오토캠핑장B,여유,피크타임|한파,2,0.1536,위험,🔴,0.0969,0.2187,0.4791,0.3022,대응팀장 1명 + 응급처치 요원 2명 이상,"AED, 들것, 응급의약품, 무전기, 안전펜스","응급 대응팀 즉시 현장 파견 | 응급 장비 준비 (AED, 들것, 응급의약품 키트) | 방문객 안전구역 유도 및 해당 시설 일시 폐쇄 검토 | 119 사전 연락 및 대기 지시 | 관리자·시설장 즉시 보고 | [한파] 저체온증 위험 모니터링, 실내 대피 공간 운영, 동상 응급처치 키트 배치",P(중증) > 0.30 → 119 즉시 출동 요청 / 의식 불명 → 헬기 이송 검토,야영장 — 장기 체류자 탈수·열사병 위험
F02,오토캠핑장B,여유,강풍|야간,2,0.0376,관찰,🔵,0.028,0.5401,0.4556,0.0043,순찰 요원 1명,"구급함, 무전기","일반 안전 순찰 60분 간격 유지 | 기상특보·예보 확인 | 방문객 밀도 추이 모니터링 | 비상 연락망 점검 | [강풍] 낙하물 위험 구역 통제, 야외 구조물·천막 긴급 점검 | [야간] 조명 확보 및 시야 불량 구역 안전선 설치, 야간 순찰 강화",기상특보 발령 또는 밀도 > 0.6 시 주의 단계 상향,야영장 — 장기 체류자 탈수·열사병 위험
F02,오토캠핑장B,여유,강풍|피크타임,2,0.039,관찰,🔵,0.028,0.4176,0.5496,0.0328,순찰 요원 1명,"구급함, 무전기","일반 안전 순찰 60분 간격 유지 | 기상특보·예보 확인 | 방문객 밀도 추이 모니터링 | 비상 연락망 점검 | [강풍] 낙하물 위험 구역 통제, 야외 구조물·천막 긴급 점검",기상특보 발령 또는 밀도 > 0.6 시 주의 단계 상향,야영장 — 장기 체류자 탈수·열사병 위험
F02,오토캠핑장B,여유,야간|피크타임,2,0.0341,관찰,🔵,0.028,0.9587,0.0329,0.0083,순찰 요원 1명,"구급함, 무전기","일반 안전 순찰 60분 간격 유지 | 기상특보·예보 확인 | 방문객 밀도 추이 모니터링 | 비상 연락망 점검 | [야간] 조명 확보 및 시야 불량 구역 안전선 설치, 야간 순찰 강화",기상특보 발령 또는 밀도 > 0.6 시 주의 단계 상향,야영장 — 장기 체류자 탈수·열사병 위험
F02,오토캠핑장B,여유,우천|폭염|한파,3,0.0376,관찰,🔵,0.028,0.7328,0.1488,0.1183,순찰 요원 1명,"구급함, 무전기","일반 안전 순찰 60분 간격 유지 | 기상특보·예보 확인 | 방문객 밀도 추이 모니터링 | 비상 연락망 점검 | [폭염] 그늘·음용수 추가 배치, 열사병 집중 모니터링, 피크타임 야외 자제 권고 | [우천] 미끄러짐 주의 안내, 낙뢰 위험 시설 대피, 우천 장비 점검 | [한파] 저체온증 위험 모니터링, 실내 대피 공간 운영, 동상 응급처치 키트 배치",기상특보 발령 또는 밀도 > 0.6 시 주의 단계 상향,야영장 — 장기 체류자 탈수·열사병 위험
F02,오토캠핑장B,여유,강풍|우천|폭염,3,0.0376,관찰,🔵,0.028,0.7328,0.1488,0.1183,순찰 요원 1명,"구급함, 무전기","일반 안전 순찰 60분 간격 유지 | 기상특보·예보 확인 | 방문객 밀도 추이 모니터링 | 비상 연락망 점검 | [폭염] 그늘·음용수 추가 배치, 열사병 집중 모니터링, 피크타임 야외 자제 권고 | [우천] 미끄러짐 주의 안내, 낙뢰 위험 시설 대피, 우천 장비 점검 | [강풍] 낙하물 위험 구역 통제, 야외 구조물·천막 긴급 점검",기상특보 발령 또는 밀도 > 0.6 시 주의 단계 상향,야영장 — 장기 체류자 탈수·열사병 위험
F02,오토캠핑장B,여유,야간|우천|폭염,3,0.0347,관찰,🔵,0.028,0.95,0.0042,0.0458,순찰 요원 1명,"구급함, 무전기","일반 안전 순찰 60분 간격 유지 | 기상특보·예보 확인 | 방문객 밀도 추이 모니터링 | 비상 연락망 점검 | [폭염] 그늘·음용수 추가 배치, 열사병 집중 모니터링, 피크타임 야외 자제 권고 | [우천] 미끄러짐 주의 안내, 낙뢰 위험 시설 대피, 우천 장비 점검 | [야간] 조명 확보 및 시야 불량 구역 안전선 설치, 야간 순찰 강화",기상특보 발령 또는 밀도 > 0.6 시 주의 단계 상향,야영장 — 장기 체류자 탈수·열사병 위험
F02,오토캠핑장B,여유,우천|폭염|피크타임,3,0.0432,관찰,🔵,0.028,0.4759,0.1536,0.3705,순찰 요원 1명,"구급함, 무전기","일반 안전 순찰 60분 간격 유지 | 기상특보·예보 확인 | 방문객 밀도 추이 모니터링 | 비상 연락망 점검 | [폭염] 그늘·음용수 추가 배치, 열사병 집중 모니터링, 피크타임 야외 자제 권고 | [우천] 미끄러짐 주의 안내, 낙뢰 위험 시설 대피, 우천 장비 점검",기상특보 발령 또는 밀도 > 0.6 시 주의 단계 상향,야영장 — 장기 체류자 탈수·열사병 위험
F02,오토캠핑장B,여유,강풍|폭염|한파,3,0.0386,관찰,🔵,0.028,0.6474,0.2072,0.1454,순찰 요원 1명,"구급함, 무전기","일반 안전 순찰 60분 간격 유지 | 기상특보·예보 확인 | 방문객 밀도 추이 모니터링 | 비상 연락망 점검 | [폭염] 그늘·음용수 추가 배치, 열사병 집중 모니터링, 피크타임 야외 자제 권고 | [한파] 저체온증 위험 모니터링, 실내 대피 공간 운영, 동상 응급처치 키트 배치 | [강풍] 낙하물 위험 구역 통제, 야외 구조물·천막 긴급 점검",기상특보 발령 또는 밀도 > 0.6 시 주의 단계 상향,야영장 — 장기 체류자 탈수·열사병 위험
F02,오토캠핑장B,여유,야간|폭염|한파,3,0.0359,관찰,🔵,0.028,0.8878,0.017,0.0953,순찰 요원 1명,"구급함, 무전기","일반 안전 순찰 60분 간격 유지 | 기상특보·예보 확인 | 방문객 밀도 추이 모니터링 | 비상 연락망 점검 | [폭염] 그늘·음용수 추가 배치, 열사병 집중 모니터링, 피크타임 야외 자제 권고 | [한파] 저체온증 위험 모니터링, 실내 대피 공간 운영, 동상 응급처치 키트 배치 | [야간] 조명 확보 및 시야 불량 구역 안전선 설치, 야간 순찰 강화",기상특보 발령 또는 밀도 > 0.6 시 주의 단계 상향,야영장 — 장기 체류자 탈수·열사병 위험
F02,오토캠핑장B,여유,폭염|피크타임|한파,3,0.0424,관찰,🔵,0.028,0.5053,0.165,0.3297,순찰 요원 1명,"구급함, 무전기","일반 안전 순찰 60분 간격 유지 | 기상특보·예보 확인 | 방문객 밀도 추이 모니터링 | 비상 연락망 점검 | [폭염] 그늘·음용수 추가 배치, 열사병 집중 모니터링, 피크타임 야외 자제 권고 | [한파] 저체온증 위험 모니터링, 실내 대피 공간 운영, 동상 응급처치 키트 배치",기상특보 발령 또는 밀도 > 0.6 시 주의 단계 상향,야영장 — 장기 체류자 탈수·열사병 위험
F02,오토캠핑장B,여유,강풍|야간|폭염,3,0.0359,관찰,🔵,0.028,0.8878,0.017,0.0953,순찰 요원 1명,"구급함, 무전기","일반 안전 순찰 60분 간격 유지 | 기상특보·예보 확인 | 방문객 밀도 추이 모니터링 | 비상 연락망 점검 | [폭염] 그늘·음용수 추가 배치, 열사병 집중 모니터링, 피크타임 야외 자제 권고 | [강풍] 낙하물 위험 구역 통제, 야외 구조물·천막 긴급 점검 | [야간] 조명 확보 및 시야 불량 구역 안전선 설치, 야간 순찰 강화",기상특보 발령 또는 밀도 > 0.6 시 주의 단계 상향,야영장 — 장기 체류자 탈수·열사병 위험
F02,오토캠핑장B,여유,강풍|폭염|피크타임,3,0.0424,관찰,🔵,0.028,0.5053,0.165,0.3297,순찰 요원 1명,"구급함, 무전기","일반 안전 순찰 60분 간격 유지 | 기상특보·예보 확인 | 방문객 밀도 추이 모니터링 | 비상 연락망 점검 | [폭염] 그늘·음용수 추가 배치, 열사병 집중 모니터링, 피크타임 야외 자제 권고 | [강풍] 낙하물 위험 구역 통제, 야외 구조물·천막 긴급 점검",기상특보 발령 또는 밀도 > 0.6 시 주의 단계 상향,야영장 — 장기 체류자 탈수·열사병 위험
F02,오토캠핑장B,여유,야간|폭염|피크타임,3,0.0359,관찰,🔵,0.028,0.8878,0.017,0.0953,순찰 요원 1명,"구급함, 무전기","일반 안전 순찰 60분 간격 유지 | 기상특보·예보 확인 | 방문객 밀도 추이 모니터링 | 비상 연락망 점검 | [폭염] 그늘·음용수 추가 배치, 열사병 집중 모니터링, 피크타임 야외 자제 권고 | [야간] 조명 확보 및 시야 불량 구역 안전선 설치, 야간 순찰 강화",기상특보 발령 또는 밀도 > 0.6 시 주의 단계 상향,야영장 — 장기 체류자 탈수·열사병 위험
F02,오토캠핑장B,여유,강풍|우천|한파,3,0.0412,관찰,🔵,0.028,0.1862,0.7666,0.0472,순찰 요원 1명,"구급함, 무전기","일반 안전 순찰 60분 간격 유지 | 기상특보·예보 확인 | 방문객 밀도 추이 모니터링 | 비상 연락망 점검 | [우천] 미끄러짐 주의 안내, 낙뢰 위험 시설 대피, 우천 장비 점검 | [한파] 저체온증 위험 모니터링, 실내 대피 공간 운영, 동상 응급처치 키트 배치 | [강풍] 낙하물 위험 구역 통제, 야외 구조물·천막 긴급 점검",기상특보 발령 또는 밀도 > 0.6 시 주의 단계 상향,야영장 — 장기 체류자 탈수·열사병 위험
F02,오토캠핑장B,여유,야간|우천|한파,3,0.0372,관찰,🔵,0.028,0.6857,0.2477,0.0666,순찰 요원 1명,"구급함, 무전기","일반 안전 순찰 60분 간격 유지 | 기상특보·예보 확인 | 방문객 밀도 추이 모니터링 | 비상 연락망 점검 | [우천] 미끄러짐 주의 안내, 낙뢰 위험 시설 대피, 우천 장비 점검 | [한파] 저체온증 위험 모니터링, 실내 대피 공간 운영, 동상 응급처치 키트 배치 | [야간] 조명 확보 및 시야 불량 구역 안전선 설치, 야간 순찰 강화",기상특보 발령 또는 밀도 > 0.6 시 주의 단계 상향,야영장 — 장기 체류자 탈수·열사병 위험
F02,오토캠핑장B,여유,우천|피크타임|한파,3,0.0433,관찰,🔵,0.028,0.2342,0.538,0.2278,순찰 요원 1명,"구급함, 무전기","일반 안전 순찰 60분 간격 유지 | 기상특보·예보 확인 | 방문객 밀도 추이 모니터링 | 비상 연락망 점검 | [우천] 미끄러짐 주의 안내, 낙뢰 위험 시설 대피, 우천 장비 점검 | [한파] 저체온증 위험 모니터링, 실내 대피 공간 운영, 동상 응급처치 키트 배치",기상특보 발령 또는 밀도 > 0.6 시 주의 단계 상향,야영장 — 장기 체류자 탈수·열사병 위험
F02,오토캠핑장B,여유,강풍|야간|우천,3,0.0346,관찰,🔵,0.028,0.8942,0.1001,0.0057,순찰 요원 1명,"구급함, 무전기","일반 안전 순찰 60분 간격 유지 | 기상특보·예보 확인 | 방문객 밀도 추이 모니터링 | 비상 연락망 점검 | [우천] 미끄러짐 주의 안내, 낙뢰 위험 시설 대피, 우천 장비 점검 | [강풍] 낙하물 위험 구역 통제, 야외 구조물·천막 긴급 점검 | [야간] 조명 확보 및 시야 불량 구역 안전선 설치, 야간 순찰 강화",기상특보 발령 또는 밀도 > 0.6 시 주의 단계 상향,야영장 — 장기 체류자 탈수·열사병 위험
F02,오토캠핑장B,여유,강풍|우천|피크타임,3,0.039,관찰,🔵,0.028,0.4954,0.4245,0.0801,순찰 요원 1명,"구급함, 무전기","일반 안전 순찰 60분 간격 유지 | 기상특보·예보 확인 | 방문객 밀도 추이 모니터링 | 비상 연락망 점검 | [우천] 미끄러짐 주의 안내, 낙뢰 위험 시설 대피, 우천 장비 점검 | [강풍] 낙하물 위험 구역 통제, 야외 구조물·천막 긴급 점검",기상특보 발령 또는 밀도 > 0.6 시 주의 단계 상향,야영장 — 장기 체류자 탈수·열사병 위험
F02,오토캠핑장B,여유,야간|우천|피크타임,3,0.0341,관찰,🔵,0.028,0.9604,0.0343,0.0053,순찰 요원 1명,"구급함, 무전기","일반 안전 순찰 60분 간격 유지 | 기상특보·예보 확인 | 방문객 밀도 추이 모니터링 | 비상 연락망 점검 | [우천] 미끄러짐 주의 안내, 낙뢰 위험 시설 대피, 우천 장비 점검 | [야간] 조명 확보 및 시야 불량 구역 안전선 설치, 야간 순찰 강화",기상특보 발령 또는 밀도 > 0.6 시 주의 단계 상향,야영장 — 장기 체류자 탈수·열사병 위험
F02,오토캠핑장B,여유,강풍|야간|한파,3,0.1408,주의,🟡,0.0969,0.3295,0.5659,0.1046,예방 모니터 1명 + 대기 요원 1명,"구급함, 무전기, 음용수, 그늘막","예방 순찰 30분 간격 강화 | 응급 대응 장비 위치·작동 상태 점검 | 고위험 방문객 (노약자·어린이·임산부) 적극 모니터링 | 기상 변화·밀도 실시간 확인 | 대기 인력 현장 근접 배치 | [한파] 저체온증 위험 모니터링, 실내 대피 공간 운영, 동상 응급처치 키트 배치 | [강풍] 낙하물 위험 구역 통제, 야외 구조물·천막 긴급 점검 | [야간] 조명 확보 및 시야 불량 구역 안전선 설치, 야간 순찰 강화",이상 징후(쓰러짐·발열·외상) 발견 즉시 위험 단계 상향,야영장 — 장기 체류자 탈수·열사병 위험
F02,오토캠핑장B,여유,강풍|피크타임|한파,3,0.1536,위험,🔴,0.0969,0.2187,0.4791,0.3022,대응팀장 1명 + 응급처치 요원 2명 이상,"AED, 들것, 응급의약품, 무전기, 안전펜스","응급 대응팀 즉시 현장 파견 | 응급 장비 준비 (AED, 들것, 응급의약품 키트) | 방문객 안전구역 유도 및 해당 시설 일시 폐쇄 검토 | 119 사전 연락 및 대기 지시 | 관리자·시설장 즉시 보고 | [한파] 저체온증 위험 모니터링, 실내 대피 공간 운영, 동상 응급처치 키트 배치 | [강풍] 낙하물 위험 구역 통제, 야외 구조물·천막 긴급 점검",P(중증) > 0.30 → 119 즉시 출동 요청 / 의식 불명 → 헬기 이송 검토,야영장 — 장기 체류자 탈수·열사병 위험
F02,오토캠핑장B,여유,야간|피크타임|한파,3,0.1408,주의,🟡,0.0969,0.3295,0.5659,0.1046,예방 모니터 1명 + 대기 요원 1명,"구급함, 무전기, 음용수, 그늘막","예방 순찰 30분 간격 강화 | 응급 대응 장비 위치·작동 상태 점검 | 고위험 방문객 (노약자·어린이·임산부) 적극 모니터링 | 기상 변화·밀도 실시간 확인 | 대기 인력 현장 근접 배치 | [한파] 저체온증 위험 모니터링, 실내 대피 공간 운영, 동상 응급처치 키트 배치 | [야간] 조명 확보 및 시야 불량 구역 안전선 설치, 야간 순찰 강화",이상 징후(쓰러짐·발열·외상) 발견 즉시 위험 단계 상향,야영장 — 장기 체류자 탈수·열사병 위험
F02,오토캠핑장B,여유,강풍|야간|피크타임,3,0.0376,관찰,🔵,0.028,0.5401,0.4556,0.0043,순찰 요원 1명,"구급함, 무전기","일반 안전 순찰 60분 간격 유지 | 기상특보·예보 확인 | 방문객 밀도 추이 모니터링 | 비상 연락망 점검 | [강풍] 낙하물 위험 구역 통제, 야외 구조물·천막 긴급 점검 | [야간] 조명 확보 및 시야 불량 구역 안전선 설치, 야간 순찰 강화",기상특보 발령 또는 밀도 > 0.6 시 주의 단계 상향,야영장 — 장기 체류자 탈수·열사병 위험
F02,오토캠핑장B,여유,강풍|우천|폭염|한파,4,0.0376,관찰,🔵,0.028,0.7328,0.1488,0.1183,순찰 요원 1명,"구급함, 무전기","일반 안전 순찰 60분 간격 유지 | 기상특보·예보 확인 | 방문객 밀도 추이 모니터링 | 비상 연락망 점검 | [폭염] 그늘·음용수 추가 배치, 열사병 집중 모니터링, 피크타임 야외 자제 권고 | [우천] 미끄러짐 주의 안내, 낙뢰 위험 시설 대피, 우천 장비 점검 | [한파] 저체온증 위험 모니터링, 실내 대피 공간 운영, 동상 응급처치 키트 배치 | [강풍] 낙하물 위험 구역 통제, 야외 구조물·천막 긴급 점검",기상특보 발령 또는 밀도 > 0.6 시 주의 단계 상향,야영장 — 장기 체류자 탈수·열사병 위험
F02,오토캠핑장B,여유,야간|우천|폭염|한파,4,0.0347,관찰,🔵,0.028,0.95,0.0042,0.0458,순찰 요원 1명,"구급함, 무전기","일반 안전 순찰 60분 간격 유지 | 기상특보·예보 확인 | 방문객 밀도 추이 모니터링 | 비상 연락망 점검 | [폭염] 그늘·음용수 추가 배치, 열사병 집중 모니터링, 피크타임 야외 자제 권고 | [우천] 미끄러짐 주의 안내, 낙뢰 위험 시설 대피, 우천 장비 점검 | [한파] 저체온증 위험 모니터링, 실내 대피 공간 운영, 동상 응급처치 키트 배치 | [야간] 조명 확보 및 시야 불량 구역 안전선 설치, 야간 순찰 강화",기상특보 발령 또는 밀도 > 0.6 시 주의 단계 상향,야영장 — 장기 체류자 탈수·열사병 위험
F02,오토캠핑장B,여유,우천|폭염|피크타임|한파,4,0.0432,관찰,🔵,0.028,0.4759,0.1536,0.3705,순찰 요원 1명,"구급함, 무전기","일반 안전 순찰 60분 간격 유지 | 기상특보·예보 확인 | 방문객 밀도 추이 모니터링 | 비상 연락망 점검 | [폭염] 그늘·음용수 추가 배치, 열사병 집중 모니터링, 피크타임 야외 자제 권고 | [우천] 미끄러짐 주의 안내, 낙뢰 위험 시설 대피, 우천 장비 점검 | [한파] 저체온증 위험 모니터링, 실내 대피 공간 운영, 동상 응급처치 키트 배치",기상특보 발령 또는 밀도 > 0.6 시 주의 단계 상향,야영장 — 장기 체류자 탈수·열사병 위험
F02,오토캠핑장B,여유,강풍|야간|우천|폭염,4,0.0347,관찰,🔵,0.028,0.95,0.0042,0.0458,순찰 요원 1명,"구급함, 무전기","일반 안전 순찰 60분 간격 유지 | 기상특보·예보 확인 | 방문객 밀도 추이 모니터링 | 비상 연락망 점검 | [폭염] 그늘·음용수 추가 배치, 열사병 집중 모니터링, 피크타임 야외 자제 권고 | [우천] 미끄러짐 주의 안내, 낙뢰 위험 시설 대피, 우천 장비 점검 | [강풍] 낙하물 위험 구역 통제, 야외 구조물·천막 긴급 점검 | [야간] 조명 확보 및 시야 불량 구역 안전선 설치, 야간 순찰 강화",기상특보 발령 또는 밀도 > 0.6 시 주의 단계 상향,야영장 — 장기 체류자 탈수·열사병 위험
F02,오토캠핑장B,여유,강풍|우천|폭염|피크타임,4,0.0432,관찰,🔵,0.028,0.4759,0.1536,0.3705,순찰 요원 1명,"구급함, 무전기","일반 안전 순찰 60분 간격 유지 | 기상특보·예보 확인 | 방문객 밀도 추이 모니터링 | 비상 연락망 점검 | [폭염] 그늘·음용수 추가 배치, 열사병 집중 모니터링, 피크타임 야외 자제 권고 | [우천] 미끄러짐 주의 안내, 낙뢰 위험 시설 대피, 우천 장비 점검 | [강풍] 낙하물 위험 구역 통제, 야외 구조물·천막 긴급 점검",기상특보 발령 또는 밀도 > 0.6 시 주의 단계 상향,야영장 — 장기 체류자 탈수·열사병 위험
F02,오토캠핑장B,여유,야간|우천|폭염|피크타임,4,0.0347,관찰,🔵,0.028,0.95,0.0042,0.0458,순찰 요원 1명,"구급함, 무전기","일반 안전 순찰 60분 간격 유지 | 기상특보·예보 확인 | 방문객 밀도 추이 모니터링 | 비상 연락망 점검 | [폭염] 그늘·음용수 추가 배치, 열사병 집중 모니터링, 피크타임 야외 자제 권고 | [우천] 미끄러짐 주의 안내, 낙뢰 위험 시설 대피, 우천 장비 점검 | [야간] 조명 확보 및 시야 불량 구역 안전선 설치, 야간 순찰 강화",기상특보 발령 또는 밀도 > 0.6 시 주의 단계 상향,야영장 — 장기 체류자 탈수·열사병 위험
F02,오토캠핑장B,여유,강풍|야간|폭염|한파,4,0.0359,관찰,🔵,0.028,0.8878,0.017,0.0953,순찰 요원 1명,"구급함, 무전기","일반 안전 순찰 60분 간격 유지 | 기상특보·예보 확인 | 방문객 밀도 추이 모니터링 | 비상 연락망 점검 | [폭염] 그늘·음용수 추가 배치, 열사병 집중 모니터링, 피크타임 야외 자제 권고 | [한파] 저체온증 위험 모니터링, 실내 대피 공간 운영, 동상 응급처치 키트 배치 | [강풍] 낙하물 위험 구역 통제, 야외 구조물·천막 긴급 점검 | [야간] 조명 확보 및 시야 불량 구역 안전선 설치, 야간 순찰 강화",기상특보 발령 또는 밀도 > 0.6 시 주의 단계 상향,야영장 — 장기 체류자 탈수·열사병 위험
F02,오토캠핑장B,여유,강풍|폭염|피크타임|한파,4,0.0424,관찰,🔵,0.028,0.5053,0.165,0.3297,순찰 요원 1명,"구급함, 무전기","일반 안전 순찰 60분 간격 유지 | 기상특보·예보 확인 | 방문객 밀도 추이 모니터링 | 비상 연락망 점검 | [폭염] 그늘·음용수 추가 배치, 열사병 집중 모니터링, 피크타임 야외 자제 권고 | [한파] 저체온증 위험 모니터링, 실내 대피 공간 운영, 동상 응급처치 키트 배치 | [강풍] 낙하물 위험 구역 통제, 야외 구조물·천막 긴급 점검",기상특보 발령 또는 밀도 > 0.6 시 주의 단계 상향,야영장 — 장기 체류자 탈수·열사병 위험
F02,오토캠핑장B,여유,야간|폭염|피크타임|한파,4,0.0359,관찰,🔵,0.028,0.8878,0.017,0.0953,순찰 요원 1명,"구급함, 무전기","일반 안전 순찰 60분 간격 유지 | 기상특보·예보 확인 | 방문객 밀도 추이 모니터링 | 비상 연락망 점검 | [폭염] 그늘·음용수 추가 배치, 열사병 집중 모니터링, 피크타임 야외 자제 권고 | [한파] 저체온증 위험 모니터링, 실내 대피 공간 운영, 동상 응급처치 키트 배치 | [야간] 조명 확보 및 시야 불량 구역 안전선 설치, 야간 순찰 강화",기상특보 발령 또는 밀도 > 0.6 시 주의 단계 상향,야영장 — 장기 체류자 탈수·열사병 위험
F02,오토캠핑장B,여유,강풍|야간|폭염|피크타임,4,0.0359,관찰,🔵,0.028,0.8878,0.017,0.0953,순찰 요원 1명,"구급함, 무전기","일반 안전 순찰 60분 간격 유지 | 기상특보·예보 확인 | 방문객 밀도 추이 모니터링 | 비상 연락망 점검 | [폭염] 그늘·음용수 추가 배치, 열사병 집중 모니터링, 피크타임 야외 자제 권고 | [강풍] 낙하물 위험 구역 통제, 야외 구조물·천막 긴급 점검 | [야간] 조명 확보 및 시야 불량 구역 안전선 설치, 야간 순찰 강화",기상특보 발령 또는 밀도 > 0.6 시 주의 단계 상향,야영장 — 장기 체류자 탈수·열사병 위험
F02,오토캠핑장B,여유,강풍|야간|우천|한파,4,0.0372,관찰,🔵,0.028,0.6857,0.2477,0.0666,순찰 요원 1명,"구급함, 무전기","일반 안전 순찰 60분 간격 유지 | 기상특보·예보 확인 | 방문객 밀도 추이 모니터링 | 비상 연락망 점검 | [우천] 미끄러짐 주의 안내, 낙뢰 위험 시설 대피, 우천 장비 점검 | [한파] 저체온증 위험 모니터링, 실내 대피 공간 운영, 동상 응급처치 키트 배치 | [강풍] 낙하물 위험 구역 통제, 야외 구조물·천막 긴급 점검 | [야간] 조명 확보 및 시야 불량 구역 안전선 설치, 야간 순찰 강화",기상특보 발령 또는 밀도 > 0.6 시 주의 단계 상향,야영장 — 장기 체류자 탈수·열사병 위험
F02,오토캠핑장B,여유,강풍|우천|피크타임|한파,4,0.0433,관찰,🔵,0.028,0.2342,0.538,0.2278,순찰 요원 1명,"구급함, 무전기","일반 안전 순찰 60분 간격 유지 | 기상특보·예보 확인 | 방문객 밀도 추이 모니터링 | 비상 연락망 점검 | [우천] 미끄러짐 주의 안내, 낙뢰 위험 시설 대피, 우천 장비 점검 | [한파] 저체온증 위험 모니터링, 실내 대피 공간 운영, 동상 응급처치 키트 배치 | [강풍] 낙하물 위험 구역 통제, 야외 구조물·천막 긴급 점검",기상특보 발령 또는 밀도 > 0.6 시 주의 단계 상향,야영장 — 장기 체류자 탈수·열사병 위험
F02,오토캠핑장B,여유,야간|우천|피크타임|한파,4,0.0372,관찰,🔵,0.028,0.6857,0.2477,0.0666,순찰 요원 1명,"구급함, 무전기","일반 안전 순찰 60분 간격 유지 | 기상특보·예보 확인 | 방문객 밀도 추이 모니터링 | 비상 연락망 점검 | [우천] 미끄러짐 주의 안내, 낙뢰 위험 시설 대피, 우천 장비 점검 | [한파] 저체온증 위험 모니터링, 실내 대피 공간 운영, 동상 응급처치 키트 배치 | [야간] 조명 확보 및 시야 불량 구역 안전선 설치, 야간 순찰 강화",기상특보 발령 또는 밀도 > 0.6 시 주의 단계 상향,야영장 — 장기 체류자 탈수·열사병 위험
F02,오토캠핑장B,여유,강풍|야간|우천|피크타임,4,0.0346,관찰,🔵,0.028,0.8942,0.1001,0.0057,순찰 요원 1명,"구급함, 무전기","일반 안전 순찰 60분 간격 유지 | 기상특보·예보 확인 | 방문객 밀도 추이 모니터링 | 비상 연락망 점검 | [우천] 미끄러짐 주의 안내, 낙뢰 위험 시설 대피, 우천 장비 점검 | [강풍] 낙하물 위험 구역 통제, 야외 구조물·천막 긴급 점검 | [야간] 조명 확보 및 시야 불량 구역 안전선 설치, 야간 순찰 강화",기상특보 발령 또는 밀도 > 0.6 시 주의 단계 상향,야영장 — 장기 체류자 탈수·열사병 위험
F02,오토캠핑장B,여유,강풍|야간|피크타임|한파,4,0.1408,주의,🟡,0.0969,0.3295,0.5659,0.1046,예방 모니터 1명 + 대기 요원 1명,"구급함, 무전기, 음용수, 그늘막","예방 순찰 30분 간격 강화 | 응급 대응 장비 위치·작동 상태 점검 | 고위험 방문객 (노약자·어린이·임산부) 적극 모니터링 | 기상 변화·밀도 실시간 확인 | 대기 인력 현장 근접 배치 | [한파] 저체온증 위험 모니터링, 실내 대피 공간 운영, 동상 응급처치 키트 배치 | [강풍] 낙하물 위험 구역 통제, 야외 구조물·천막 긴급 점검 | [야간] 조명 확보 및 시야 불량 구역 안전선 설치, 야간 순찰 강화",이상 징후(쓰러짐·발열·외상) 발견 즉시 위험 단계 상향,야영장 — 장기 체류자 탈수·열사병 위험
F02,오토캠핑장B,여유,강풍|야간|우천|폭염|한파,5,0.0347,관찰,🔵,0.028,0.95,0.0042,0.0458,순찰 요원 1명,"구급함, 무전기","일반 안전 순찰 60분 간격 유지 | 기상특보·예보 확인 | 방문객 밀도 추이 모니터링 | 비상 연락망 점검 | [폭염] 그늘·음용수 추가 배치, 열사병 집중 모니터링, 피크타임 야외 자제 권고 | [우천] 미끄러짐 주의 안내, 낙뢰 위험 시설 대피, 우천 장비 점검 | [한파] 저체온증 위험 모니터링, 실내 대피 공간 운영, 동상 응급처치 키트 배치 | [강풍] 낙하물 위험 구역 통제, 야외 구조물·천막 긴급 점검 | [야간] 조명 확보 및 시야 불량 구역 안전선 설치, 야간 순찰 강화",기상특보 발령 또는 밀도 > 0.6 시 주의 단계 상향,야영장 — 장기 체류자 탈수·열사병 위험
F02,오토캠핑장B,여유,강풍|우천|폭염|피크타임|한파,5,0.0432,관찰,🔵,0.028,0.4759,0.1536,0.3705,순찰 요원 1명,"구급함, 무전기","일반 안전 순찰 60분 간격 유지 | 기상특보·예보 확인 | 방문객 밀도 추이 모니터링 | 비상 연락망 점검 | [폭염] 그늘·음용수 추가 배치, 열사병 집중 모니터링, 피크타임 야외 자제 권고 | [우천] 미끄러짐 주의 안내, 낙뢰 위험 시설 대피, 우천 장비 점검 | [한파] 저체온증 위험 모니터링, 실내 대피 공간 운영, 동상 응급처치 키트 배치 | [강풍] 낙하물 위험 구역 통제, 야외 구조물·천막 긴급 점검",기상특보 발령 또는 밀도 > 0.6 시 주의 단계 상향,야영장 — 장기 체류자 탈수·열사병 위험
F02,오토캠핑장B,여유,야간|우천|폭염|피크타임|한파,5,0.0347,관찰,🔵,0.028,0.95,0.0042,0.0458,순찰 요원 1명,"구급함, 무전기","일반 안전 순찰 60분 간격 유지 | 기상특보·예보 확인 | 방문객 밀도 추이 모니터링 | 비상 연락망 점검 | [폭염] 그늘·음용수 추가 배치, 열사병 집중 모니터링, 피크타임 야외 자제 권고 | [우천] 미끄러짐 주의 안내, 낙뢰 위험 시설 대피, 우천 장비 점검 | [한파] 저체온증 위험 모니터링, 실내 대피 공간 운영, 동상 응급처치 키트 배치 | [야간] 조명 확보 및 시야 불량 구역 안전선 설치, 야간 순찰 강화",기상특보 발령 또는 밀도 > 0.6 시 주의 단계 상향,야영장 — 장기 체류자 탈수·열사병 위험
F02,오토캠핑장B,여유,강풍|야간|우천|폭염|피크타임,5,0.0347,관찰,🔵,0.028,0.95,0.0042,0.0458,순찰 요원 1명,"구급함, 무전기","일반 안전 순찰 60분 간격 유지 | 기상특보·예보 확인 | 방문객 밀도 추이 모니터링 | 비상 연락망 점검 | [폭염] 그늘·음용수 추가 배치, 열사병 집중 모니터링, 피크타임 야외 자제 권고 | [우천] 미끄러짐 주의 안내, 낙뢰 위험 시설 대피, 우천 장비 점검 | [강풍] 낙하물 위험 구역 통제, 야외 구조물·천막 긴급 점검 | [야간] 조명 확보 및 시야 불량 구역 안전선 설치, 야간 순찰 강화",기상특보 발령 또는 밀도 > 0.6 시 주의 단계 상향,야영장 — 장기 체류자 탈수·열사병 위험
F02,오토캠핑장B,여유,강풍|야간|폭염|피크타임|한파,5,0.0359,관찰,🔵,0.028,0.8878,0.017,0.0953,순찰 요원 1명,"구급함, 무전기","일반 안전 순찰 60분 간격 유지 | 기상특보·예보 확인 | 방문객 밀도 추이 모니터링 | 비상 연락망 점검 | [폭염] 그늘·음용수 추가 배치, 열사병 집중 모니터링, 피크타임 야외 자제 권고 | [한파] 저체온증 위험 모니터링, 실내 대피 공간 운영, 동상 응급처치 키트 배치 | [강풍] 낙하물 위험 구역 통제, 야외 구조물·천막 긴급 점검 | [야간] 조명 확보 및 시야 불량 구역 안전선 설치, 야간 순찰 강화",기상특보 발령 또는 밀도 > 0.6 시 주의 단계 상향,야영장 — 장기 체류자 탈수·열사병 위험
F02,오토캠핑장B,여유,강풍|야간|우천|피크타임|한파,5,0.0372,관찰,🔵,0.028,0.6857,0.2477,0.0666,순찰 요원 1명,"구급함, 무전기","일반 안전 순찰 60분 간격 유지 | 기상특보·예보 확인 | 방문객 밀도 추이 모니터링 | 비상 연락망 점검 | [우천] 미끄러짐 주의 안내, 낙뢰 위험 시설 대피, 우천 장비 점검 | [한파] 저체온증 위험 모니터링, 실내 대피 공간 운영, 동상 응급처치 키트 배치 | [강풍] 낙하물 위험 구역 통제, 야외 구조물·천막 긴급 점검 | [야간] 조명 확보 및 시야 불량 구역 안전선 설치, 야간 순찰 강화",기상특보 발령 또는 밀도 > 0.6 시 주의 단계 상향,야영장 — 장기 체류자 탈수·열사병 위험
F02,오토캠핑장B,여유,강풍|야간|우천|폭염|피크타임|한파,6,0.0347,관찰,🔵,0.028,0.95,0.0042,0.0458,순찰 요원 1명,"구급함, 무전기","일반 안전 순찰 60분 간격 유지 | 기상특보·예보 확인 | 방문객 밀도 추이 모니터링 | 비상 연락망 점검 | [폭염] 그늘·음용수 추가 배치, 열사병 집중 모니터링, 피크타임 야외 자제 권고 | [우천] 미끄러짐 주의 안내, 낙뢰 위험 시설 대피, 우천 장비 점검 | [한파] 저체온증 위험 모니터링, 실내 대피 공간 운영, 동상 응급처치 키트 배치 | [강풍] 낙하물 위험 구역 통제, 야외 구조물·천막 긴급 점검 | [야간] 조명 확보 및 시야 불량 구역 안전선 설치, 야간 순찰 강화",기상특보 발령 또는 밀도 > 0.6 시 주의 단계 상향,야영장 — 장기 체류자 탈수·열사병 위험
F02,오토캠핑장B,보통,없음,0,0.0882,주의,🟡,0.0606,0.2113,0.7517,0.037,예방 모니터 1명 + 대기 요원 1명,"구급함, 무전기, 음용수, 그늘막",예방 순찰 30분 간격 강화 | 응급 대응 장비 위치·작동 상태 점검 | 고위험 방문객 (노약자·어린이·임산부) 적극 모니터링 | 기상 변화·밀도 실시간 확인 | 대기 인력 현장 근접 배치,이상 징후(쓰러짐·발열·외상) 발견 즉시 위험 단계 상향,야영장 — 장기 체류자 탈수·열사병 위험
F02,오토캠핑장B,보통,폭염,1,0.1697,위험,🔴,0.1058,0.3517,0.2303,0.418,대응팀장 1명 + 응급처치 요원 2명 이상,"AED, 들것, 응급의약품, 무전기, 안전펜스","응급 대응팀 즉시 현장 파견 | 응급 장비 준비 (AED, 들것, 응급의약품 키트) | 방문객 안전구역 유도 및 해당 시설 일시 폐쇄 검토 | 119 사전 연락 및 대기 지시 | 관리자·시설장 즉시 보고 | [폭염] 그늘·음용수 추가 배치, 열사병 집중 모니터링, 피크타임 야외 자제 권고",P(중증) > 0.30 → 119 즉시 출동 요청 / 의식 불명 → 헬기 이송 검토,야영장 — 장기 체류자 탈수·열사병 위험
F02,오토캠핑장B,보통,우천,1,0.1131,주의,🟡,0.0606,0.0813,0.1373,0.7814,예방 모니터 1명 + 대기 요원 1명,"구급함, 무전기, 음용수, 그늘막","예방 순찰 30분 간격 강화 | 응급 대응 장비 위치·작동 상태 점검 | 고위험 방문객 (노약자·어린이·임산부) 적극 모니터링 | 기상 변화·밀도 실시간 확인 | 대기 인력 현장 근접 배치 | [우천] 미끄러짐 주의 안내, 낙뢰 위험 시설 대피, 우천 장비 점검",이상 징후(쓰러짐·발열·외상) 발견 즉시 위험 단계 상향,야영장 — 장기 체류자 탈수·열사병 위험
F02,오토캠핑장B,보통,한파,1,0.0528,관찰,🔵,0.0336,0.2832,0.404,0.3128,순찰 요원 1명,"구급함, 무전기","일반 안전 순찰 60분 간격 유지 | 기상특보·예보 확인 | 방문객 밀도 추이 모니터링 | 비상 연락망 점검 | [한파] 저체온증 위험 모니터링, 실내 대피 공간 운영, 동상 응급처치 키트 배치",기상특보 발령 또는 밀도 > 0.6 시 주의 단계 상향,야영장 — 장기 체류자 탈수·열사병 위험
F02,오토캠핑장B,보통,강풍,1,0.0781,주의,🟡,0.0606,0.7428,0.2347,0.0226,예방 모니터 1명 + 대기 요원 1명,"구급함, 무전기, 음용수, 그늘막","예방 순찰 30분 간격 강화 | 응급 대응 장비 위치·작동 상태 점검 | 고위험 방문객 (노약자·어린이·임산부) 적극 모니터링 | 기상 변화·밀도 실시간 확인 | 대기 인력 현장 근접 배치 | [강풍] 낙하물 위험 구역 통제, 야외 구조물·천막 긴급 점검",이상 징후(쓰러짐·발열·외상) 발견 즉시 위험 단계 상향,야영장 — 장기 체류자 탈수·열사병 위험
F02,오토캠핑장B,보통,야간,1,0.0908,주의,🟡,0.0606,0.07,0.8918,0.0382,예방 모니터 1명 + 대기 요원 1명,"구급함, 무전기, 음용수, 그늘막","예방 순찰 30분 간격 강화 | 응급 대응 장비 위치·작동 상태 점검 | 고위험 방문객 (노약자·어린이·임산부) 적극 모니터링 | 기상 변화·밀도 실시간 확인 | 대기 인력 현장 근접 배치 | [야간] 조명 확보 및 시야 불량 구역 안전선 설치, 야간 순찰 강화",이상 징후(쓰러짐·발열·외상) 발견 즉시 위험 단계 상향,야영장 — 장기 체류자 탈수·열사병 위험
F02,오토캠핑장B,보통,피크타임,1,0.0984,주의,🟡,0.0606,0.1779,0.4672,0.3549,예방 모니터 1명 + 대기 요원 1명,"구급함, 무전기, 음용수, 그늘막",예방 순찰 30분 간격 강화 | 응급 대응 장비 위치·작동 상태 점검 | 고위험 방문객 (노약자·어린이·임산부) 적극 모니터링 | 기상 변화·밀도 실시간 확인 | 대기 인력 현장 근접 배치,이상 징후(쓰러짐·발열·외상) 발견 즉시 위험 단계 상향,야영장 — 장기 체류자 탈수·열사병 위험
F02,오토캠핑장B,보통,우천|폭염,2,0.2082,위험,🔴,0.1058,0.0273,0.0216,0.9511,대응팀장 1명 + 응급처치 요원 2명 이상,"AED, 들것, 응급의약품, 무전기, 안전펜스","응급 대응팀 즉시 현장 파견 | 응급 장비 준비 (AED, 들것, 응급의약품 키트) | 방문객 안전구역 유도 및 해당 시설 일시 폐쇄 검토 | 119 사전 연락 및 대기 지시 | 관리자·시설장 즉시 보고 | [폭염] 그늘·음용수 추가 배치, 열사병 집중 모니터링, 피크타임 야외 자제 권고 | [우천] 미끄러짐 주의 안내, 낙뢰 위험 시설 대피, 우천 장비 점검",P(중증) > 0.30 → 119 즉시 출동 요청 / 의식 불명 → 헬기 이송 검토,야영장 — 장기 체류자 탈수·열사병 위험
F02,오토캠핑장B,보통,폭염|한파,2,0.1697,위험,🔴,0.1058,0.3517,0.2303,0.418,대응팀장 1명 + 응급처치 요원 2명 이상,"AED, 들것, 응급의약품, 무전기, 안전펜스","응급 대응팀 즉시 현장 파견 | 응급 장비 준비 (AED, 들것, 응급의약품 키트) | 방문객 안전구역 유도 및 해당 시설 일시 폐쇄 검토 | 119 사전 연락 및 대기 지시 | 관리자·시설장 즉시 보고 | [폭염] 그늘·음용수 추가 배치, 열사병 집중 모니터링, 피크타임 야외 자제 권고 | [한파] 저체온증 위험 모니터링, 실내 대피 공간 운영, 동상 응급처치 키트 배치",P(중증) > 0.30 → 119 즉시 출동 요청 / 의식 불명 → 헬기 이송 검토,야영장 — 장기 체류자 탈수·열사병 위험
F02,오토캠핑장B,보통,강풍|폭염,2,0.1697,위험,🔴,0.1058,0.3517,0.2303,0.418,대응팀장 1명 + 응급처치 요원 2명 이상,"AED, 들것, 응급의약품, 무전기, 안전펜스","응급 대응팀 즉시 현장 파견 | 응급 장비 준비 (AED, 들것, 응급의약품 키트) | 방문객 안전구역 유도 및 해당 시설 일시 폐쇄 검토 | 119 사전 연락 및 대기 지시 | 관리자·시설장 즉시 보고 | [폭염] 그늘·음용수 추가 배치, 열사병 집중 모니터링, 피크타임 야외 자제 권고 | [강풍] 낙하물 위험 구역 통제, 야외 구조물·천막 긴급 점검",P(중증) > 0.30 → 119 즉시 출동 요청 / 의식 불명 → 헬기 이송 검토,야영장 — 장기 체류자 탈수·열사병 위험
F02,오토캠핑장B,보통,야간|폭염,2,0.16,위험,🔴,0.1058,0.5392,0.1131,0.3477,대응팀장 1명 + 응급처치 요원 2명 이상,"AED, 들것, 응급의약품, 무전기, 안전펜스","응급 대응팀 즉시 현장 파견 | 응급 장비 준비 (AED, 들것, 응급의약품 키트) | 방문객 안전구역 유도 및 해당 시설 일시 폐쇄 검토 | 119 사전 연락 및 대기 지시 | 관리자·시설장 즉시 보고 | [폭염] 그늘·음용수 추가 배치, 열사병 집중 모니터링, 피크타임 야외 자제 권고 | [야간] 조명 확보 및 시야 불량 구역 안전선 설치, 야간 순찰 강화",P(중증) > 0.30 → 119 즉시 출동 요청 / 의식 불명 → 헬기 이송 검토,야영장 — 장기 체류자 탈수·열사병 위험
F02,오토캠핑장B,보통,폭염|피크타임,2,0.187,위험,🔴,0.1058,0.148,0.2284,0.6236,대응팀장 1명 + 응급처치 요원 2명 이상,"AED, 들것, 응급의약품, 무전기, 안전펜스","응급 대응팀 즉시 현장 파견 | 응급 장비 준비 (AED, 들것, 응급의약품 키트) | 방문객 안전구역 유도 및 해당 시설 일시 폐쇄 검토 | 119 사전 연락 및 대기 지시 | 관리자·시설장 즉시 보고 | [폭염] 그늘·음용수 추가 배치, 열사병 집중 모니터링, 피크타임 야외 자제 권고",P(중증) > 0.30 → 119 즉시 출동 요청 / 의식 불명 → 헬기 이송 검토,야영장 — 장기 체류자 탈수·열사병 위험
F02,오토캠핑장B,보통,우천|한파,2,0.1117,주의,🟡,0.0606,0.0764,0.1907,0.7329,예방 모니터 1명 + 대기 요원 1명,"구급함, 무전기, 음용수, 그늘막","예방 순찰 30분 간격 강화 | 응급 대응 장비 위치·작동 상태 점검 | 고위험 방문객 (노약자·어린이·임산부) 적극 모니터링 | 기상 변화·밀도 실시간 확인 | 대기 인력 현장 근접 배치 | [우천] 미끄러짐 주의 안내, 낙뢰 위험 시설 대피, 우천 장비 점검 | [한파] 저체온증 위험 모니터링, 실내 대피 공간 운영, 동상 응급처치 키트 배치",이상 징후(쓰러짐·발열·외상) 발견 즉시 위험 단계 상향,야영장 — 장기 체류자 탈수·열사병 위험
F02,오토캠핑장B,보통,강풍|우천,2,0.0967,주의,🟡,0.0606,0.2923,0.3413,0.3664,예방 모니터 1명 + 대기 요원 1명,"구급함, 무전기, 음용수, 그늘막","예방 순찰 30분 간격 강화 | 응급 대응 장비 위치·작동 상태 점검 | 고위험 방문객 (노약자·어린이·임산부) 적극 모니터링 | 기상 변화·밀도 실시간 확인 | 대기 인력 현장 근접 배치 | [우천] 미끄러짐 주의 안내, 낙뢰 위험 시설 대피, 우천 장비 점검 | [강풍] 낙하물 위험 구역 통제, 야외 구조물·천막 긴급 점검",이상 징후(쓰러짐·발열·외상) 발견 즉시 위험 단계 상향,야영장 — 장기 체류자 탈수·열사병 위험
F02,오토캠핑장B,보통,야간|우천,2,0.1149,주의,🟡,0.0606,0.0628,0.1066,0.8306,예방 모니터 1명 + 대기 요원 1명,"구급함, 무전기, 음용수, 그늘막","예방 순찰 30분 간격 강화 | 응급 대응 장비 위치·작동 상태 점검 | 고위험 방문객 (노약자·어린이·임산부) 적극 모니터링 | 기상 변화·밀도 실시간 확인 | 대기 인력 현장 근접 배치 | [우천] 미끄러짐 주의 안내, 낙뢰 위험 시설 대피, 우천 장비 점검 | [야간] 조명 확보 및 시야 불량 구역 안전선 설치, 야간 순찰 강화",이상 징후(쓰러짐·발열·외상) 발견 즉시 위험 단계 상향,야영장 — 장기 체류자 탈수·열사병 위험
F02,오토캠핑장B,보통,우천|피크타임,2,0.12,주의,🟡,0.0606,0.0111,0.0237,0.9652,예방 모니터 1명 + 대기 요원 1명,"구급함, 무전기, 음용수, 그늘막","예방 순찰 30분 간격 강화 | 응급 대응 장비 위치·작동 상태 점검 | 고위험 방문객 (노약자·어린이·임산부) 적극 모니터링 | 기상 변화·밀도 실시간 확인 | 대기 인력 현장 근접 배치 | [우천] 미끄러짐 주의 안내, 낙뢰 위험 시설 대피, 우천 장비 점검",이상 징후(쓰러짐·발열·외상) 발견 즉시 위험 단계 상향,야영장 — 장기 체류자 탈수·열사병 위험
F02,오토캠핑장B,보통,강풍|한파,2,0.0528,관찰,🔵,0.0336,0.2832,0.404,0.3128,순찰 요원 1명,"구급함, 무전기","일반 안전 순찰 60분 간격 유지 | 기상특보·예보 확인 | 방문객 밀도 추이 모니터링 | 비상 연락망 점검 | [한파] 저체온증 위험 모니터링, 실내 대피 공간 운영, 동상 응급처치 키트 배치 | [강풍] 낙하물 위험 구역 통제, 야외 구조물·천막 긴급 점검",기상특보 발령 또는 밀도 > 0.6 시 주의 단계 상향,야영장 — 장기 체류자 탈수·열사병 위험
F02,오토캠핑장B,보통,야간|한파,2,0.0495,관찰,🔵,0.0336,0.3192,0.5401,0.1406,순찰 요원 1명,"구급함, 무전기","일반 안전 순찰 60분 간격 유지 | 기상특보·예보 확인 | 방문객 밀도 추이 모니터링 | 비상 연락망 점검 | [한파] 저체온증 위험 모니터링, 실내 대피 공간 운영, 동상 응급처치 키트 배치 | [야간] 조명 확보 및 시야 불량 구역 안전선 설치, 야간 순찰 강화",기상특보 발령 또는 밀도 > 0.6 시 주의 단계 상향,야영장 — 장기 체류자 탈수·열사병 위험
F02,오토캠핑장B,보통,피크타임|한파,2,0.0574,관찰,🔵,0.0336,0.1303,0.3749,0.4949,순찰 요원 1명,"구급함, 무전기","일반 안전 순찰 60분 간격 유지 | 기상특보·예보 확인 | 방문객 밀도 추이 모니터링 | 비상 연락망 점검 | [한파] 저체온증 위험 모니터링, 실내 대피 공간 운영, 동상 응급처치 키트 배치",기상특보 발령 또는 밀도 > 0.6 시 주의 단계 상향,야영장 — 장기 체류자 탈수·열사병 위험
F02,오토캠핑장B,보통,강풍|야간,2,0.0831,주의,🟡,0.0606,0.4473,0.543,0.0097,예방 모니터 1명 + 대기 요원 1명,"구급함, 무전기, 음용수, 그늘막","예방 순찰 30분 간격 강화 | 응급 대응 장비 위치·작동 상태 점검 | 고위험 방문객 (노약자·어린이·임산부) 적극 모니터링 | 기상 변화·밀도 실시간 확인 | 대기 인력 현장 근접 배치 | [강풍] 낙하물 위험 구역 통제, 야외 구조물·천막 긴급 점검 | [야간] 조명 확보 및 시야 불량 구역 안전선 설치, 야간 순찰 강화",이상 징후(쓰러짐·발열·외상) 발견 즉시 위험 단계 상향,야영장 — 장기 체류자 탈수·열사병 위험
F02,오토캠핑장B,보통,강풍|피크타임,2,0.0856,주의,🟡,0.0606,0.4901,0.3898,0.12,예방 모니터 1명 + 대기 요원 1명,"구급함, 무전기, 음용수, 그늘막","예방 순찰 30분 간격 강화 | 응급 대응 장비 위치·작동 상태 점검 | 고위험 방문객 (노약자·어린이·임산부) 적극 모니터링 | 기상 변화·밀도 실시간 확인 | 대기 인력 현장 근접 배치 | [강풍] 낙하물 위험 구역 통제, 야외 구조물·천막 긴급 점검",이상 징후(쓰러짐·발열·외상) 발견 즉시 위험 단계 상향,야영장 — 장기 체류자 탈수·열사병 위험
F02,오토캠핑장B,보통,야간|피크타임,2,0.0908,주의,🟡,0.0606,0.07,0.8918,0.0382,예방 모니터 1명 + 대기 요원 1명,"구급함, 무전기, 음용수, 그늘막","예방 순찰 30분 간격 강화 | 응급 대응 장비 위치·작동 상태 점검 | 고위험 방문객 (노약자·어린이·임산부) 적극 모니터링 | 기상 변화·밀도 실시간 확인 | 대기 인력 현장 근접 배치 | [야간] 조명 확보 및 시야 불량 구역 안전선 설치, 야간 순찰 강화",이상 징후(쓰러짐·발열·외상) 발견 즉시 위험 단계 상향,야영장 — 장기 체류자 탈수·열사병 위험
F02,오토캠핑장B,보통,우천|폭염|한파,3,0.2082,위험,🔴,0.1058,0.0273,0.0216,0.9511,대응팀장 1명 + 응급처치 요원 2명 이상,"AED, 들것, 응급의약품, 무전기, 안전펜스","응급 대응팀 즉시 현장 파견 | 응급 장비 준비 (AED, 들것, 응급의약품 키트) | 방문객 안전구역 유도 및 해당 시설 일시 폐쇄 검토 | 119 사전 연락 및 대기 지시 | 관리자·시설장 즉시 보고 | [폭염] 그늘·음용수 추가 배치, 열사병 집중 모니터링, 피크타임 야외 자제 권고 | [우천] 미끄러짐 주의 안내, 낙뢰 위험 시설 대피, 우천 장비 점검 | [한파] 저체온증 위험 모니터링, 실내 대피 공간 운영, 동상 응급처치 키트 배치",P(중증) > 0.30 → 119 즉시 출동 요청 / 의식 불명 → 헬기 이송 검토,야영장 — 장기 체류자 탈수·열사병 위험
F02,오토캠핑장B,보통,강풍|우천|폭염,3,0.2082,위험,🔴,0.1058,0.0273,0.0216,0.9511,대응팀장 1명 + 응급처치 요원 2명 이상,"AED, 들것, 응급의약품, 무전기, 안전펜스","응급 대응팀 즉시 현장 파견 | 응급 장비 준비 (AED, 들것, 응급의약품 키트) | 방문객 안전구역 유도 및 해당 시설 일시 폐쇄 검토 | 119 사전 연락 및 대기 지시 | 관리자·시설장 즉시 보고 | [폭염] 그늘·음용수 추가 배치, 열사병 집중 모니터링, 피크타임 야외 자제 권고 | [우천] 미끄러짐 주의 안내, 낙뢰 위험 시설 대피, 우천 장비 점검 | [강풍] 낙하물 위험 구역 통제, 야외 구조물·천막 긴급 점검",P(중증) > 0.30 → 119 즉시 출동 요청 / 의식 불명 → 헬기 이송 검토,야영장 — 장기 체류자 탈수·열사병 위험
F02,오토캠핑장B,보통,야간|우천|폭염,3,0.2056,위험,🔴,0.1058,0.0656,0.0093,0.9251,대응팀장 1명 + 응급처치 요원 2명 이상,"AED, 들것, 응급의약품, 무전기, 안전펜스","응급 대응팀 즉시 현장 파견 | 응급 장비 준비 (AED, 들것, 응급의약품 키트) | 방문객 안전구역 유도 및 해당 시설 일시 폐쇄 검토 | 119 사전 연락 및 대기 지시 | 관리자·시설장 즉시 보고 | [폭염] 그늘·음용수 추가 배치, 열사병 집중 모니터링, 피크타임 야외 자제 권고 | [우천] 미끄러짐 주의 안내, 낙뢰 위험 시설 대피, 우천 장비 점검 | [야간] 조명 확보 및 시야 불량 구역 안전선 설치, 야간 순찰 강화",P(중증) > 0.30 → 119 즉시 출동 요청 / 의식 불명 → 헬기 이송 검토,야영장 — 장기 체류자 탈수·열사병 위험
F02,오토캠핑장B,보통,우천|폭염|피크타임,3,0.2103,위험,🔴,0.1058,0.0075,0.0136,0.9789,대응팀장 1명 + 응급처치 요원 2명 이상,"AED, 들것, 응급의약품, 무전기, 안전펜스","응급 대응팀 즉시 현장 파견 | 응급 장비 준비 (AED, 들것, 응급의약품 키트) | 방문객 안전구역 유도 및 해당 시설 일시 폐쇄 검토 | 119 사전 연락 및 대기 지시 | 관리자·시설장 즉시 보고 | [폭염] 그늘·음용수 추가 배치, 열사병 집중 모니터링, 피크타임 야외 자제 권고 | [우천] 미끄러짐 주의 안내, 낙뢰 위험 시설 대피, 우천 장비 점검",P(중증) > 0.30 → 119 즉시 출동 요청 / 의식 불명 → 헬기 이송 검토,야영장 — 장기 체류자 탈수·열사병 위험
F02,오토캠핑장B,보통,강풍|폭염|한파,3,0.1697,위험,🔴,0.1058,0.3517,0.2303,0.418,대응팀장 1명 + 응급처치 요원 2명 이상,"AED, 들것, 응급의약품, 무전기, 안전펜스","응급 대응팀 즉시 현장 파견 | 응급 장비 준비 (AED, 들것, 응급의약품 키트) | 방문객 안전구역 유도 및 해당 시설 일시 폐쇄 검토 | 119 사전 연락 및 대기 지시 | 관리자·시설장 즉시 보고 | [폭염] 그늘·음용수 추가 배치, 열사병 집중 모니터링, 피크타임 야외 자제 권고 | [한파] 저체온증 위험 모니터링, 실내 대피 공간 운영, 동상 응급처치 키트 배치 | [강풍] 낙하물 위험 구역 통제, 야외 구조물·천막 긴급 점검",P(중증) > 0.30 → 119 즉시 출동 요청 / 의식 불명 → 헬기 이송 검토,야영장 — 장기 체류자 탈수·열사병 위험
F02,오토캠핑장B,보통,야간|폭염|한파,3,0.16,위험,🔴,0.1058,0.5392,0.1131,0.3477,대응팀장 1명 + 응급처치 요원 2명 이상,"AED, 들것, 응급의약품, 무전기, 안전펜스","응급 대응팀 즉시 현장 파견 | 응급 장비 준비 (AED, 들것, 응급의약품 키트) | 방문객 안전구역 유도 및 해당 시설 일시 폐쇄 검토 | 119 사전 연락 및 대기 지시 | 관리자·시설장 즉시 보고 | [폭염] 그늘·음용수 추가 배치, 열사병 집중 모니터링, 피크타임 야외 자제 권고 | [한파] 저체온증 위험 모니터링, 실내 대피 공간 운영, 동상 응급처치 키트 배치 | [야간] 조명 확보 및 시야 불량 구역 안전선 설치, 야간 순찰 강화",P(중증) > 0.30 → 119 즉시 출동 요청 / 의식 불명 → 헬기 이송 검토,야영장 — 장기 체류자 탈수·열사병 위험
F02,오토캠핑장B,보통,폭염|피크타임|한파,3,0.187,위험,🔴,0.1058,0.148,0.2284,0.6236,대응팀장 1명 + 응급처치 요원 2명 이상,"AED, 들것, 응급의약품, 무전기, 안전펜스","응급 대응팀 즉시 현장 파견 | 응급 장비 준비 (AED, 들것, 응급의약품 키트) | 방문객 안전구역 유도 및 해당 시설 일시 폐쇄 검토 | 119 사전 연락 및 대기 지시 | 관리자·시설장 즉시 보고 | [폭염] 그늘·음용수 추가 배치, 열사병 집중 모니터링, 피크타임 야외 자제 권고 | [한파] 저체온증 위험 모니터링, 실내 대피 공간 운영, 동상 응급처치 키트 배치",P(중증) > 0.30 → 119 즉시 출동 요청 / 의식 불명 → 헬기 이송 검토,야영장 — 장기 체류자 탈수·열사병 위험
F02,오토캠핑장B,보통,강풍|야간|폭염,3,0.16,위험,🔴,0.1058,0.5392,0.1131,0.3477,대응팀장 1명 + 응급처치 요원 2명 이상,"AED, 들것, 응급의약품, 무전기, 안전펜스","응급 대응팀 즉시 현장 파견 | 응급 장비 준비 (AED, 들것, 응급의약품 키트) | 방문객 안전구역 유도 및 해당 시설 일시 폐쇄 검토 | 119 사전 연락 및 대기 지시 | 관리자·시설장 즉시 보고 | [폭염] 그늘·음용수 추가 배치, 열사병 집중 모니터링, 피크타임 야외 자제 권고 | [강풍] 낙하물 위험 구역 통제, 야외 구조물·천막 긴급 점검 | [야간] 조명 확보 및 시야 불량 구역 안전선 설치, 야간 순찰 강화",P(중증) > 0.30 → 119 즉시 출동 요청 / 의식 불명 → 헬기 이송 검토,야영장 — 장기 체류자 탈수·열사병 위험
F02,오토캠핑장B,보통,강풍|폭염|피크타임,3,0.187,위험,🔴,0.1058,0.148,0.2284,0.6236,대응팀장 1명 + 응급처치 요원 2명 이상,"AED, 들것, 응급의약품, 무전기, 안전펜스","응급 대응팀 즉시 현장 파견 | 응급 장비 준비 (AED, 들것, 응급의약품 키트) | 방문객 안전구역 유도 및 해당 시설 일시 폐쇄 검토 | 119 사전 연락 및 대기 지시 | 관리자·시설장 즉시 보고 | [폭염] 그늘·음용수 추가 배치, 열사병 집중 모니터링, 피크타임 야외 자제 권고 | [강풍] 낙하물 위험 구역 통제, 야외 구조물·천막 긴급 점검",P(중증) > 0.30 → 119 즉시 출동 요청 / 의식 불명 → 헬기 이송 검토,야영장 — 장기 체류자 탈수·열사병 위험
F02,오토캠핑장B,보통,야간|폭염|피크타임,3,0.16,위험,🔴,0.1058,0.5392,0.1131,0.3477,대응팀장 1명 + 응급처치 요원 2명 이상,"AED, 들것, 응급의약품, 무전기, 안전펜스","응급 대응팀 즉시 현장 파견 | 응급 장비 준비 (AED, 들것, 응급의약품 키트) | 방문객 안전구역 유도 및 해당 시설 일시 폐쇄 검토 | 119 사전 연락 및 대기 지시 | 관리자·시설장 즉시 보고 | [폭염] 그늘·음용수 추가 배치, 열사병 집중 모니터링, 피크타임 야외 자제 권고 | [야간] 조명 확보 및 시야 불량 구역 안전선 설치, 야간 순찰 강화",P(중증) > 0.30 → 119 즉시 출동 요청 / 의식 불명 → 헬기 이송 검토,야영장 — 장기 체류자 탈수·열사병 위험
F02,오토캠핑장B,보통,강풍|우천|한파,3,0.1117,주의,🟡,0.0606,0.0764,0.1907,0.7329,예방 모니터 1명 + 대기 요원 1명,"구급함, 무전기, 음용수, 그늘막","예방 순찰 30분 간격 강화 | 응급 대응 장비 위치·작동 상태 점검 | 고위험 방문객 (노약자·어린이·임산부) 적극 모니터링 | 기상 변화·밀도 실시간 확인 | 대기 인력 현장 근접 배치 | [우천] 미끄러짐 주의 안내, 낙뢰 위험 시설 대피, 우천 장비 점검 | [한파] 저체온증 위험 모니터링, 실내 대피 공간 운영, 동상 응급처치 키트 배치 | [강풍] 낙하물 위험 구역 통제, 야외 구조물·천막 긴급 점검",이상 징후(쓰러짐·발열·외상) 발견 즉시 위험 단계 상향,야영장 — 장기 체류자 탈수·열사병 위험
F02,오토캠핑장B,보통,야간|우천|한파,3,0.1098,주의,🟡,0.0606,0.1331,0.1652,0.7017,예방 모니터 1명 + 대기 요원 1명,"구급함, 무전기, 음용수, 그늘막","예방 순찰 30분 간격 강화 | 응급 대응 장비 위치·작동 상태 점검 | 고위험 방문객 (노약자·어린이·임산부) 적극 모니터링 | 기상 변화·밀도 실시간 확인 | 대기 인력 현장 근접 배치 | [우천] 미끄러짐 주의 안내, 낙뢰 위험 시설 대피, 우천 장비 점검 | [한파] 저체온증 위험 모니터링, 실내 대피 공간 운영, 동상 응급처치 키트 배치 | [야간] 조명 확보 및 시야 불량 구역 안전선 설치, 야간 순찰 강화",이상 징후(쓰러짐·발열·외상) 발견 즉시 위험 단계 상향,야영장 — 장기 체류자 탈수·열사병 위험
F02,오토캠핑장B,보통,우천|피크타임|한파,3,0.1173,주의,🟡,0.0606,0.0268,0.0863,0.8869,예방 모니터 1명 + 대기 요원 1명,"구급함, 무전기, 음용수, 그늘막","예방 순찰 30분 간격 강화 | 응급 대응 장비 위치·작동 상태 점검 | 고위험 방문객 (노약자·어린이·임산부) 적극 모니터링 | 기상 변화·밀도 실시간 확인 | 대기 인력 현장 근접 배치 | [우천] 미끄러짐 주의 안내, 낙뢰 위험 시설 대피, 우천 장비 점검 | [한파] 저체온증 위험 모니터링, 실내 대피 공간 운영, 동상 응급처치 키트 배치",이상 징후(쓰러짐·발열·외상) 발견 즉시 위험 단계 상향,야영장 — 장기 체류자 탈수·열사병 위험
F02,오토캠핑장B,보통,강풍|야간|우천,3,0.0941,주의,🟡,0.0606,0.2885,0.4331,0.2785,예방 모니터 1명 + 대기 요원 1명,"구급함, 무전기, 음용수, 그늘막","예방 순찰 30분 간격 강화 | 응급 대응 장비 위치·작동 상태 점검 | 고위험 방문객 (노약자·어린이·임산부) 적극 모니터링 | 기상 변화·밀도 실시간 확인 | 대기 인력 현장 근접 배치 | [우천] 미끄러짐 주의 안내, 낙뢰 위험 시설 대피, 우천 장비 점검 | [강풍] 낙하물 위험 구역 통제, 야외 구조물·천막 긴급 점검 | [야간] 조명 확보 및 시야 불량 구역 안전선 설치, 야간 순찰 강화",이상 징후(쓰러짐·발열·외상) 발견 즉시 위험 단계 상향,야영장 — 장기 체류자 탈수·열사병 위험
F02,오토캠핑장B,보통,강풍|우천|피크타임,3,0.1131,주의,🟡,0.0606,0.0717,0.1521,0.7762,예방 모니터 1명 + 대기 요원 1명,"구급함, 무전기, 음용수, 그늘막","예방 순찰 30분 간격 강화 | 응급 대응 장비 위치·작동 상태 점검 | 고위험 방문객 (노약자·어린이·임산부) 적극 모니터링 | 기상 변화·밀도 실시간 확인 | 대기 인력 현장 근접 배치 | [우천] 미끄러짐 주의 안내, 낙뢰 위험 시설 대피, 우천 장비 점검 | [강풍] 낙하물 위험 구역 통제, 야외 구조물·천막 긴급 점검",이상 징후(쓰러짐·발열·외상) 발견 즉시 위험 단계 상향,야영장 — 장기 체류자 탈수·열사병 위험
F02,오토캠핑장B,보통,야간|우천|피크타임,3,0.1149,주의,🟡,0.0606,0.0628,0.1066,0.8306,예방 모니터 1명 + 대기 요원 1명,"구급함, 무전기, 음용수, 그늘막","예방 순찰 30분 간격 강화 | 응급 대응 장비 위치·작동 상태 점검 | 고위험 방문객 (노약자·어린이·임산부) 적극 모니터링 | 기상 변화·밀도 실시간 확인 | 대기 인력 현장 근접 배치 | [우천] 미끄러짐 주의 안내, 낙뢰 위험 시설 대피, 우천 장비 점검 | [야간] 조명 확보 및 시야 불량 구역 안전선 설치, 야간 순찰 강화",이상 징후(쓰러짐·발열·외상) 발견 즉시 위험 단계 상향,야영장 — 장기 체류자 탈수·열사병 위험
F02,오토캠핑장B,보통,강풍|야간|한파,3,0.0495,관찰,🔵,0.0336,0.3192,0.5401,0.1406,순찰 요원 1명,"구급함, 무전기","일반 안전 순찰 60분 간격 유지 | 기상특보·예보 확인 | 방문객 밀도 추이 모니터링 | 비상 연락망 점검 | [한파] 저체온증 위험 모니터링, 실내 대피 공간 운영, 동상 응급처치 키트 배치 | [강풍] 낙하물 위험 구역 통제, 야외 구조물·천막 긴급 점검 | [야간] 조명 확보 및 시야 불량 구역 안전선 설치, 야간 순찰 강화",기상특보 발령 또는 밀도 > 0.6 시 주의 단계 상향,야영장 — 장기 체류자 탈수·열사병 위험
F02,오토캠핑장B,보통,강풍|피크타임|한파,3,0.0574,관찰,🔵,0.0336,0.1303,0.3749,0.4949,순찰 요원 1명,"구급함, 무전기","일반 안전 순찰 60분 간격 유지 | 기상특보·예보 확인 | 방문객 밀도 추이 모니터링 | 비상 연락망 점검 | [한파] 저체온증 위험 모니터링, 실내 대피 공간 운영, 동상 응급처치 키트 배치 | [강풍] 낙하물 위험 구역 통제, 야외 구조물·천막 긴급 점검",기상특보 발령 또는 밀도 > 0.6 시 주의 단계 상향,야영장 — 장기 체류자 탈수·열사병 위험
F02,오토캠핑장B,보통,야간|피크타임|한파,3,0.0495,관찰,🔵,0.0336,0.3192,0.5401,0.1406,순찰 요원 1명,"구급함, 무전기","일반 안전 순찰 60분 간격 유지 | 기상특보·예보 확인 | 방문객 밀도 추이 모니터링 | 비상 연락망 점검 | [한파] 저체온증 위험 모니터링, 실내 대피 공간 운영, 동상 응급처치 키트 배치 | [야간] 조명 확보 및 시야 불량 구역 안전선 설치, 야간 순찰 강화",기상특보 발령 또는 밀도 > 0.6 시 주의 단계 상향,야영장 — 장기 체류자 탈수·열사병 위험
F02,오토캠핑장B,보통,강풍|야간|피크타임,3,0.0831,주의,🟡,0.0606,0.4473,0.543,0.0097,예방 모니터 1명 + 대기 요원 1명,"구급함, 무전기, 음용수, 그늘막","예방 순찰 30분 간격 강화 | 응급 대응 장비 위치·작동 상태 점검 | 고위험 방문객 (노약자·어린이·임산부) 적극 모니터링 | 기상 변화·밀도 실시간 확인 | 대기 인력 현장 근접 배치 | [강풍] 낙하물 위험 구역 통제, 야외 구조물·천막 긴급 점검 | [야간] 조명 확보 및 시야 불량 구역 안전선 설치, 야간 순찰 강화",이상 징후(쓰러짐·발열·외상) 발견 즉시 위험 단계 상향,야영장 — 장기 체류자 탈수·열사병 위험
F02,오토캠핑장B,보통,강풍|우천|폭염|한파,4,0.2082,위험,🔴,0.1058,0.0273,0.0216,0.9511,대응팀장 1명 + 응급처치 요원 2명 이상,"AED, 들것, 응급의약품, 무전기, 안전펜스","응급 대응팀 즉시 현장 파견 | 응급 장비 준비 (AED, 들것, 응급의약품 키트) | 방문객 안전구역 유도 및 해당 시설 일시 폐쇄 검토 | 119 사전 연락 및 대기 지시 | 관리자·시설장 즉시 보고 | [폭염] 그늘·음용수 추가 배치, 열사병 집중 모니터링, 피크타임 야외 자제 권고 | [우천] 미끄러짐 주의 안내, 낙뢰 위험 시설 대피, 우천 장비 점검 | [한파] 저체온증 위험 모니터링, 실내 대피 공간 운영, 동상 응급처치 키트 배치 | [강풍] 낙하물 위험 구역 통제, 야외 구조물·천막 긴급 점검",P(중증) > 0.30 → 119 즉시 출동 요청 / 의식 불명 → 헬기 이송 검토,야영장 — 장기 체류자 탈수·열사병 위험
F02,오토캠핑장B,보통,야간|우천|폭염|한파,4,0.2056,위험,🔴,0.1058,0.0656,0.0093,0.9251,대응팀장 1명 + 응급처치 요원 2명 이상,"AED, 들것, 응급의약품, 무전기, 안전펜스","응급 대응팀 즉시 현장 파견 | 응급 장비 준비 (AED, 들것, 응급의약품 키트) | 방문객 안전구역 유도 및 해당 시설 일시 폐쇄 검토 | 119 사전 연락 및 대기 지시 | 관리자·시설장 즉시 보고 | [폭염] 그늘·음용수 추가 배치, 열사병 집중 모니터링, 피크타임 야외 자제 권고 | [우천] 미끄러짐 주의 안내, 낙뢰 위험 시설 대피, 우천 장비 점검 | [한파] 저체온증 위험 모니터링, 실내 대피 공간 운영, 동상 응급처치 키트 배치 | [야간] 조명 확보 및 시야 불량 구역 안전선 설치, 야간 순찰 강화",P(중증) > 0.30 → 119 즉시 출동 요청 / 의식 불명 → 헬기 이송 검토,야영장 — 장기 체류자 탈수·열사병 위험
F02,오토캠핑장B,보통,우천|폭염|피크타임|한파,4,0.2103,위험,🔴,0.1058,0.0075,0.0136,0.9789,대응팀장 1명 + 응급처치 요원 2명 이상,"AED, 들것, 응급의약품, 무전기, 안전펜스","응급 대응팀 즉시 현장 파견 | 응급 장비 준비 (AED, 들것, 응급의약품 키트) | 방문객 안전구역 유도 및 해당 시설 일시 폐쇄 검토 | 119 사전 연락 및 대기 지시 | 관리자·시설장 즉시 보고 | [폭염] 그늘·음용수 추가 배치, 열사병 집중 모니터링, 피크타임 야외 자제 권고 | [우천] 미끄러짐 주의 안내, 낙뢰 위험 시설 대피, 우천 장비 점검 | [한파] 저체온증 위험 모니터링, 실내 대피 공간 운영, 동상 응급처치 키트 배치",P(중증) > 0.30 → 119 즉시 출동 요청 / 의식 불명 → 헬기 이송 검토,야영장 — 장기 체류자 탈수·열사병 위험
F02,오토캠핑장B,보통,강풍|야간|우천|폭염,4,0.2056,위험,🔴,0.1058,0.0656,0.0093,0.9251,대응팀장 1명 + 응급처치 요원 2명 이상,"AED, 들것, 응급의약품, 무전기, 안전펜스","응급 대응팀 즉시 현장 파견 | 응급 장비 준비 (AED, 들것, 응급의약품 키트) | 방문객 안전구역 유도 및 해당 시설 일시 폐쇄 검토 | 119 사전 연락 및 대기 지시 | 관리자·시설장 즉시 보고 | [폭염] 그늘·음용수 추가 배치, 열사병 집중 모니터링, 피크타임 야외 자제 권고 | [우천] 미끄러짐 주의 안내, 낙뢰 위험 시설 대피, 우천 장비 점검 | [강풍] 낙하물 위험 구역 통제, 야외 구조물·천막 긴급 점검 | [야간] 조명 확보 및 시야 불량 구역 안전선 설치, 야간 순찰 강화",P(중증) > 0.30 → 119 즉시 출동 요청 / 의식 불명 → 헬기 이송 검토,야영장 — 장기 체류자 탈수·열사병 위험
F02,오토캠핑장B,보통,강풍|우천|폭염|피크타임,4,0.2103,위험,🔴,0.1058,0.0075,0.0136,0.9789,대응팀장 1명 + 응급처치 요원 2명 이상,"AED, 들것, 응급의약품, 무전기, 안전펜스","응급 대응팀 즉시 현장 파견 | 응급 장비 준비 (AED, 들것, 응급의약품 키트) | 방문객 안전구역 유도 및 해당 시설 일시 폐쇄 검토 | 119 사전 연락 및 대기 지시 | 관리자·시설장 즉시 보고 | [폭염] 그늘·음용수 추가 배치, 열사병 집중 모니터링, 피크타임 야외 자제 권고 | [우천] 미끄러짐 주의 안내, 낙뢰 위험 시설 대피, 우천 장비 점검 | [강풍] 낙하물 위험 구역 통제, 야외 구조물·천막 긴급 점검",P(중증) > 0.30 → 119 즉시 출동 요청 / 의식 불명 → 헬기 이송 검토,야영장 — 장기 체류자 탈수·열사병 위험
F02,오토캠핑장B,보통,야간|우천|폭염|피크타임,4,0.2056,위험,🔴,0.1058,0.0656,0.0093,0.9251,대응팀장 1명 + 응급처치 요원 2명 이상,"AED, 들것, 응급의약품, 무전기, 안전펜스","응급 대응팀 즉시 현장 파견 | 응급 장비 준비 (AED, 들것, 응급의약품 키트) | 방문객 안전구역 유도 및 해당 시설 일시 폐쇄 검토 | 119 사전 연락 및 대기 지시 | 관리자·시설장 즉시 보고 | [폭염] 그늘·음용수 추가 배치, 열사병 집중 모니터링, 피크타임 야외 자제 권고 | [우천] 미끄러짐 주의 안내, 낙뢰 위험 시설 대피, 우천 장비 점검 | [야간] 조명 확보 및 시야 불량 구역 안전선 설치, 야간 순찰 강화",P(중증) > 0.30 → 119 즉시 출동 요청 / 의식 불명 → 헬기 이송 검토,야영장 — 장기 체류자 탈수·열사병 위험
F02,오토캠핑장B,보통,강풍|야간|폭염|한파,4,0.16,위험,🔴,0.1058,0.5392,0.1131,0.3477,대응팀장 1명 + 응급처치 요원 2명 이상,"AED, 들것, 응급의약품, 무전기, 안전펜스","응급 대응팀 즉시 현장 파견 | 응급 장비 준비 (AED, 들것, 응급의약품 키트) | 방문객 안전구역 유도 및 해당 시설 일시 폐쇄 검토 | 119 사전 연락 및 대기 지시 | 관리자·시설장 즉시 보고 | [폭염] 그늘·음용수 추가 배치, 열사병 집중 모니터링, 피크타임 야외 자제 권고 | [한파] 저체온증 위험 모니터링, 실내 대피 공간 운영, 동상 응급처치 키트 배치 | [강풍] 낙하물 위험 구역 통제, 야외 구조물·천막 긴급 점검 | [야간] 조명 확보 및 시야 불량 구역 안전선 설치, 야간 순찰 강화",P(중증) > 0.30 → 119 즉시 출동 요청 / 의식 불명 → 헬기 이송 검토,야영장 — 장기 체류자 탈수·열사병 위험
F02,오토캠핑장B,보통,강풍|폭염|피크타임|한파,4,0.187,위험,🔴,0.1058,0.148,0.2284,0.6236,대응팀장 1명 + 응급처치 요원 2명 이상,"AED, 들것, 응급의약품, 무전기, 안전펜스","응급 대응팀 즉시 현장 파견 | 응급 장비 준비 (AED, 들것, 응급의약품 키트) | 방문객 안전구역 유도 및 해당 시설 일시 폐쇄 검토 | 119 사전 연락 및 대기 지시 | 관리자·시설장 즉시 보고 | [폭염] 그늘·음용수 추가 배치, 열사병 집중 모니터링, 피크타임 야외 자제 권고 | [한파] 저체온증 위험 모니터링, 실내 대피 공간 운영, 동상 응급처치 키트 배치 | [강풍] 낙하물 위험 구역 통제, 야외 구조물·천막 긴급 점검",P(중증) > 0.30 → 119 즉시 출동 요청 / 의식 불명 → 헬기 이송 검토,야영장 — 장기 체류자 탈수·열사병 위험
F02,오토캠핑장B,보통,야간|폭염|피크타임|한파,4,0.16,위험,🔴,0.1058,0.5392,0.1131,0.3477,대응팀장 1명 + 응급처치 요원 2명 이상,"AED, 들것, 응급의약품, 무전기, 안전펜스","응급 대응팀 즉시 현장 파견 | 응급 장비 준비 (AED, 들것, 응급의약품 키트) | 방문객 안전구역 유도 및 해당 시설 일시 폐쇄 검토 | 119 사전 연락 및 대기 지시 | 관리자·시설장 즉시 보고 | [폭염] 그늘·음용수 추가 배치, 열사병 집중 모니터링, 피크타임 야외 자제 권고 | [한파] 저체온증 위험 모니터링, 실내 대피 공간 운영, 동상 응급처치 키트 배치 | [야간] 조명 확보 및 시야 불량 구역 안전선 설치, 야간 순찰 강화",P(중증) > 0.30 → 119 즉시 출동 요청 / 의식 불명 → 헬기 이송 검토,야영장 — 장기 체류자 탈수·열사병 위험
F02,오토캠핑장B,보통,강풍|야간|폭염|피크타임,4,0.16,위험,🔴,0.1058,0.5392,0.1131,0.3477,대응팀장 1명 + 응급처치 요원 2명 이상,"AED, 들것, 응급의약품, 무전기, 안전펜스","응급 대응팀 즉시 현장 파견 | 응급 장비 준비 (AED, 들것, 응급의약품 키트) | 방문객 안전구역 유도 및 해당 시설 일시 폐쇄 검토 | 119 사전 연락 및 대기 지시 | 관리자·시설장 즉시 보고 | [폭염] 그늘·음용수 추가 배치, 열사병 집중 모니터링, 피크타임 야외 자제 권고 | [강풍] 낙하물 위험 구역 통제, 야외 구조물·천막 긴급 점검 | [야간] 조명 확보 및 시야 불량 구역 안전선 설치, 야간 순찰 강화",P(중증) > 0.30 → 119 즉시 출동 요청 / 의식 불명 → 헬기 이송 검토,야영장 — 장기 체류자 탈수·열사병 위험
F02,오토캠핑장B,보통,강풍|야간|우천|한파,4,0.1098,주의,🟡,0.0606,0.1331,0.1652,0.7017,예방 모니터 1명 + 대기 요원 1명,"구급함, 무전기, 음용수, 그늘막","예방 순찰 30분 간격 강화 | 응급 대응 장비 위치·작동 상태 점검 | 고위험 방문객 (노약자·어린이·임산부) 적극 모니터링 | 기상 변화·밀도 실시간 확인 | 대기 인력 현장 근접 배치 | [우천] 미끄러짐 주의 안내, 낙뢰 위험 시설 대피, 우천 장비 점검 | [한파] 저체온증 위험 모니터링, 실내 대피 공간 운영, 동상 응급처치 키트 배치 | [강풍] 낙하물 위험 구역 통제, 야외 구조물·천막 긴급 점검 | [야간] 조명 확보 및 시야 불량 구역 안전선 설치, 야간 순찰 강화",이상 징후(쓰러짐·발열·외상) 발견 즉시 위험 단계 상향,야영장 — 장기 체류자 탈수·열사병 위험
F02,오토캠핑장B,보통,강풍|우천|피크타임|한파,4,0.1173,주의,🟡,0.0606,0.0268,0.0863,0.8869,예방 모니터 1명 + 대기 요원 1명,"구급함, 무전기, 음용수, 그늘막","예방 순찰 30분 간격 강화 | 응급 대응 장비 위치·작동 상태 점검 | 고위험 방문객 (노약자·어린이·임산부) 적극 모니터링 | 기상 변화·밀도 실시간 확인 | 대기 인력 현장 근접 배치 | [우천] 미끄러짐 주의 안내, 낙뢰 위험 시설 대피, 우천 장비 점검 | [한파] 저체온증 위험 모니터링, 실내 대피 공간 운영, 동상 응급처치 키트 배치 | [강풍] 낙하물 위험 구역 통제, 야외 구조물·천막 긴급 점검",이상 징후(쓰러짐·발열·외상) 발견 즉시 위험 단계 상향,야영장 — 장기 체류자 탈수·열사병 위험
F02,오토캠핑장B,보통,야간|우천|피크타임|한파,4,0.1098,주의,🟡,0.0606,0.1331,0.1652,0.7017,예방 모니터 1명 + 대기 요원 1명,"구급함, 무전기, 음용수, 그늘막","예방 순찰 30분 간격 강화 | 응급 대응 장비 위치·작동 상태 점검 | 고위험 방문객 (노약자·어린이·임산부) 적극 모니터링 | 기상 변화·밀도 실시간 확인 | 대기 인력 현장 근접 배치 | [우천] 미끄러짐 주의 안내, 낙뢰 위험 시설 대피, 우천 장비 점검 | [한파] 저체온증 위험 모니터링, 실내 대피 공간 운영, 동상 응급처치 키트 배치 | [야간] 조명 확보 및 시야 불량 구역 안전선 설치, 야간 순찰 강화",이상 징후(쓰러짐·발열·외상) 발견 즉시 위험 단계 상향,야영장 — 장기 체류자 탈수·열사병 위험
F02,오토캠핑장B,보통,강풍|야간|우천|피크타임,4,0.0941,주의,🟡,0.0606,0.2885,0.4331,0.2785,예방 모니터 1명 + 대기 요원 1명,"구급함, 무전기, 음용수, 그늘막","예방 순찰 30분 간격 강화 | 응급 대응 장비 위치·작동 상태 점검 | 고위험 방문객 (노약자·어린이·임산부) 적극 모니터링 | 기상 변화·밀도 실시간 확인 | 대기 인력 현장 근접 배치 | [우천] 미끄러짐 주의 안내, 낙뢰 위험 시설 대피, 우천 장비 점검 | [강풍] 낙하물 위험 구역 통제, 야외 구조물·천막 긴급 점검 | [야간] 조명 확보 및 시야 불량 구역 안전선 설치, 야간 순찰 강화",이상 징후(쓰러짐·발열·외상) 발견 즉시 위험 단계 상향,야영장 — 장기 체류자 탈수·열사병 위험
F02,오토캠핑장B,보통,강풍|야간|피크타임|한파,4,0.0495,관찰,🔵,0.0336,0.3192,0.5401,0.1406,순찰 요원 1명,"구급함, 무전기","일반 안전 순찰 60분 간격 유지 | 기상특보·예보 확인 | 방문객 밀도 추이 모니터링 | 비상 연락망 점검 | [한파] 저체온증 위험 모니터링, 실내 대피 공간 운영, 동상 응급처치 키트 배치 | [강풍] 낙하물 위험 구역 통제, 야외 구조물·천막 긴급 점검 | [야간] 조명 확보 및 시야 불량 구역 안전선 설치, 야간 순찰 강화",기상특보 발령 또는 밀도 > 0.6 시 주의 단계 상향,야영장 — 장기 체류자 탈수·열사병 위험
F02,오토캠핑장B,보통,강풍|야간|우천|폭염|한파,5,0.2056,위험,🔴,0.1058,0.0656,0.0093,0.9251,대응팀장 1명 + 응급처치 요원 2명 이상,"AED, 들것, 응급의약품, 무전기, 안전펜스","응급 대응팀 즉시 현장 파견 | 응급 장비 준비 (AED, 들것, 응급의약품 키트) | 방문객 안전구역 유도 및 해당 시설 일시 폐쇄 검토 | 119 사전 연락 및 대기 지시 | 관리자·시설장 즉시 보고 | [폭염] 그늘·음용수 추가 배치, 열사병 집중 모니터링, 피크타임 야외 자제 권고 | [우천] 미끄러짐 주의 안내, 낙뢰 위험 시설 대피, 우천 장비 점검 | [한파] 저체온증 위험 모니터링, 실내 대피 공간 운영, 동상 응급처치 키트 배치 | [강풍] 낙하물 위험 구역 통제, 야외 구조물·천막 긴급 점검 | [야간] 조명 확보 및 시야 불량 구역 안전선 설치, 야간 순찰 강화",P(중증) > 0.30 → 119 즉시 출동 요청 / 의식 불명 → 헬기 이송 검토,야영장 — 장기 체류자 탈수·열사병 위험
F02,오토캠핑장B,보통,강풍|우천|폭염|피크타임|한파,5,0.2103,위험,🔴,0.1058,0.0075,0.0136,0.9789,대응팀장 1명 + 응급처치 요원 2명 이상,"AED, 들것, 응급의약품, 무전기, 안전펜스","응급 대응팀 즉시 현장 파견 | 응급 장비 준비 (AED, 들것, 응급의약품 키트) | 방문객 안전구역 유도 및 해당 시설 일시 폐쇄 검토 | 119 사전 연락 및 대기 지시 | 관리자·시설장 즉시 보고 | [폭염] 그늘·음용수 추가 배치, 열사병 집중 모니터링, 피크타임 야외 자제 권고 | [우천] 미끄러짐 주의 안내, 낙뢰 위험 시설 대피, 우천 장비 점검 | [한파] 저체온증 위험 모니터링, 실내 대피 공간 운영, 동상 응급처치 키트 배치 | [강풍] 낙하물 위험 구역 통제, 야외 구조물·천막 긴급 점검",P(중증) > 0.30 → 119 즉시 출동 요청 / 의식 불명 → 헬기 이송 검토,야영장 — 장기 체류자 탈수·열사병 위험
F02,오토캠핑장B,보통,야간|우천|폭염|피크타임|한파,5,0.2056,위험,🔴,0.1058,0.0656,0.0093,0.9251,대응팀장 1명 + 응급처치 요원 2명 이상,"AED, 들것, 응급의약품, 무전기, 안전펜스","응급 대응팀 즉시 현장 파견 | 응급 장비 준비 (AED, 들것, 응급의약품 키트) | 방문객 안전구역 유도 및 해당 시설 일시 폐쇄 검토 | 119 사전 연락 및 대기 지시 | 관리자·시설장 즉시 보고 | [폭염] 그늘·음용수 추가 배치, 열사병 집중 모니터링, 피크타임 야외 자제 권고 | [우천] 미끄러짐 주의 안내, 낙뢰 위험 시설 대피, 우천 장비 점검 | [한파] 저체온증 위험 모니터링, 실내 대피 공간 운영, 동상 응급처치 키트 배치 | [야간] 조명 확보 및 시야 불량 구역 안전선 설치, 야간 순찰 강화",P(중증) > 0.30 → 119 즉시 출동 요청 / 의식 불명 → 헬기 이송 검토,야영장 — 장기 체류자 탈수·열사병 위험
F02,오토캠핑장B,보통,강풍|야간|우천|폭염|피크타임,5,0.2056,위험,🔴,0.1058,0.0656,0.0093,0.9251,대응팀장 1명 + 응급처치 요원 2명 이상,"AED, 들것, 응급의약품, 무전기, 안전펜스","응급 대응팀 즉시 현장 파견 | 응급 장비 준비 (AED, 들것, 응급의약품 키트) | 방문객 안전구역 유도 및 해당 시설 일시 폐쇄 검토 | 119 사전 연락 및 대기 지시 | 관리자·시설장 즉시 보고 | [폭염] 그늘·음용수 추가 배치, 열사병 집중 모니터링, 피크타임 야외 자제 권고 | [우천] 미끄러짐 주의 안내, 낙뢰 위험 시설 대피, 우천 장비 점검 | [강풍] 낙하물 위험 구역 통제, 야외 구조물·천막 긴급 점검 | [야간] 조명 확보 및 시야 불량 구역 안전선 설치, 야간 순찰 강화",P(중증) > 0.30 → 119 즉시 출동 요청 / 의식 불명 → 헬기 이송 검토,야영장 — 장기 체류자 탈수·열사병 위험
F02,오토캠핑장B,보통,강풍|야간|폭염|피크타임|한파,5,0.16,위험,🔴,0.1058,0.5392,0.1131,0.3477,대응팀장 1명 + 응급처치 요원 2명 이상,"AED, 들것, 응급의약품, 무전기, 안전펜스","응급 대응팀 즉시 현장 파견 | 응급 장비 준비 (AED, 들것, 응급의약품 키트) | 방문객 안전구역 유도 및 해당 시설 일시 폐쇄 검토 | 119 사전 연락 및 대기 지시 | 관리자·시설장 즉시 보고 | [폭염] 그늘·음용수 추가 배치, 열사병 집중 모니터링, 피크타임 야외 자제 권고 | [한파] 저체온증 위험 모니터링, 실내 대피 공간 운영, 동상 응급처치 키트 배치 | [강풍] 낙하물 위험 구역 통제, 야외 구조물·천막 긴급 점검 | [야간] 조명 확보 및 시야 불량 구역 안전선 설치, 야간 순찰 강화",P(중증) > 0.30 → 119 즉시 출동 요청 / 의식 불명 → 헬기 이송 검토,야영장 — 장기 체류자 탈수·열사병 위험
F02,오토캠핑장B,보통,강풍|야간|우천|피크타임|한파,5,0.1098,주의,🟡,0.0606,0.1331,0.1652,0.7017,예방 모니터 1명 + 대기 요원 1명,"구급함, 무전기, 음용수, 그늘막","예방 순찰 30분 간격 강화 | 응급 대응 장비 위치·작동 상태 점검 | 고위험 방문객 (노약자·어린이·임산부) 적극 모니터링 | 기상 변화·밀도 실시간 확인 | 대기 인력 현장 근접 배치 | [우천] 미끄러짐 주의 안내, 낙뢰 위험 시설 대피, 우천 장비 점검 | [한파] 저체온증 위험 모니터링, 실내 대피 공간 운영, 동상 응급처치 키트 배치 | [강풍] 낙하물 위험 구역 통제, 야외 구조물·천막 긴급 점검 | [야간] 조명 확보 및 시야 불량 구역 안전선 설치, 야간 순찰 강화",이상 징후(쓰러짐·발열·외상) 발견 즉시 위험 단계 상향,야영장 — 장기 체류자 탈수·열사병 위험
F02,오토캠핑장B,보통,강풍|야간|우천|폭염|피크타임|한파,6,0.2056,위험,🔴,0.1058,0.0656,0.0093,0.9251,대응팀장 1명 + 응급처치 요원 2명 이상,"AED, 들것, 응급의약품, 무전기, 안전펜스","응급 대응팀 즉시 현장 파견 | 응급 장비 준비 (AED, 들것, 응급의약품 키트) | 방문객 안전구역 유도 및 해당 시설 일시 폐쇄 검토 | 119 사전 연락 및 대기 지시 | 관리자·시설장 즉시 보고 | [폭염] 그늘·음용수 추가 배치, 열사병 집중 모니터링, 피크타임 야외 자제 권고 | [우천] 미끄러짐 주의 안내, 낙뢰 위험 시설 대피, 우천 장비 점검 | [한파] 저체온증 위험 모니터링, 실내 대피 공간 운영, 동상 응급처치 키트 배치 | [강풍] 낙하물 위험 구역 통제, 야외 구조물·천막 긴급 점검 | [야간] 조명 확보 및 시야 불량 구역 안전선 설치, 야간 순찰 강화",P(중증) > 0.30 → 119 즉시 출동 요청 / 의식 불명 → 헬기 이송 검토,야영장 — 장기 체류자 탈수·열사병 위험
F02,오토캠핑장B,혼잡,없음,0,0.118,주의,🟡,0.0969,0.9445,0.0521,0.0034,예방 모니터 1명 + 대기 요원 1명,"구급함, 무전기, 음용수, 그늘막",예방 순찰 30분 간격 강화 | 응급 대응 장비 위치·작동 상태 점검 | 고위험 방문객 (노약자·어린이·임산부) 적극 모니터링 | 기상 변화·밀도 실시간 확인 | 대기 인력 현장 근접 배치,이상 징후(쓰러짐·발열·외상) 발견 즉시 위험 단계 상향,야영장 — 장기 체류자 탈수·열사병 위험
F02,오토캠핑장B,혼잡,폭염,1,0.1291,주의,🟡,0.1058,0.9596,0.0245,0.0158,예방 모니터 1명 + 대기 요원 1명,"구급함, 무전기, 음용수, 그늘막","예방 순찰 30분 간격 강화 | 응급 대응 장비 위치·작동 상태 점검 | 고위험 방문객 (노약자·어린이·임산부) 적극 모니터링 | 기상 변화·밀도 실시간 확인 | 대기 인력 현장 근접 배치 | [폭염] 그늘·음용수 추가 배치, 열사병 집중 모니터링, 피크타임 야외 자제 권고",이상 징후(쓰러짐·발열·외상) 발견 즉시 위험 단계 상향,야영장 — 장기 체류자 탈수·열사병 위험
F02,오토캠핑장B,혼잡,우천,1,0.123,주의,🟡,0.0969,0.8706,0.0669,0.0626,예방 모니터 1명 + 대기 요원 1명,"구급함, 무전기, 음용수, 그늘막","예방 순찰 30분 간격 강화 | 응급 대응 장비 위치·작동 상태 점검 | 고위험 방문객 (노약자·어린이·임산부) 적극 모니터링 | 기상 변화·밀도 실시간 확인 | 대기 인력 현장 근접 배치 | [우천] 미끄러짐 주의 안내, 낙뢰 위험 시설 대피, 우천 장비 점검",이상 징후(쓰러짐·발열·외상) 발견 즉시 위험 단계 상향,야영장 — 장기 체류자 탈수·열사병 위험
F02,오토캠핑장B,혼잡,한파,1,0.12,주의,🟡,0.0969,0.9021,0.0795,0.0184,예방 모니터 1명 + 대기 요원 1명,"구급함, 무전기, 음용수, 그늘막","예방 순찰 30분 간격 강화 | 응급 대응 장비 위치·작동 상태 점검 | 고위험 방문객 (노약자·어린이·임산부) 적극 모니터링 | 기상 변화·밀도 실시간 확인 | 대기 인력 현장 근접 배치 | [한파] 저체온증 위험 모니터링, 실내 대피 공간 운영, 동상 응급처치 키트 배치",이상 징후(쓰러짐·발열·외상) 발견 즉시 위험 단계 상향,야영장 — 장기 체류자 탈수·열사병 위험
F02,오토캠핑장B,혼잡,강풍,1,0.1178,주의,🟡,0.0969,0.952,0.0453,0.0027,예방 모니터 1명 + 대기 요원 1명,"구급함, 무전기, 음용수, 그늘막","예방 순찰 30분 간격 강화 | 응급 대응 장비 위치·작동 상태 점검 | 고위험 방문객 (노약자·어린이·임산부) 적극 모니터링 | 기상 변화·밀도 실시간 확인 | 대기 인력 현장 근접 배치 | [강풍] 낙하물 위험 구역 통제, 야외 구조물·천막 긴급 점검",이상 징후(쓰러짐·발열·외상) 발견 즉시 위험 단계 상향,야영장 — 장기 체류자 탈수·열사병 위험
F02,오토캠핑장B,혼잡,야간,1,0.133,주의,🟡,0.0969,0.4421,0.5473,0.0106,예방 모니터 1명 + 대기 요원 1명,"구급함, 무전기, 음용수, 그늘막","예방 순찰 30분 간격 강화 | 응급 대응 장비 위치·작동 상태 점검 | 고위험 방문객 (노약자·어린이·임산부) 적극 모니터링 | 기상 변화·밀도 실시간 확인 | 대기 인력 현장 근접 배치 | [야간] 조명 확보 및 시야 불량 구역 안전선 설치, 야간 순찰 강화",이상 징후(쓰러짐·발열·외상) 발견 즉시 위험 단계 상향,야영장 — 장기 체류자 탈수·열사병 위험
F02,오토캠핑장B,혼잡,피크타임,1,0.1165,주의,🟡,0.0969,0.9943,0.0026,0.0031,예방 모니터 1명 + 대기 요원 1명,"구급함, 무전기, 음용수, 그늘막",예방 순찰 30분 간격 강화 | 응급 대응 장비 위치·작동 상태 점검 | 고위험 방문객 (노약자·어린이·임산부) 적극 모니터링 | 기상 변화·밀도 실시간 확인 | 대기 인력 현장 근접 배치,이상 징후(쓰러짐·발열·외상) 발견 즉시 위험 단계 상향,야영장 — 장기 체류자 탈수·열사병 위험
F02,오토캠핑장B,혼잡,우천|폭염,2,0.1365,주의,🟡,0.1058,0.8708,0.0267,0.1025,예방 모니터 1명 + 대기 요원 1명,"구급함, 무전기, 음용수, 그늘막","예방 순찰 30분 간격 강화 | 응급 대응 장비 위치·작동 상태 점검 | 고위험 방문객 (노약자·어린이·임산부) 적극 모니터링 | 기상 변화·밀도 실시간 확인 | 대기 인력 현장 근접 배치 | [폭염] 그늘·음용수 추가 배치, 열사병 집중 모니터링, 피크타임 야외 자제 권고 | [우천] 미끄러짐 주의 안내, 낙뢰 위험 시설 대피, 우천 장비 점검",이상 징후(쓰러짐·발열·외상) 발견 즉시 위험 단계 상향,야영장 — 장기 체류자 탈수·열사병 위험
F02,오토캠핑장B,혼잡,폭염|한파,2,0.1291,주의,🟡,0.1058,0.9596,0.0245,0.0158,예방 모니터 1명 + 대기 요원 1명,"구급함, 무전기, 음용수, 그늘막","예방 순찰 30분 간격 강화 | 응급 대응 장비 위치·작동 상태 점검 | 고위험 방문객 (노약자·어린이·임산부) 적극 모니터링 | 기상 변화·밀도 실시간 확인 | 대기 인력 현장 근접 배치 | [폭염] 그늘·음용수 추가 배치, 열사병 집중 모니터링, 피크타임 야외 자제 권고 | [한파] 저체온증 위험 모니터링, 실내 대피 공간 운영, 동상 응급처치 키트 배치",이상 징후(쓰러짐·발열·외상) 발견 즉시 위험 단계 상향,야영장 — 장기 체류자 탈수·열사병 위험
F02,오토캠핑장B,혼잡,강풍|폭염,2,0.1291,주의,🟡,0.1058,0.9596,0.0245,0.0158,예방 모니터 1명 + 대기 요원 1명,"구급함, 무전기, 음용수, 그늘막","예방 순찰 30분 간격 강화 | 응급 대응 장비 위치·작동 상태 점검 | 고위험 방문객 (노약자·어린이·임산부) 적극 모니터링 | 기상 변화·밀도 실시간 확인 | 대기 인력 현장 근접 배치 | [폭염] 그늘·음용수 추가 배치, 열사병 집중 모니터링, 피크타임 야외 자제 권고 | [강풍] 낙하물 위험 구역 통제, 야외 구조물·천막 긴급 점검",이상 징후(쓰러짐·발열·외상) 발견 즉시 위험 단계 상향,야영장 — 장기 체류자 탈수·열사병 위험
F02,오토캠핑장B,혼잡,야간|폭염,2,0.1333,주의,🟡,0.1058,0.8445,0.1302,0.0253,예방 모니터 1명 + 대기 요원 1명,"구급함, 무전기, 음용수, 그늘막","예방 순찰 30분 간격 강화 | 응급 대응 장비 위치·작동 상태 점검 | 고위험 방문객 (노약자·어린이·임산부) 적극 모니터링 | 기상 변화·밀도 실시간 확인 | 대기 인력 현장 근접 배치 | [폭염] 그늘·음용수 추가 배치, 열사병 집중 모니터링, 피크타임 야외 자제 권고 | [야간] 조명 확보 및 시야 불량 구역 안전선 설치, 야간 순찰 강화",이상 징후(쓰러짐·발열·외상) 발견 즉시 위험 단계 상향,야영장 — 장기 체류자 탈수·열사병 위험
F02,오토캠핑장B,혼잡,폭염|피크타임,2,0.1283,주의,🟡,0.1058,0.9807,0.0064,0.0129,예방 모니터 1명 + 대기 요원 1명,"구급함, 무전기, 음용수, 그늘막","예방 순찰 30분 간격 강화 | 응급 대응 장비 위치·작동 상태 점검 | 고위험 방문객 (노약자·어린이·임산부) 적극 모니터링 | 기상 변화·밀도 실시간 확인 | 대기 인력 현장 근접 배치 | [폭염] 그늘·음용수 추가 배치, 열사병 집중 모니터링, 피크타임 야외 자제 권고",이상 징후(쓰러짐·발열·외상) 발견 즉시 위험 단계 상향,야영장 — 장기 체류자 탈수·열사병 위험
F02,오토캠핑장B,혼잡,우천|한파,2,0.1287,주의,🟡,0.0969,0.7869,0.0825,0.1306,예방 모니터 1명 + 대기 요원 1명,"구급함, 무전기, 음용수, 그늘막","예방 순찰 30분 간격 강화 | 응급 대응 장비 위치·작동 상태 점검 | 고위험 방문객 (노약자·어린이·임산부) 적극 모니터링 | 기상 변화·밀도 실시간 확인 | 대기 인력 현장 근접 배치 | [우천] 미끄러짐 주의 안내, 낙뢰 위험 시설 대피, 우천 장비 점검 | [한파] 저체온증 위험 모니터링, 실내 대피 공간 운영, 동상 응급처치 키트 배치",이상 징후(쓰러짐·발열·외상) 발견 즉시 위험 단계 상향,야영장 — 장기 체류자 탈수·열사병 위험
F02,오토캠핑장B,혼잡,강풍|우천,2,0.1215,주의,🟡,0.0969,0.898,0.0541,0.0479,예방 모니터 1명 + 대기 요원 1명,"구급함, 무전기, 음용수, 그늘막","예방 순찰 30분 간격 강화 | 응급 대응 장비 위치·작동 상태 점검 | 고위험 방문객 (노약자·어린이·임산부) 적극 모니터링 | 기상 변화·밀도 실시간 확인 | 대기 인력 현장 근접 배치 | [우천] 미끄러짐 주의 안내, 낙뢰 위험 시설 대피, 우천 장비 점검 | [강풍] 낙하물 위험 구역 통제, 야외 구조물·천막 긴급 점검",이상 징후(쓰러짐·발열·외상) 발견 즉시 위험 단계 상향,야영장 — 장기 체류자 탈수·열사병 위험
F02,오토캠핑장B,혼잡,야간|우천,2,0.1337,주의,🟡,0.0969,0.6214,0.2441,0.1345,예방 모니터 1명 + 대기 요원 1명,"구급함, 무전기, 음용수, 그늘막","예방 순찰 30분 간격 강화 | 응급 대응 장비 위치·작동 상태 점검 | 고위험 방문객 (노약자·어린이·임산부) 적극 모니터링 | 기상 변화·밀도 실시간 확인 | 대기 인력 현장 근접 배치 | [우천] 미끄러짐 주의 안내, 낙뢰 위험 시설 대피, 우천 장비 점검 | [야간] 조명 확보 및 시야 불량 구역 안전선 설치, 야간 순찰 강화",이상 징후(쓰러짐·발열·외상) 발견 즉시 위험 단계 상향,야영장 — 장기 체류자 탈수·열사병 위험
F02,오토캠핑장B,혼잡,우천|피크타임,2,0.1211,주의,🟡,0.0969,0.9342,0.0053,0.0604,예방 모니터 1명 + 대기 요원 1명,"구급함, 무전기, 음용수, 그늘막","예방 순찰 30분 간격 강화 | 응급 대응 장비 위치·작동 상태 점검 | 고위험 방문객 (노약자·어린이·임산부) 적극 모니터링 | 기상 변화·밀도 실시간 확인 | 대기 인력 현장 근접 배치 | [우천] 미끄러짐 주의 안내, 낙뢰 위험 시설 대피, 우천 장비 점검",이상 징후(쓰러짐·발열·외상) 발견 즉시 위험 단계 상향,야영장 — 장기 체류자 탈수·열사병 위험
F02,오토캠핑장B,혼잡,강풍|한파,2,0.12,주의,🟡,0.0969,0.9021,0.0795,0.0184,예방 모니터 1명 + 대기 요원 1명,"구급함, 무전기, 음용수, 그늘막","예방 순찰 30분 간격 강화 | 응급 대응 장비 위치·작동 상태 점검 | 고위험 방문객 (노약자·어린이·임산부) 적극 모니터링 | 기상 변화·밀도 실시간 확인 | 대기 인력 현장 근접 배치 | [한파] 저체온증 위험 모니터링, 실내 대피 공간 운영, 동상 응급처치 키트 배치 | [강풍] 낙하물 위험 구역 통제, 야외 구조물·천막 긴급 점검",이상 징후(쓰러짐·발열·외상) 발견 즉시 위험 단계 상향,야영장 — 장기 체류자 탈수·열사병 위험
F02,오토캠핑장B,혼잡,야간|한파,2,0.1262,주의,🟡,0.0969,0.6969,0.2781,0.025,예방 모니터 1명 + 대기 요원 1명,"구급함, 무전기, 음용수, 그늘막","예방 순찰 30분 간격 강화 | 응급 대응 장비 위치·작동 상태 점검 | 고위험 방문객 (노약자·어린이·임산부) 적극 모니터링 | 기상 변화·밀도 실시간 확인 | 대기 인력 현장 근접 배치 | [한파] 저체온증 위험 모니터링, 실내 대피 공간 운영, 동상 응급처치 키트 배치 | [야간] 조명 확보 및 시야 불량 구역 안전선 설치, 야간 순찰 강화",이상 징후(쓰러짐·발열·외상) 발견 즉시 위험 단계 상향,야영장 — 장기 체류자 탈수·열사병 위험
F02,오토캠핑장B,혼잡,피크타임|한파,2,0.118,주의,🟡,0.0969,0.9671,0.0151,0.0178,예방 모니터 1명 + 대기 요원 1명,"구급함, 무전기, 음용수, 그늘막","예방 순찰 30분 간격 강화 | 응급 대응 장비 위치·작동 상태 점검 | 고위험 방문객 (노약자·어린이·임산부) 적극 모니터링 | 기상 변화·밀도 실시간 확인 | 대기 인력 현장 근접 배치 | [한파] 저체온증 위험 모니터링, 실내 대피 공간 운영, 동상 응급처치 키트 배치",이상 징후(쓰러짐·발열·외상) 발견 즉시 위험 단계 상향,야영장 — 장기 체류자 탈수·열사병 위험
F02,오토캠핑장B,혼잡,강풍|야간,2,0.1238,주의,🟡,0.0969,0.7471,0.2491,0.0039,예방 모니터 1명 + 대기 요원 1명,"구급함, 무전기, 음용수, 그늘막","예방 순찰 30분 간격 강화 | 응급 대응 장비 위치·작동 상태 점검 | 고위험 방문객 (노약자·어린이·임산부) 적극 모니터링 | 기상 변화·밀도 실시간 확인 | 대기 인력 현장 근접 배치 | [강풍] 낙하물 위험 구역 통제, 야외 구조물·천막 긴급 점검 | [야간] 조명 확보 및 시야 불량 구역 안전선 설치, 야간 순찰 강화",이상 징후(쓰러짐·발열·외상) 발견 즉시 위험 단계 상향,야영장 — 장기 체류자 탈수·열사병 위험
F02,오토캠핑장B,혼잡,강풍|피크타임,2,0.1165,주의,🟡,0.0969,0.9956,0.0021,0.0023,예방 모니터 1명 + 대기 요원 1명,"구급함, 무전기, 음용수, 그늘막","예방 순찰 30분 간격 강화 | 응급 대응 장비 위치·작동 상태 점검 | 고위험 방문객 (노약자·어린이·임산부) 적극 모니터링 | 기상 변화·밀도 실시간 확인 | 대기 인력 현장 근접 배치 | [강풍] 낙하물 위험 구역 통제, 야외 구조물·천막 긴급 점검",이상 징후(쓰러짐·발열·외상) 발견 즉시 위험 단계 상향,야영장 — 장기 체류자 탈수·열사병 위험
F02,오토캠핑장B,혼잡,야간|피크타임,2,0.133,주의,🟡,0.0969,0.4421,0.5473,0.0106,예방 모니터 1명 + 대기 요원 1명,"구급함, 무전기, 음용수, 그늘막","예방 순찰 30분 간격 강화 | 응급 대응 장비 위치·작동 상태 점검 | 고위험 방문객 (노약자·어린이·임산부) 적극 모니터링 | 기상 변화·밀도 실시간 확인 | 대기 인력 현장 근접 배치 | [야간] 조명 확보 및 시야 불량 구역 안전선 설치, 야간 순찰 강화",이상 징후(쓰러짐·발열·외상) 발견 즉시 위험 단계 상향,야영장 — 장기 체류자 탈수·열사병 위험
F02,오토캠핑장B,혼잡,우천|폭염|한파,3,0.1365,주의,🟡,0.1058,0.8708,0.0267,0.1025,예방 모니터 1명 + 대기 요원 1명,"구급함, 무전기, 음용수, 그늘막","예방 순찰 30분 간격 강화 | 응급 대응 장비 위치·작동 상태 점검 | 고위험 방문객 (노약자·어린이·임산부) 적극 모니터링 | 기상 변화·밀도 실시간 확인 | 대기 인력 현장 근접 배치 | [폭염] 그늘·음용수 추가 배치, 열사병 집중 모니터링, 피크타임 야외 자제 권고 | [우천] 미끄러짐 주의 안내, 낙뢰 위험 시설 대피, 우천 장비 점검 | [한파] 저체온증 위험 모니터링, 실내 대피 공간 운영, 동상 응급처치 키트 배치",이상 징후(쓰러짐·발열·외상) 발견 즉시 위험 단계 상향,야영장 — 장기 체류자 탈수·열사병 위험
F02,오토캠핑장B,혼잡,강풍|우천|폭염,3,0.1365,주의,🟡,0.1058,0.8708,0.0267,0.1025,예방 모니터 1명 + 대기 요원 1명,"구급함, 무전기, 음용수, 그늘막","예방 순찰 30분 간격 강화 | 응급 대응 장비 위치·작동 상태 점검 | 고위험 방문객 (노약자·어린이·임산부) 적극 모니터링 | 기상 변화·밀도 실시간 확인 | 대기 인력 현장 근접 배치 | [폭염] 그늘·음용수 추가 배치, 열사병 집중 모니터링, 피크타임 야외 자제 권고 | [우천] 미끄러짐 주의 안내, 낙뢰 위험 시설 대피, 우천 장비 점검 | [강풍] 낙하물 위험 구역 통제, 야외 구조물·천막 긴급 점검",이상 징후(쓰러짐·발열·외상) 발견 즉시 위험 단계 상향,야영장 — 장기 체류자 탈수·열사병 위험
F02,오토캠핑장B,혼잡,야간|우천|폭염,3,0.1379,주의,🟡,0.1058,0.8181,0.0844,0.0975,예방 모니터 1명 + 대기 요원 1명,"구급함, 무전기, 음용수, 그늘막","예방 순찰 30분 간격 강화 | 응급 대응 장비 위치·작동 상태 점검 | 고위험 방문객 (노약자·어린이·임산부) 적극 모니터링 | 기상 변화·밀도 실시간 확인 | 대기 인력 현장 근접 배치 | [폭염] 그늘·음용수 추가 배치, 열사병 집중 모니터링, 피크타임 야외 자제 권고 | [우천] 미끄러짐 주의 안내, 낙뢰 위험 시설 대피, 우천 장비 점검 | [야간] 조명 확보 및 시야 불량 구역 안전선 설치, 야간 순찰 강화",이상 징후(쓰러짐·발열·외상) 발견 즉시 위험 단계 상향,야영장 — 장기 체류자 탈수·열사병 위험
F02,오토캠핑장B,혼잡,우천|폭염|피크타임,3,0.1339,주의,🟡,0.1058,0.9144,0.0072,0.0785,예방 모니터 1명 + 대기 요원 1명,"구급함, 무전기, 음용수, 그늘막","예방 순찰 30분 간격 강화 | 응급 대응 장비 위치·작동 상태 점검 | 고위험 방문객 (노약자·어린이·임산부) 적극 모니터링 | 기상 변화·밀도 실시간 확인 | 대기 인력 현장 근접 배치 | [폭염] 그늘·음용수 추가 배치, 열사병 집중 모니터링, 피크타임 야외 자제 권고 | [우천] 미끄러짐 주의 안내, 낙뢰 위험 시설 대피, 우천 장비 점검",이상 징후(쓰러짐·발열·외상) 발견 즉시 위험 단계 상향,야영장 — 장기 체류자 탈수·열사병 위험
F02,오토캠핑장B,혼잡,강풍|폭염|한파,3,0.1291,주의,🟡,0.1058,0.9596,0.0245,0.0158,예방 모니터 1명 + 대기 요원 1명,"구급함, 무전기, 음용수, 그늘막","예방 순찰 30분 간격 강화 | 응급 대응 장비 위치·작동 상태 점검 | 고위험 방문객 (노약자·어린이·임산부) 적극 모니터링 | 기상 변화·밀도 실시간 확인 | 대기 인력 현장 근접 배치 | [폭염] 그늘·음용수 추가 배치, 열사병 집중 모니터링, 피크타임 야외 자제 권고 | [한파] 저체온증 위험 모니터링, 실내 대피 공간 운영, 동상 응급처치 키트 배치 | [강풍] 낙하물 위험 구역 통제, 야외 구조물·천막 긴급 점검",이상 징후(쓰러짐·발열·외상) 발견 즉시 위험 단계 상향,야영장 — 장기 체류자 탈수·열사병 위험
F02,오토캠핑장B,혼잡,야간|폭염|한파,3,0.1333,주의,🟡,0.1058,0.8445,0.1302,0.0253,예방 모니터 1명 + 대기 요원 1명,"구급함, 무전기, 음용수, 그늘막","예방 순찰 30분 간격 강화 | 응급 대응 장비 위치·작동 상태 점검 | 고위험 방문객 (노약자·어린이·임산부) 적극 모니터링 | 기상 변화·밀도 실시간 확인 | 대기 인력 현장 근접 배치 | [폭염] 그늘·음용수 추가 배치, 열사병 집중 모니터링, 피크타임 야외 자제 권고 | [한파] 저체온증 위험 모니터링, 실내 대피 공간 운영, 동상 응급처치 키트 배치 | [야간] 조명 확보 및 시야 불량 구역 안전선 설치, 야간 순찰 강화",이상 징후(쓰러짐·발열·외상) 발견 즉시 위험 단계 상향,야영장 — 장기 체류자 탈수·열사병 위험
F02,오토캠핑장B,혼잡,폭염|피크타임|한파,3,0.1283,주의,🟡,0.1058,0.9807,0.0064,0.0129,예방 모니터 1명 + 대기 요원 1명,"구급함, 무전기, 음용수, 그늘막","예방 순찰 30분 간격 강화 | 응급 대응 장비 위치·작동 상태 점검 | 고위험 방문객 (노약자·어린이·임산부) 적극 모니터링 | 기상 변화·밀도 실시간 확인 | 대기 인력 현장 근접 배치 | [폭염] 그늘·음용수 추가 배치, 열사병 집중 모니터링, 피크타임 야외 자제 권고 | [한파] 저체온증 위험 모니터링, 실내 대피 공간 운영, 동상 응급처치 키트 배치",이상 징후(쓰러짐·발열·외상) 발견 즉시 위험 단계 상향,야영장 — 장기 체류자 탈수·열사병 위험
F02,오토캠핑장B,혼잡,강풍|야간|폭염,3,0.1333,주의,🟡,0.1058,0.8445,0.1302,0.0253,예방 모니터 1명 + 대기 요원 1명,"구급함, 무전기, 음용수, 그늘막","예방 순찰 30분 간격 강화 | 응급 대응 장비 위치·작동 상태 점검 | 고위험 방문객 (노약자·어린이·임산부) 적극 모니터링 | 기상 변화·밀도 실시간 확인 | 대기 인력 현장 근접 배치 | [폭염] 그늘·음용수 추가 배치, 열사병 집중 모니터링, 피크타임 야외 자제 권고 | [강풍] 낙하물 위험 구역 통제, 야외 구조물·천막 긴급 점검 | [야간] 조명 확보 및 시야 불량 구역 안전선 설치, 야간 순찰 강화",이상 징후(쓰러짐·발열·외상) 발견 즉시 위험 단계 상향,야영장 — 장기 체류자 탈수·열사병 위험
F02,오토캠핑장B,혼잡,강풍|폭염|피크타임,3,0.1283,주의,🟡,0.1058,0.9807,0.0064,0.0129,예방 모니터 1명 + 대기 요원 1명,"구급함, 무전기, 음용수, 그늘막","예방 순찰 30분 간격 강화 | 응급 대응 장비 위치·작동 상태 점검 | 고위험 방문객 (노약자·어린이·임산부) 적극 모니터링 | 기상 변화·밀도 실시간 확인 | 대기 인력 현장 근접 배치 | [폭염] 그늘·음용수 추가 배치, 열사병 집중 모니터링, 피크타임 야외 자제 권고 | [강풍] 낙하물 위험 구역 통제, 야외 구조물·천막 긴급 점검",이상 징후(쓰러짐·발열·외상) 발견 즉시 위험 단계 상향,야영장 — 장기 체류자 탈수·열사병 위험
F02,오토캠핑장B,혼잡,야간|폭염|피크타임,3,0.1333,주의,🟡,0.1058,0.8445,0.1302,0.0253,예방 모니터 1명 + 대기 요원 1명,"구급함, 무전기, 음용수, 그늘막","예방 순찰 30분 간격 강화 | 응급 대응 장비 위치·작동 상태 점검 | 고위험 방문객 (노약자·어린이·임산부) 적극 모니터링 | 기상 변화·밀도 실시간 확인 | 대기 인력 현장 근접 배치 | [폭염] 그늘·음용수 추가 배치, 열사병 집중 모니터링, 피크타임 야외 자제 권고 | [야간] 조명 확보 및 시야 불량 구역 안전선 설치, 야간 순찰 강화",이상 징후(쓰러짐·발열·외상) 발견 즉시 위험 단계 상향,야영장 — 장기 체류자 탈수·열사병 위험
F02,오토캠핑장B,혼잡,강풍|우천|한파,3,0.1287,주의,🟡,0.0969,0.7869,0.0825,0.1306,예방 모니터 1명 + 대기 요원 1명,"구급함, 무전기, 음용수, 그늘막","예방 순찰 30분 간격 강화 | 응급 대응 장비 위치·작동 상태 점검 | 고위험 방문객 (노약자·어린이·임산부) 적극 모니터링 | 기상 변화·밀도 실시간 확인 | 대기 인력 현장 근접 배치 | [우천] 미끄러짐 주의 안내, 낙뢰 위험 시설 대피, 우천 장비 점검 | [한파] 저체온증 위험 모니터링, 실내 대피 공간 운영, 동상 응급처치 키트 배치 | [강풍] 낙하물 위험 구역 통제, 야외 구조물·천막 긴급 점검",이상 징후(쓰러짐·발열·외상) 발견 즉시 위험 단계 상향,야영장 — 장기 체류자 탈수·열사병 위험
F02,오토캠핑장B,혼잡,야간|우천|한파,3,0.1296,주의,🟡,0.0969,0.7369,0.1445,0.1185,예방 모니터 1명 + 대기 요원 1명,"구급함, 무전기, 음용수, 그늘막","예방 순찰 30분 간격 강화 | 응급 대응 장비 위치·작동 상태 점검 | 고위험 방문객 (노약자·어린이·임산부) 적극 모니터링 | 기상 변화·밀도 실시간 확인 | 대기 인력 현장 근접 배치 | [우천] 미끄러짐 주의 안내, 낙뢰 위험 시설 대피, 우천 장비 점검 | [한파] 저체온증 위험 모니터링, 실내 대피 공간 운영, 동상 응급처치 키트 배치 | [야간] 조명 확보 및 시야 불량 구역 안전선 설치, 야간 순찰 강화",이상 징후(쓰러짐·발열·외상) 발견 즉시 위험 단계 상향,야영장 — 장기 체류자 탈수·열사병 위험
F02,오토캠핑장B,혼잡,우천|피크타임|한파,3,0.127,주의,🟡,0.0969,0.852,0.0147,0.1332,예방 모니터 1명 + 대기 요원 1명,"구급함, 무전기, 음용수, 그늘막","예방 순찰 30분 간격 강화 | 응급 대응 장비 위치·작동 상태 점검 | 고위험 방문객 (노약자·어린이·임산부) 적극 모니터링 | 기상 변화·밀도 실시간 확인 | 대기 인력 현장 근접 배치 | [우천] 미끄러짐 주의 안내, 낙뢰 위험 시설 대피, 우천 장비 점검 | [한파] 저체온증 위험 모니터링, 실내 대피 공간 운영, 동상 응급처치 키트 배치",이상 징후(쓰러짐·발열·외상) 발견 즉시 위험 단계 상향,야영장 — 장기 체류자 탈수·열사병 위험
F02,오토캠핑장B,혼잡,강풍|야간|우천,3,0.1233,주의,🟡,0.0969,0.8197,0.1415,0.0388,예방 모니터 1명 + 대기 요원 1명,"구급함, 무전기, 음용수, 그늘막","예방 순찰 30분 간격 강화 | 응급 대응 장비 위치·작동 상태 점검 | 고위험 방문객 (노약자·어린이·임산부) 적극 모니터링 | 기상 변화·밀도 실시간 확인 | 대기 인력 현장 근접 배치 | [우천] 미끄러짐 주의 안내, 낙뢰 위험 시설 대피, 우천 장비 점검 | [강풍] 낙하물 위험 구역 통제, 야외 구조물·천막 긴급 점검 | [야간] 조명 확보 및 시야 불량 구역 안전선 설치, 야간 순찰 강화",이상 징후(쓰러짐·발열·외상) 발견 즉시 위험 단계 상향,야영장 — 장기 체류자 탈수·열사병 위험
F02,오토캠핑장B,혼잡,강풍|우천|피크타임,3,0.1194,주의,🟡,0.0969,0.9562,0.0037,0.04,예방 모니터 1명 + 대기 요원 1명,"구급함, 무전기, 음용수, 그늘막","예방 순찰 30분 간격 강화 | 응급 대응 장비 위치·작동 상태 점검 | 고위험 방문객 (노약자·어린이·임산부) 적극 모니터링 | 기상 변화·밀도 실시간 확인 | 대기 인력 현장 근접 배치 | [우천] 미끄러짐 주의 안내, 낙뢰 위험 시설 대피, 우천 장비 점검 | [강풍] 낙하물 위험 구역 통제, 야외 구조물·천막 긴급 점검",이상 징후(쓰러짐·발열·외상) 발견 즉시 위험 단계 상향,야영장 — 장기 체류자 탈수·열사병 위험
F02,오토캠핑장B,혼잡,야간|우천|피크타임,3,0.1337,주의,🟡,0.0969,0.6214,0.2441,0.1345,예방 모니터 1명 + 대기 요원 1명,"구급함, 무전기, 음용수, 그늘막","예방 순찰 30분 간격 강화 | 응급 대응 장비 위치·작동 상태 점검 | 고위험 방문객 (노약자·어린이·임산부) 적극 모니터링 | 기상 변화·밀도 실시간 확인 | 대기 인력 현장 근접 배치 | [우천] 미끄러짐 주의 안내, 낙뢰 위험 시설 대피, 우천 장비 점검 | [야간] 조명 확보 및 시야 불량 구역 안전선 설치, 야간 순찰 강화",이상 징후(쓰러짐·발열·외상) 발견 즉시 위험 단계 상향,야영장 — 장기 체류자 탈수·열사병 위험
F02,오토캠핑장B,혼잡,강풍|야간|한파,3,0.1262,주의,🟡,0.0969,0.6969,0.2781,0.025,예방 모니터 1명 + 대기 요원 1명,"구급함, 무전기, 음용수, 그늘막","예방 순찰 30분 간격 강화 | 응급 대응 장비 위치·작동 상태 점검 | 고위험 방문객 (노약자·어린이·임산부) 적극 모니터링 | 기상 변화·밀도 실시간 확인 | 대기 인력 현장 근접 배치 | [한파] 저체온증 위험 모니터링, 실내 대피 공간 운영, 동상 응급처치 키트 배치 | [강풍] 낙하물 위험 구역 통제, 야외 구조물·천막 긴급 점검 | [야간] 조명 확보 및 시야 불량 구역 안전선 설치, 야간 순찰 강화",이상 징후(쓰러짐·발열·외상) 발견 즉시 위험 단계 상향,야영장 — 장기 체류자 탈수·열사병 위험
F02,오토캠핑장B,혼잡,강풍|피크타임|한파,3,0.118,주의,🟡,0.0969,0.9671,0.0151,0.0178,예방 모니터 1명 + 대기 요원 1명,"구급함, 무전기, 음용수, 그늘막","예방 순찰 30분 간격 강화 | 응급 대응 장비 위치·작동 상태 점검 | 고위험 방문객 (노약자·어린이·임산부) 적극 모니터링 | 기상 변화·밀도 실시간 확인 | 대기 인력 현장 근접 배치 | [한파] 저체온증 위험 모니터링, 실내 대피 공간 운영, 동상 응급처치 키트 배치 | [강풍] 낙하물 위험 구역 통제, 야외 구조물·천막 긴급 점검",이상 징후(쓰러짐·발열·외상) 발견 즉시 위험 단계 상향,야영장 — 장기 체류자 탈수·열사병 위험
F02,오토캠핑장B,혼잡,야간|피크타임|한파,3,0.1262,주의,🟡,0.0969,0.6969,0.2781,0.025,예방 모니터 1명 + 대기 요원 1명,"구급함, 무전기, 음용수, 그늘막","예방 순찰 30분 간격 강화 | 응급 대응 장비 위치·작동 상태 점검 | 고위험 방문객 (노약자·어린이·임산부) 적극 모니터링 | 기상 변화·밀도 실시간 확인 | 대기 인력 현장 근접 배치 | [한파] 저체온증 위험 모니터링, 실내 대피 공간 운영, 동상 응급처치 키트 배치 | [야간] 조명 확보 및 시야 불량 구역 안전선 설치, 야간 순찰 강화",이상 징후(쓰러짐·발열·외상) 발견 즉시 위험 단계 상향,야영장 — 장기 체류자 탈수·열사병 위험
F02,오토캠핑장B,혼잡,강풍|야간|피크타임,3,0.1238,주의,🟡,0.0969,0.7471,0.2491,0.0039,예방 모니터 1명 + 대기 요원 1명,"구급함, 무전기, 음용수, 그늘막","예방 순찰 30분 간격 강화 | 응급 대응 장비 위치·작동 상태 점검 | 고위험 방문객 (노약자·어린이·임산부) 적극 모니터링 | 기상 변화·밀도 실시간 확인 | 대기 인력 현장 근접 배치 | [강풍] 낙하물 위험 구역 통제, 야외 구조물·천막 긴급 점검 | [야간] 조명 확보 및 시야 불량 구역 안전선 설치, 야간 순찰 강화",이상 징후(쓰러짐·발열·외상) 발견 즉시 위험 단계 상향,야영장 — 장기 체류자 탈수·열사병 위험
F02,오토캠핑장B,혼잡,강풍|우천|폭염|한파,4,0.1365,주의,🟡,0.1058,0.8708,0.0267,0.1025,예방 모니터 1명 + 대기 요원 1명,"구급함, 무전기, 음용수, 그늘막","예방 순찰 30분 간격 강화 | 응급 대응 장비 위치·작동 상태 점검 | 고위험 방문객 (노약자·어린이·임산부) 적극 모니터링 | 기상 변화·밀도 실시간 확인 | 대기 인력 현장 근접 배치 | [폭염] 그늘·음용수 추가 배치, 열사병 집중 모니터링, 피크타임 야외 자제 권고 | [우천] 미끄러짐 주의 안내, 낙뢰 위험 시설 대피, 우천 장비 점검 | [한파] 저체온증 위험 모니터링, 실내 대피 공간 운영, 동상 응급처치 키트 배치 | [강풍] 낙하물 위험 구역 통제, 야외 구조물·천막 긴급 점검",이상 징후(쓰러짐·발열·외상) 발견 즉시 위험 단계 상향,야영장 — 장기 체류자 탈수·열사병 위험
F02,오토캠핑장B,혼잡,야간|우천|폭염|한파,4,0.1379,주의,🟡,0.1058,0.8181,0.0844,0.0975,예방 모니터 1명 + 대기 요원 1명,"구급함, 무전기, 음용수, 그늘막","예방 순찰 30분 간격 강화 | 응급 대응 장비 위치·작동 상태 점검 | 고위험 방문객 (노약자·어린이·임산부) 적극 모니터링 | 기상 변화·밀도 실시간 확인 | 대기 인력 현장 근접 배치 | [폭염] 그늘·음용수 추가 배치, 열사병 집중 모니터링, 피크타임 야외 자제 권고 | [우천] 미끄러짐 주의 안내, 낙뢰 위험 시설 대피, 우천 장비 점검 | [한파] 저체온증 위험 모니터링, 실내 대피 공간 운영, 동상 응급처치 키트 배치 | [야간] 조명 확보 및 시야 불량 구역 안전선 설치, 야간 순찰 강화",이상 징후(쓰러짐·발열·외상) 발견 즉시 위험 단계 상향,야영장 — 장기 체류자 탈수·열사병 위험
F02,오토캠핑장B,혼잡,우천|폭염|피크타임|한파,4,0.1339,주의,🟡,0.1058,0.9144,0.0072,0.0785,예방 모니터 1명 + 대기 요원 1명,"구급함, 무전기, 음용수, 그늘막","예방 순찰 30분 간격 강화 | 응급 대응 장비 위치·작동 상태 점검 | 고위험 방문객 (노약자·어린이·임산부) 적극 모니터링 | 기상 변화·밀도 실시간 확인 | 대기 인력 현장 근접 배치 | [폭염] 그늘·음용수 추가 배치, 열사병 집중 모니터링, 피크타임 야외 자제 권고 | [우천] 미끄러짐 주의 안내, 낙뢰 위험 시설 대피, 우천 장비 점검 | [한파] 저체온증 위험 모니터링, 실내 대피 공간 운영, 동상 응급처치 키트 배치",이상 징후(쓰러짐·발열·외상) 발견 즉시 위험 단계 상향,야영장 — 장기 체류자 탈수·열사병 위험
F02,오토캠핑장B,혼잡,강풍|야간|우천|폭염,4,0.1379,주의,🟡,0.1058,0.8181,0.0844,0.0975,예방 모니터 1명 + 대기 요원 1명,"구급함, 무전기, 음용수, 그늘막","예방 순찰 30분 간격 강화 | 응급 대응 장비 위치·작동 상태 점검 | 고위험 방문객 (노약자·어린이·임산부) 적극 모니터링 | 기상 변화·밀도 실시간 확인 | 대기 인력 현장 근접 배치 | [폭염] 그늘·음용수 추가 배치, 열사병 집중 모니터링, 피크타임 야외 자제 권고 | [우천] 미끄러짐 주의 안내, 낙뢰 위험 시설 대피, 우천 장비 점검 | [강풍] 낙하물 위험 구역 통제, 야외 구조물·천막 긴급 점검 | [야간] 조명 확보 및 시야 불량 구역 안전선 설치, 야간 순찰 강화",이상 징후(쓰러짐·발열·외상) 발견 즉시 위험 단계 상향,야영장 — 장기 체류자 탈수·열사병 위험
F02,오토캠핑장B,혼잡,강풍|우천|폭염|피크타임,4,0.1339,주의,🟡,0.1058,0.9144,0.0072,0.0785,예방 모니터 1명 + 대기 요원 1명,"구급함, 무전기, 음용수, 그늘막","예방 순찰 30분 간격 강화 | 응급 대응 장비 위치·작동 상태 점검 | 고위험 방문객 (노약자·어린이·임산부) 적극 모니터링 | 기상 변화·밀도 실시간 확인 | 대기 인력 현장 근접 배치 | [폭염] 그늘·음용수 추가 배치, 열사병 집중 모니터링, 피크타임 야외 자제 권고 | [우천] 미끄러짐 주의 안내, 낙뢰 위험 시설 대피, 우천 장비 점검 | [강풍] 낙하물 위험 구역 통제, 야외 구조물·천막 긴급 점검",이상 징후(쓰러짐·발열·외상) 발견 즉시 위험 단계 상향,야영장 — 장기 체류자 탈수·열사병 위험
F02,오토캠핑장B,혼잡,야간|우천|폭염|피크타임,4,0.1379,주의,🟡,0.1058,0.8181,0.0844,0.0975,예방 모니터 1명 + 대기 요원 1명,"구급함, 무전기, 음용수, 그늘막","예방 순찰 30분 간격 강화 | 응급 대응 장비 위치·작동 상태 점검 | 고위험 방문객 (노약자·어린이·임산부) 적극 모니터링 | 기상 변화·밀도 실시간 확인 | 대기 인력 현장 근접 배치 | [폭염] 그늘·음용수 추가 배치, 열사병 집중 모니터링, 피크타임 야외 자제 권고 | [우천] 미끄러짐 주의 안내, 낙뢰 위험 시설 대피, 우천 장비 점검 | [야간] 조명 확보 및 시야 불량 구역 안전선 설치, 야간 순찰 강화",이상 징후(쓰러짐·발열·외상) 발견 즉시 위험 단계 상향,야영장 — 장기 체류자 탈수·열사병 위험
F02,오토캠핑장B,혼잡,강풍|야간|폭염|한파,4,0.1333,주의,🟡,0.1058,0.8445,0.1302,0.0253,예방 모니터 1명 + 대기 요원 1명,"구급함, 무전기, 음용수, 그늘막","예방 순찰 30분 간격 강화 | 응급 대응 장비 위치·작동 상태 점검 | 고위험 방문객 (노약자·어린이·임산부) 적극 모니터링 | 기상 변화·밀도 실시간 확인 | 대기 인력 현장 근접 배치 | [폭염] 그늘·음용수 추가 배치, 열사병 집중 모니터링, 피크타임 야외 자제 권고 | [한파] 저체온증 위험 모니터링, 실내 대피 공간 운영, 동상 응급처치 키트 배치 | [강풍] 낙하물 위험 구역 통제, 야외 구조물·천막 긴급 점검 | [야간] 조명 확보 및 시야 불량 구역 안전선 설치, 야간 순찰 강화",이상 징후(쓰러짐·발열·외상) 발견 즉시 위험 단계 상향,야영장 — 장기 체류자 탈수·열사병 위험
F02,오토캠핑장B,혼잡,강풍|폭염|피크타임|한파,4,0.1283,주의,🟡,0.1058,0.9807,0.0064,0.0129,예방 모니터 1명 + 대기 요원 1명,"구급함, 무전기, 음용수, 그늘막","예방 순찰 30분 간격 강화 | 응급 대응 장비 위치·작동 상태 점검 | 고위험 방문객 (노약자·어린이·임산부) 적극 모니터링 | 기상 변화·밀도 실시간 확인 | 대기 인력 현장 근접 배치 | [폭염] 그늘·음용수 추가 배치, 열사병 집중 모니터링, 피크타임 야외 자제 권고 | [한파] 저체온증 위험 모니터링, 실내 대피 공간 운영, 동상 응급처치 키트 배치 | [강풍] 낙하물 위험 구역 통제, 야외 구조물·천막 긴급 점검",이상 징후(쓰러짐·발열·외상) 발견 즉시 위험 단계 상향,야영장 — 장기 체류자 탈수·열사병 위험
F02,오토캠핑장B,혼잡,야간|폭염|피크타임|한파,4,0.1333,주의,🟡,0.1058,0.8445,0.1302,0.0253,예방 모니터 1명 + 대기 요원 1명,"구급함, 무전기, 음용수, 그늘막","예방 순찰 30분 간격 강화 | 응급 대응 장비 위치·작동 상태 점검 | 고위험 방문객 (노약자·어린이·임산부) 적극 모니터링 | 기상 변화·밀도 실시간 확인 | 대기 인력 현장 근접 배치 | [폭염] 그늘·음용수 추가 배치, 열사병 집중 모니터링, 피크타임 야외 자제 권고 | [한파] 저체온증 위험 모니터링, 실내 대피 공간 운영, 동상 응급처치 키트 배치 | [야간] 조명 확보 및 시야 불량 구역 안전선 설치, 야간 순찰 강화",이상 징후(쓰러짐·발열·외상) 발견 즉시 위험 단계 상향,야영장 — 장기 체류자 탈수·열사병 위험
F02,오토캠핑장B,혼잡,강풍|야간|폭염|피크타임,4,0.1333,주의,🟡,0.1058,0.8445,0.1302,0.0253,예방 모니터 1명 + 대기 요원 1명,"구급함, 무전기, 음용수, 그늘막","예방 순찰 30분 간격 강화 | 응급 대응 장비 위치·작동 상태 점검 | 고위험 방문객 (노약자·어린이·임산부) 적극 모니터링 | 기상 변화·밀도 실시간 확인 | 대기 인력 현장 근접 배치 | [폭염] 그늘·음용수 추가 배치, 열사병 집중 모니터링, 피크타임 야외 자제 권고 | [강풍] 낙하물 위험 구역 통제, 야외 구조물·천막 긴급 점검 | [야간] 조명 확보 및 시야 불량 구역 안전선 설치, 야간 순찰 강화",이상 징후(쓰러짐·발열·외상) 발견 즉시 위험 단계 상향,야영장 — 장기 체류자 탈수·열사병 위험
F02,오토캠핑장B,혼잡,강풍|야간|우천|한파,4,0.1296,주의,🟡,0.0969,0.7369,0.1445,0.1185,예방 모니터 1명 + 대기 요원 1명,"구급함, 무전기, 음용수, 그늘막","예방 순찰 30분 간격 강화 | 응급 대응 장비 위치·작동 상태 점검 | 고위험 방문객 (노약자·어린이·임산부) 적극 모니터링 | 기상 변화·밀도 실시간 확인 | 대기 인력 현장 근접 배치 | [우천] 미끄러짐 주의 안내, 낙뢰 위험 시설 대피, 우천 장비 점검 | [한파] 저체온증 위험 모니터링, 실내 대피 공간 운영, 동상 응급처치 키트 배치 | [강풍] 낙하물 위험 구역 통제, 야외 구조물·천막 긴급 점검 | [야간] 조명 확보 및 시야 불량 구역 안전선 설치, 야간 순찰 강화",이상 징후(쓰러짐·발열·외상) 발견 즉시 위험 단계 상향,야영장 — 장기 체류자 탈수·열사병 위험
F02,오토캠핑장B,혼잡,강풍|우천|피크타임|한파,4,0.127,주의,🟡,0.0969,0.852,0.0147,0.1332,예방 모니터 1명 + 대기 요원 1명,"구급함, 무전기, 음용수, 그늘막","예방 순찰 30분 간격 강화 | 응급 대응 장비 위치·작동 상태 점검 | 고위험 방문객 (노약자·어린이·임산부) 적극 모니터링 | 기상 변화·밀도 실시간 확인 | 대기 인력 현장 근접 배치 | [우천] 미끄러짐 주의 안내, 낙뢰 위험 시설 대피, 우천 장비 점검 | [한파] 저체온증 위험 모니터링, 실내 대피 공간 운영, 동상 응급처치 키트 배치 | [강풍] 낙하물 위험 구역 통제, 야외 구조물·천막 긴급 점검",이상 징후(쓰러짐·발열·외상) 발견 즉시 위험 단계 상향,야영장 — 장기 체류자 탈수·열사병 위험
F02,오토캠핑장B,혼잡,야간|우천|피크타임|한파,4,0.1296,주의,🟡,0.0969,0.7369,0.1445,0.1185,예방 모니터 1명 + 대기 요원 1명,"구급함, 무전기, 음용수, 그늘막","예방 순찰 30분 간격 강화 | 응급 대응 장비 위치·작동 상태 점검 | 고위험 방문객 (노약자·어린이·임산부) 적극 모니터링 | 기상 변화·밀도 실시간 확인 | 대기 인력 현장 근접 배치 | [우천] 미끄러짐 주의 안내, 낙뢰 위험 시설 대피, 우천 장비 점검 | [한파] 저체온증 위험 모니터링, 실내 대피 공간 운영, 동상 응급처치 키트 배치 | [야간] 조명 확보 및 시야 불량 구역 안전선 설치, 야간 순찰 강화",이상 징후(쓰러짐·발열·외상) 발견 즉시 위험 단계 상향,야영장 — 장기 체류자 탈수·열사병 위험
F02,오토캠핑장B,혼잡,강풍|야간|우천|피크타임,4,0.1233,주의,🟡,0.0969,0.8197,0.1415,0.0388,예방 모니터 1명 + 대기 요원 1명,"구급함, 무전기, 음용수, 그늘막","예방 순찰 30분 간격 강화 | 응급 대응 장비 위치·작동 상태 점검 | 고위험 방문객 (노약자·어린이·임산부) 적극 모니터링 | 기상 변화·밀도 실시간 확인 | 대기 인력 현장 근접 배치 | [우천] 미끄러짐 주의 안내, 낙뢰 위험 시설 대피, 우천 장비 점검 | [강풍] 낙하물 위험 구역 통제, 야외 구조물·천막 긴급 점검 | [야간] 조명 확보 및 시야 불량 구역 안전선 설치, 야간 순찰 강화",이상 징후(쓰러짐·발열·외상) 발견 즉시 위험 단계 상향,야영장 — 장기 체류자 탈수·열사병 위험
F02,오토캠핑장B,혼잡,강풍|야간|피크타임|한파,4,0.1262,주의,🟡,0.0969,0.6969,0.2781,0.025,예방 모니터 1명 + 대기 요원 1명,"구급함, 무전기, 음용수, 그늘막","예방 순찰 30분 간격 강화 | 응급 대응 장비 위치·작동 상태 점검 | 고위험 방문객 (노약자·어린이·임산부) 적극 모니터링 | 기상 변화·밀도 실시간 확인 | 대기 인력 현장 근접 배치 | [한파] 저체온증 위험 모니터링, 실내 대피 공간 운영, 동상 응급처치 키트 배치 | [강풍] 낙하물 위험 구역 통제, 야외 구조물·천막 긴급 점검 | [야간] 조명 확보 및 시야 불량 구역 안전선 설치, 야간 순찰 강화",이상 징후(쓰러짐·발열·외상) 발견 즉시 위험 단계 상향,야영장 — 장기 체류자 탈수·열사병 위험
F02,오토캠핑장B,혼잡,강풍|야간|우천|폭염|한파,5,0.1379,주의,🟡,0.1058,0.8181,0.0844,0.0975,예방 모니터 1명 + 대기 요원 1명,"구급함, 무전기, 음용수, 그늘막","예방 순찰 30분 간격 강화 | 응급 대응 장비 위치·작동 상태 점검 | 고위험 방문객 (노약자·어린이·임산부) 적극 모니터링 | 기상 변화·밀도 실시간 확인 | 대기 인력 현장 근접 배치 | [폭염] 그늘·음용수 추가 배치, 열사병 집중 모니터링, 피크타임 야외 자제 권고 | [우천] 미끄러짐 주의 안내, 낙뢰 위험 시설 대피, 우천 장비 점검 | [한파] 저체온증 위험 모니터링, 실내 대피 공간 운영, 동상 응급처치 키트 배치 | [강풍] 낙하물 위험 구역 통제, 야외 구조물·천막 긴급 점검 | [야간] 조명 확보 및 시야 불량 구역 안전선 설치, 야간 순찰 강화",이상 징후(쓰러짐·발열·외상) 발견 즉시 위험 단계 상향,야영장 — 장기 체류자 탈수·열사병 위험
F02,오토캠핑장B,혼잡,강풍|우천|폭염|피크타임|한파,5,0.1339,주의,🟡,0.1058,0.9144,0.0072,0.0785,예방 모니터 1명 + 대기 요원 1명,"구급함, 무전기, 음용수, 그늘막","예방 순찰 30분 간격 강화 | 응급 대응 장비 위치·작동 상태 점검 | 고위험 방문객 (노약자·어린이·임산부) 적극 모니터링 | 기상 변화·밀도 실시간 확인 | 대기 인력 현장 근접 배치 | [폭염] 그늘·음용수 추가 배치, 열사병 집중 모니터링, 피크타임 야외 자제 권고 | [우천] 미끄러짐 주의 안내, 낙뢰 위험 시설 대피, 우천 장비 점검 | [한파] 저체온증 위험 모니터링, 실내 대피 공간 운영, 동상 응급처치 키트 배치 | [강풍] 낙하물 위험 구역 통제, 야외 구조물·천막 긴급 점검",이상 징후(쓰러짐·발열·외상) 발견 즉시 위험 단계 상향,야영장 — 장기 체류자 탈수·열사병 위험
F02,오토캠핑장B,혼잡,야간|우천|폭염|피크타임|한파,5,0.1379,주의,🟡,0.1058,0.8181,0.0844,0.0975,예방 모니터 1명 + 대기 요원 1명,"구급함, 무전기, 음용수, 그늘막","예방 순찰 30분 간격 강화 | 응급 대응 장비 위치·작동 상태 점검 | 고위험 방문객 (노약자·어린이·임산부) 적극 모니터링 | 기상 변화·밀도 실시간 확인 | 대기 인력 현장 근접 배치 | [폭염] 그늘·음용수 추가 배치, 열사병 집중 모니터링, 피크타임 야외 자제 권고 | [우천] 미끄러짐 주의 안내, 낙뢰 위험 시설 대피, 우천 장비 점검 | [한파] 저체온증 위험 모니터링, 실내 대피 공간 운영, 동상 응급처치 키트 배치 | [야간] 조명 확보 및 시야 불량 구역 안전선 설치, 야간 순찰 강화",이상 징후(쓰러짐·발열·외상) 발견 즉시 위험 단계 상향,야영장 — 장기 체류자 탈수·열사병 위험
F02,오토캠핑장B,혼잡,강풍|야간|우천|폭염|피크타임,5,0.1379,주의,🟡,0.1058,0.8181,0.0844,0.0975,예방 모니터 1명 + 대기 요원 1명,"구급함, 무전기, 음용수, 그늘막","예방 순찰 30분 간격 강화 | 응급 대응 장비 위치·작동 상태 점검 | 고위험 방문객 (노약자·어린이·임산부) 적극 모니터링 | 기상 변화·밀도 실시간 확인 | 대기 인력 현장 근접 배치 | [폭염] 그늘·음용수 추가 배치, 열사병 집중 모니터링, 피크타임 야외 자제 권고 | [우천] 미끄러짐 주의 안내, 낙뢰 위험 시설 대피, 우천 장비 점검 | [강풍] 낙하물 위험 구역 통제, 야외 구조물·천막 긴급 점검 | [야간] 조명 확보 및 시야 불량 구역 안전선 설치, 야간 순찰 강화",이상 징후(쓰러짐·발열·외상) 발견 즉시 위험 단계 상향,야영장 — 장기 체류자 탈수·열사병 위험
F02,오토캠핑장B,혼잡,강풍|야간|폭염|피크타임|한파,5,0.1333,주의,🟡,0.1058,0.8445,0.1302,0.0253,예방 모니터 1명 + 대기 요원 1명,"구급함, 무전기, 음용수, 그늘막","예방 순찰 30분 간격 강화 | 응급 대응 장비 위치·작동 상태 점검 | 고위험 방문객 (노약자·어린이·임산부) 적극 모니터링 | 기상 변화·밀도 실시간 확인 | 대기 인력 현장 근접 배치 | [폭염] 그늘·음용수 추가 배치, 열사병 집중 모니터링, 피크타임 야외 자제 권고 | [한파] 저체온증 위험 모니터링, 실내 대피 공간 운영, 동상 응급처치 키트 배치 | [강풍] 낙하물 위험 구역 통제, 야외 구조물·천막 긴급 점검 | [야간] 조명 확보 및 시야 불량 구역 안전선 설치, 야간 순찰 강화",이상 징후(쓰러짐·발열·외상) 발견 즉시 위험 단계 상향,야영장 — 장기 체류자 탈수·열사병 위험
F02,오토캠핑장B,혼잡,강풍|야간|우천|피크타임|한파,5,0.1296,주의,🟡,0.0969,0.7369,0.1445,0.1185,예방 모니터 1명 + 대기 요원 1명,"구급함, 무전기, 음용수, 그늘막","예방 순찰 30분 간격 강화 | 응급 대응 장비 위치·작동 상태 점검 | 고위험 방문객 (노약자·어린이·임산부) 적극 모니터링 | 기상 변화·밀도 실시간 확인 | 대기 인력 현장 근접 배치 | [우천] 미끄러짐 주의 안내, 낙뢰 위험 시설 대피, 우천 장비 점검 | [한파] 저체온증 위험 모니터링, 실내 대피 공간 운영, 동상 응급처치 키트 배치 | [강풍] 낙하물 위험 구역 통제, 야외 구조물·천막 긴급 점검 | [야간] 조명 확보 및 시야 불량 구역 안전선 설치, 야간 순찰 강화",이상 징후(쓰러짐·발열·외상) 발견 즉시 위험 단계 상향,야영장 — 장기 체류자 탈수·열사병 위험
F02,오토캠핑장B,혼잡,강풍|야간|우천|폭염|피크타임|한파,6,0.1379,주의,🟡,0.1058,0.8181,0.0844,0.0975,예방 모니터 1명 + 대기 요원 1명,"구급함, 무전기, 음용수, 그늘막","예방 순찰 30분 간격 강화 | 응급 대응 장비 위치·작동 상태 점검 | 고위험 방문객 (노약자·어린이·임산부) 적극 모니터링 | 기상 변화·밀도 실시간 확인 | 대기 인력 현장 근접 배치 | [폭염] 그늘·음용수 추가 배치, 열사병 집중 모니터링, 피크타임 야외 자제 권고 | [우천] 미끄러짐 주의 안내, 낙뢰 위험 시설 대피, 우천 장비 점검 | [한파] 저체온증 위험 모니터링, 실내 대피 공간 운영, 동상 응급처치 키트 배치 | [강풍] 낙하물 위험 구역 통제, 야외 구조물·천막 긴급 점검 | [야간] 조명 확보 및 시야 불량 구역 안전선 설치, 야간 순찰 강화",이상 징후(쓰러짐·발열·외상) 발견 즉시 위험 단계 상향,야영장 — 장기 체류자 탈수·열사병 위험
F02,오토캠핑장B,매우혼잡,없음,0,0.1258,주의,🟡,0.0969,0.7426,0.2145,0.043,예방 모니터 1명 + 대기 요원 1명,"구급함, 무전기, 음용수, 그늘막",예방 순찰 30분 간격 강화 | 응급 대응 장비 위치·작동 상태 점검 | 고위험 방문객 (노약자·어린이·임산부) 적극 모니터링 | 기상 변화·밀도 실시간 확인 | 대기 인력 현장 근접 배치,이상 징후(쓰러짐·발열·외상) 발견 즉시 위험 단계 상향,야영장 — 장기 체류자 탈수·열사병 위험
F02,오토캠핑장B,매우혼잡,폭염,1,0.1427,주의,🟡,0.1058,0.702,0.1806,0.1174,예방 모니터 1명 + 대기 요원 1명,"구급함, 무전기, 음용수, 그늘막","예방 순찰 30분 간격 강화 | 응급 대응 장비 위치·작동 상태 점검 | 고위험 방문객 (노약자·어린이·임산부) 적극 모니터링 | 기상 변화·밀도 실시간 확인 | 대기 인력 현장 근접 배치 | [폭염] 그늘·음용수 추가 배치, 열사병 집중 모니터링, 피크타임 야외 자제 권고",이상 징후(쓰러짐·발열·외상) 발견 즉시 위험 단계 상향,야영장 — 장기 체류자 탈수·열사병 위험
F02,오토캠핑장B,매우혼잡,우천,1,0.1353,주의,🟡,0.0969,0.5502,0.3264,0.1235,예방 모니터 1명 + 대기 요원 1명,"구급함, 무전기, 음용수, 그늘막","예방 순찰 30분 간격 강화 | 응급 대응 장비 위치·작동 상태 점검 | 고위험 방문객 (노약자·어린이·임산부) 적극 모니터링 | 기상 변화·밀도 실시간 확인 | 대기 인력 현장 근접 배치 | [우천] 미끄러짐 주의 안내, 낙뢰 위험 시설 대피, 우천 장비 점검",이상 징후(쓰러짐·발열·외상) 발견 즉시 위험 단계 상향,야영장 — 장기 체류자 탈수·열사병 위험
F02,오토캠핑장B,매우혼잡,한파,1,0.1316,주의,🟡,0.0969,0.727,0.1189,0.1542,예방 모니터 1명 + 대기 요원 1명,"구급함, 무전기, 음용수, 그늘막","예방 순찰 30분 간격 강화 | 응급 대응 장비 위치·작동 상태 점검 | 고위험 방문객 (노약자·어린이·임산부) 적극 모니터링 | 기상 변화·밀도 실시간 확인 | 대기 인력 현장 근접 배치 | [한파] 저체온증 위험 모니터링, 실내 대피 공간 운영, 동상 응급처치 키트 배치",이상 징후(쓰러짐·발열·외상) 발견 즉시 위험 단계 상향,야영장 — 장기 체류자 탈수·열사병 위험
F02,오토캠핑장B,매우혼잡,강풍,1,0.1214,주의,🟡,0.0969,0.857,0.1217,0.0213,예방 모니터 1명 + 대기 요원 1명,"구급함, 무전기, 음용수, 그늘막","예방 순찰 30분 간격 강화 | 응급 대응 장비 위치·작동 상태 점검 | 고위험 방문객 (노약자·어린이·임산부) 적극 모니터링 | 기상 변화·밀도 실시간 확인 | 대기 인력 현장 근접 배치 | [강풍] 낙하물 위험 구역 통제, 야외 구조물·천막 긴급 점검",이상 징후(쓰러짐·발열·외상) 발견 즉시 위험 단계 상향,야영장 — 장기 체류자 탈수·열사병 위험
F02,오토캠핑장B,매우혼잡,야간,1,0.1305,주의,🟡,0.0969,0.6248,0.3062,0.069,예방 모니터 1명 + 대기 요원 1명,"구급함, 무전기, 음용수, 그늘막","예방 순찰 30분 간격 강화 | 응급 대응 장비 위치·작동 상태 점검 | 고위험 방문객 (노약자·어린이·임산부) 적극 모니터링 | 기상 변화·밀도 실시간 확인 | 대기 인력 현장 근접 배치 | [야간] 조명 확보 및 시야 불량 구역 안전선 설치, 야간 순찰 강화",이상 징후(쓰러짐·발열·외상) 발견 즉시 위험 단계 상향,야영장 — 장기 체류자 탈수·열사병 위험
F02,오토캠핑장B,매우혼잡,피크타임,1,0.1277,주의,🟡,0.0969,0.7094,0.2291,0.0615,예방 모니터 1명 + 대기 요원 1명,"구급함, 무전기, 음용수, 그늘막",예방 순찰 30분 간격 강화 | 응급 대응 장비 위치·작동 상태 점검 | 고위험 방문객 (노약자·어린이·임산부) 적극 모니터링 | 기상 변화·밀도 실시간 확인 | 대기 인력 현장 근접 배치,이상 징후(쓰러짐·발열·외상) 발견 즉시 위험 단계 상향,야영장 — 장기 체류자 탈수·열사병 위험
F02,오토캠핑장B,매우혼잡,우천|폭염,2,0.1613,위험,🔴,0.1058,0.5061,0.142,0.3519,대응팀장 1명 + 응급처치 요원 2명 이상,"AED, 들것, 응급의약품, 무전기, 안전펜스","응급 대응팀 즉시 현장 파견 | 응급 장비 준비 (AED, 들것, 응급의약품 키트) | 방문객 안전구역 유도 및 해당 시설 일시 폐쇄 검토 | 119 사전 연락 및 대기 지시 | 관리자·시설장 즉시 보고 | [폭염] 그늘·음용수 추가 배치, 열사병 집중 모니터링, 피크타임 야외 자제 권고 | [우천] 미끄러짐 주의 안내, 낙뢰 위험 시설 대피, 우천 장비 점검",P(중증) > 0.30 → 119 즉시 출동 요청 / 의식 불명 → 헬기 이송 검토,야영장 — 장기 체류자 탈수·열사병 위험
F02,오토캠핑장B,매우혼잡,폭염|한파,2,0.1427,주의,🟡,0.1058,0.702,0.1806,0.1174,예방 모니터 1명 + 대기 요원 1명,"구급함, 무전기, 음용수, 그늘막","예방 순찰 30분 간격 강화 | 응급 대응 장비 위치·작동 상태 점검 | 고위험 방문객 (노약자·어린이·임산부) 적극 모니터링 | 기상 변화·밀도 실시간 확인 | 대기 인력 현장 근접 배치 | [폭염] 그늘·음용수 추가 배치, 열사병 집중 모니터링, 피크타임 야외 자제 권고 | [한파] 저체온증 위험 모니터링, 실내 대피 공간 운영, 동상 응급처치 키트 배치",이상 징후(쓰러짐·발열·외상) 발견 즉시 위험 단계 상향,야영장 — 장기 체류자 탈수·열사병 위험
F02,오토캠핑장B,매우혼잡,강풍|폭염,2,0.1427,주의,🟡,0.1058,0.702,0.1806,0.1174,예방 모니터 1명 + 대기 요원 1명,"구급함, 무전기, 음용수, 그늘막","예방 순찰 30분 간격 강화 | 응급 대응 장비 위치·작동 상태 점검 | 고위험 방문객 (노약자·어린이·임산부) 적극 모니터링 | 기상 변화·밀도 실시간 확인 | 대기 인력 현장 근접 배치 | [폭염] 그늘·음용수 추가 배치, 열사병 집중 모니터링, 피크타임 야외 자제 권고 | [강풍] 낙하물 위험 구역 통제, 야외 구조물·천막 긴급 점검",이상 징후(쓰러짐·발열·외상) 발견 즉시 위험 단계 상향,야영장 — 장기 체류자 탈수·열사병 위험
F02,오토캠핑장B,매우혼잡,야간|폭염,2,0.1372,주의,🟡,0.1058,0.8029,0.1216,0.0755,예방 모니터 1명 + 대기 요원 1명,"구급함, 무전기, 음용수, 그늘막","예방 순찰 30분 간격 강화 | 응급 대응 장비 위치·작동 상태 점검 | 고위험 방문객 (노약자·어린이·임산부) 적극 모니터링 | 기상 변화·밀도 실시간 확인 | 대기 인력 현장 근접 배치 | [폭염] 그늘·음용수 추가 배치, 열사병 집중 모니터링, 피크타임 야외 자제 권고 | [야간] 조명 확보 및 시야 불량 구역 안전선 설치, 야간 순찰 강화",이상 징후(쓰러짐·발열·외상) 발견 즉시 위험 단계 상향,야영장 — 장기 체류자 탈수·열사병 위험
F02,오토캠핑장B,매우혼잡,폭염|피크타임,2,0.1436,주의,🟡,0.1058,0.6785,0.1998,0.1217,예방 모니터 1명 + 대기 요원 1명,"구급함, 무전기, 음용수, 그늘막","예방 순찰 30분 간격 강화 | 응급 대응 장비 위치·작동 상태 점검 | 고위험 방문객 (노약자·어린이·임산부) 적극 모니터링 | 기상 변화·밀도 실시간 확인 | 대기 인력 현장 근접 배치 | [폭염] 그늘·음용수 추가 배치, 열사병 집중 모니터링, 피크타임 야외 자제 권고",이상 징후(쓰러짐·발열·외상) 발견 즉시 위험 단계 상향,야영장 — 장기 체류자 탈수·열사병 위험
F02,오토캠핑장B,매우혼잡,우천|한파,2,0.1337,주의,🟡,0.0969,0.7074,0.1067,0.1859,예방 모니터 1명 + 대기 요원 1명,"구급함, 무전기, 음용수, 그늘막","예방 순찰 30분 간격 강화 | 응급 대응 장비 위치·작동 상태 점검 | 고위험 방문객 (노약자·어린이·임산부) 적극 모니터링 | 기상 변화·밀도 실시간 확인 | 대기 인력 현장 근접 배치 | [우천] 미끄러짐 주의 안내, 낙뢰 위험 시설 대피, 우천 장비 점검 | [한파] 저체온증 위험 모니터링, 실내 대피 공간 운영, 동상 응급처치 키트 배치",이상 징후(쓰러짐·발열·외상) 발견 즉시 위험 단계 상향,야영장 — 장기 체류자 탈수·열사병 위험
F02,오토캠핑장B,매우혼잡,강풍|우천,2,0.1229,주의,🟡,0.0969,0.8499,0.1015,0.0486,예방 모니터 1명 + 대기 요원 1명,"구급함, 무전기, 음용수, 그늘막","예방 순찰 30분 간격 강화 | 응급 대응 장비 위치·작동 상태 점검 | 고위험 방문객 (노약자·어린이·임산부) 적극 모니터링 | 기상 변화·밀도 실시간 확인 | 대기 인력 현장 근접 배치 | [우천] 미끄러짐 주의 안내, 낙뢰 위험 시설 대피, 우천 장비 점검 | [강풍] 낙하물 위험 구역 통제, 야외 구조물·천막 긴급 점검",이상 징후(쓰러짐·발열·외상) 발견 즉시 위험 단계 상향,야영장 — 장기 체류자 탈수·열사병 위험
F02,오토캠핑장B,매우혼잡,야간|우천,2,0.1374,주의,🟡,0.0969,0.6067,0.1912,0.2021,예방 모니터 1명 + 대기 요원 1명,"구급함, 무전기, 음용수, 그늘막","예방 순찰 30분 간격 강화 | 응급 대응 장비 위치·작동 상태 점검 | 고위험 방문객 (노약자·어린이·임산부) 적극 모니터링 | 기상 변화·밀도 실시간 확인 | 대기 인력 현장 근접 배치 | [우천] 미끄러짐 주의 안내, 낙뢰 위험 시설 대피, 우천 장비 점검 | [야간] 조명 확보 및 시야 불량 구역 안전선 설치, 야간 순찰 강화",이상 징후(쓰러짐·발열·외상) 발견 즉시 위험 단계 상향,야영장 — 장기 체류자 탈수·열사병 위험
F02,오토캠핑장B,매우혼잡,우천|피크타임,2,0.1362,주의,🟡,0.0969,0.5856,0.2499,0.1645,예방 모니터 1명 + 대기 요원 1명,"구급함, 무전기, 음용수, 그늘막","예방 순찰 30분 간격 강화 | 응급 대응 장비 위치·작동 상태 점검 | 고위험 방문객 (노약자·어린이·임산부) 적극 모니터링 | 기상 변화·밀도 실시간 확인 | 대기 인력 현장 근접 배치 | [우천] 미끄러짐 주의 안내, 낙뢰 위험 시설 대피, 우천 장비 점검",이상 징후(쓰러짐·발열·외상) 발견 즉시 위험 단계 상향,야영장 — 장기 체류자 탈수·열사병 위험
F02,오토캠핑장B,매우혼잡,강풍|한파,2,0.1316,주의,🟡,0.0969,0.727,0.1189,0.1542,예방 모니터 1명 + 대기 요원 1명,"구급함, 무전기, 음용수, 그늘막","예방 순찰 30분 간격 강화 | 응급 대응 장비 위치·작동 상태 점검 | 고위험 방문객 (노약자·어린이·임산부) 적극 모니터링 | 기상 변화·밀도 실시간 확인 | 대기 인력 현장 근접 배치 | [한파] 저체온증 위험 모니터링, 실내 대피 공간 운영, 동상 응급처치 키트 배치 | [강풍] 낙하물 위험 구역 통제, 야외 구조물·천막 긴급 점검",이상 징후(쓰러짐·발열·외상) 발견 즉시 위험 단계 상향,야영장 — 장기 체류자 탈수·열사병 위험
F02,오토캠핑장B,매우혼잡,야간|한파,2,0.1357,주의,🟡,0.0969,0.613,0.2174,0.1696,예방 모니터 1명 + 대기 요원 1명,"구급함, 무전기, 음용수, 그늘막","예방 순찰 30분 간격 강화 | 응급 대응 장비 위치·작동 상태 점검 | 고위험 방문객 (노약자·어린이·임산부) 적극 모니터링 | 기상 변화·밀도 실시간 확인 | 대기 인력 현장 근접 배치 | [한파] 저체온증 위험 모니터링, 실내 대피 공간 운영, 동상 응급처치 키트 배치 | [야간] 조명 확보 및 시야 불량 구역 안전선 설치, 야간 순찰 강화",이상 징후(쓰러짐·발열·외상) 발견 즉시 위험 단계 상향,야영장 — 장기 체류자 탈수·열사병 위험
F02,오토캠핑장B,매우혼잡,피크타임|한파,2,0.1304,주의,🟡,0.0969,0.7552,0.0985,0.1464,예방 모니터 1명 + 대기 요원 1명,"구급함, 무전기, 음용수, 그늘막","예방 순찰 30분 간격 강화 | 응급 대응 장비 위치·작동 상태 점검 | 고위험 방문객 (노약자·어린이·임산부) 적극 모니터링 | 기상 변화·밀도 실시간 확인 | 대기 인력 현장 근접 배치 | [한파] 저체온증 위험 모니터링, 실내 대피 공간 운영, 동상 응급처치 키트 배치",이상 징후(쓰러짐·발열·외상) 발견 즉시 위험 단계 상향,야영장 — 장기 체류자 탈수·열사병 위험
F02,오토캠핑장B,매우혼잡,강풍|야간,2,0.1242,주의,🟡,0.0969,0.7807,0.1854,0.0339,예방 모니터 1명 + 대기 요원 1명,"구급함, 무전기, 음용수, 그늘막","예방 순찰 30분 간격 강화 | 응급 대응 장비 위치·작동 상태 점검 | 고위험 방문객 (노약자·어린이·임산부) 적극 모니터링 | 기상 변화·밀도 실시간 확인 | 대기 인력 현장 근접 배치 | [강풍] 낙하물 위험 구역 통제, 야외 구조물·천막 긴급 점검 | [야간] 조명 확보 및 시야 불량 구역 안전선 설치, 야간 순찰 강화",이상 징후(쓰러짐·발열·외상) 발견 즉시 위험 단계 상향,야영장 — 장기 체류자 탈수·열사병 위험
F02,오토캠핑장B,매우혼잡,강풍|피크타임,2,0.1196,주의,🟡,0.0969,0.9169,0.0635,0.0196,예방 모니터 1명 + 대기 요원 1명,"구급함, 무전기, 음용수, 그늘막","예방 순찰 30분 간격 강화 | 응급 대응 장비 위치·작동 상태 점검 | 고위험 방문객 (노약자·어린이·임산부) 적극 모니터링 | 기상 변화·밀도 실시간 확인 | 대기 인력 현장 근접 배치 | [강풍] 낙하물 위험 구역 통제, 야외 구조물·천막 긴급 점검",이상 징후(쓰러짐·발열·외상) 발견 즉시 위험 단계 상향,야영장 — 장기 체류자 탈수·열사병 위험
F02,오토캠핑장B,매우혼잡,야간|피크타임,2,0.1305,주의,🟡,0.0969,0.6248,0.3062,0.069,예방 모니터 1명 + 대기 요원 1명,"구급함, 무전기, 음용수, 그늘막","예방 순찰 30분 간격 강화 | 응급 대응 장비 위치·작동 상태 점검 | 고위험 방문객 (노약자·어린이·임산부) 적극 모니터링 | 기상 변화·밀도 실시간 확인 | 대기 인력 현장 근접 배치 | [야간] 조명 확보 및 시야 불량 구역 안전선 설치, 야간 순찰 강화",이상 징후(쓰러짐·발열·외상) 발견 즉시 위험 단계 상향,야영장 — 장기 체류자 탈수·열사병 위험
F02,오토캠핑장B,매우혼잡,우천|폭염|한파,3,0.1613,위험,🔴,0.1058,0.5061,0.142,0.3519,대응팀장 1명 + 응급처치 요원 2명 이상,"AED, 들것, 응급의약품, 무전기, 안전펜스","응급 대응팀 즉시 현장 파견 | 응급 장비 준비 (AED, 들것, 응급의약품 키트) | 방문객 안전구역 유도 및 해당 시설 일시 폐쇄 검토 | 119 사전 연락 및 대기 지시 | 관리자·시설장 즉시 보고 | [폭염] 그늘·음용수 추가 배치, 열사병 집중 모니터링, 피크타임 야외 자제 권고 | [우천] 미끄러짐 주의 안내, 낙뢰 위험 시설 대피, 우천 장비 점검 | [한파] 저체온증 위험 모니터링, 실내 대피 공간 운영, 동상 응급처치 키트 배치",P(중증) > 0.30 → 119 즉시 출동 요청 / 의식 불명 → 헬기 이송 검토,야영장 — 장기 체류자 탈수·열사병 위험
F02,오토캠핑장B,매우혼잡,강풍|우천|폭염,3,0.1613,위험,🔴,0.1058,0.5061,0.142,0.3519,대응팀장 1명 + 응급처치 요원 2명 이상,"AED, 들것, 응급의약품, 무전기, 안전펜스","응급 대응팀 즉시 현장 파견 | 응급 장비 준비 (AED, 들것, 응급의약품 키트) | 방문객 안전구역 유도 및 해당 시설 일시 폐쇄 검토 | 119 사전 연락 및 대기 지시 | 관리자·시설장 즉시 보고 | [폭염] 그늘·음용수 추가 배치, 열사병 집중 모니터링, 피크타임 야외 자제 권고 | [우천] 미끄러짐 주의 안내, 낙뢰 위험 시설 대피, 우천 장비 점검 | [강풍] 낙하물 위험 구역 통제, 야외 구조물·천막 긴급 점검",P(중증) > 0.30 → 119 즉시 출동 요청 / 의식 불명 → 헬기 이송 검토,야영장 — 장기 체류자 탈수·열사병 위험
F02,오토캠핑장B,매우혼잡,야간|우천|폭염,3,0.1476,주의,🟡,0.1058,0.7098,0.0752,0.215,예방 모니터 1명 + 대기 요원 1명,"구급함, 무전기, 음용수, 그늘막","예방 순찰 30분 간격 강화 | 응급 대응 장비 위치·작동 상태 점검 | 고위험 방문객 (노약자·어린이·임산부) 적극 모니터링 | 기상 변화·밀도 실시간 확인 | 대기 인력 현장 근접 배치 | [폭염] 그늘·음용수 추가 배치, 열사병 집중 모니터링, 피크타임 야외 자제 권고 | [우천] 미끄러짐 주의 안내, 낙뢰 위험 시설 대피, 우천 장비 점검 | [야간] 조명 확보 및 시야 불량 구역 안전선 설치, 야간 순찰 강화",이상 징후(쓰러짐·발열·외상) 발견 즉시 위험 단계 상향,야영장 — 장기 체류자 탈수·열사병 위험
F02,오토캠핑장B,매우혼잡,우천|폭염|피크타임,3,0.1625,위험,🔴,0.1058,0.4838,0.1554,0.3608,대응팀장 1명 + 응급처치 요원 2명 이상,"AED, 들것, 응급의약품, 무전기, 안전펜스","응급 대응팀 즉시 현장 파견 | 응급 장비 준비 (AED, 들것, 응급의약품 키트) | 방문객 안전구역 유도 및 해당 시설 일시 폐쇄 검토 | 119 사전 연락 및 대기 지시 | 관리자·시설장 즉시 보고 | [폭염] 그늘·음용수 추가 배치, 열사병 집중 모니터링, 피크타임 야외 자제 권고 | [우천] 미끄러짐 주의 안내, 낙뢰 위험 시설 대피, 우천 장비 점검",P(중증) > 0.30 → 119 즉시 출동 요청 / 의식 불명 → 헬기 이송 검토,야영장 — 장기 체류자 탈수·열사병 위험
F02,오토캠핑장B,매우혼잡,강풍|폭염|한파,3,0.1427,주의,🟡,0.1058,0.702,0.1806,0.1174,예방 모니터 1명 + 대기 요원 1명,"구급함, 무전기, 음용수, 그늘막","예방 순찰 30분 간격 강화 | 응급 대응 장비 위치·작동 상태 점검 | 고위험 방문객 (노약자·어린이·임산부) 적극 모니터링 | 기상 변화·밀도 실시간 확인 | 대기 인력 현장 근접 배치 | [폭염] 그늘·음용수 추가 배치, 열사병 집중 모니터링, 피크타임 야외 자제 권고 | [한파] 저체온증 위험 모니터링, 실내 대피 공간 운영, 동상 응급처치 키트 배치 | [강풍] 낙하물 위험 구역 통제, 야외 구조물·천막 긴급 점검",이상 징후(쓰러짐·발열·외상) 발견 즉시 위험 단계 상향,야영장 — 장기 체류자 탈수·열사병 위험
F02,오토캠핑장B,매우혼잡,야간|폭염|한파,3,0.1372,주의,🟡,0.1058,0.8029,0.1216,0.0755,예방 모니터 1명 + 대기 요원 1명,"구급함, 무전기, 음용수, 그늘막","예방 순찰 30분 간격 강화 | 응급 대응 장비 위치·작동 상태 점검 | 고위험 방문객 (노약자·어린이·임산부) 적극 모니터링 | 기상 변화·밀도 실시간 확인 | 대기 인력 현장 근접 배치 | [폭염] 그늘·음용수 추가 배치, 열사병 집중 모니터링, 피크타임 야외 자제 권고 | [한파] 저체온증 위험 모니터링, 실내 대피 공간 운영, 동상 응급처치 키트 배치 | [야간] 조명 확보 및 시야 불량 구역 안전선 설치, 야간 순찰 강화",이상 징후(쓰러짐·발열·외상) 발견 즉시 위험 단계 상향,야영장 — 장기 체류자 탈수·열사병 위험
F02,오토캠핑장B,매우혼잡,폭염|피크타임|한파,3,0.1436,주의,🟡,0.1058,0.6785,0.1998,0.1217,예방 모니터 1명 + 대기 요원 1명,"구급함, 무전기, 음용수, 그늘막","예방 순찰 30분 간격 강화 | 응급 대응 장비 위치·작동 상태 점검 | 고위험 방문객 (노약자·어린이·임산부) 적극 모니터링 | 기상 변화·밀도 실시간 확인 | 대기 인력 현장 근접 배치 | [폭염] 그늘·음용수 추가 배치, 열사병 집중 모니터링, 피크타임 야외 자제 권고 | [한파] 저체온증 위험 모니터링, 실내 대피 공간 운영, 동상 응급처치 키트 배치",이상 징후(쓰러짐·발열·외상) 발견 즉시 위험 단계 상향,야영장 — 장기 체류자 탈수·열사병 위험
F02,오토캠핑장B,매우혼잡,강풍|야간|폭염,3,0.1372,주의,🟡,0.1058,0.8029,0.1216,0.0755,예방 모니터 1명 + 대기 요원 1명,"구급함, 무전기, 음용수, 그늘막","예방 순찰 30분 간격 강화 | 응급 대응 장비 위치·작동 상태 점검 | 고위험 방문객 (노약자·어린이·임산부) 적극 모니터링 | 기상 변화·밀도 실시간 확인 | 대기 인력 현장 근접 배치 | [폭염] 그늘·음용수 추가 배치, 열사병 집중 모니터링, 피크타임 야외 자제 권고 | [강풍] 낙하물 위험 구역 통제, 야외 구조물·천막 긴급 점검 | [야간] 조명 확보 및 시야 불량 구역 안전선 설치, 야간 순찰 강화",이상 징후(쓰러짐·발열·외상) 발견 즉시 위험 단계 상향,야영장 — 장기 체류자 탈수·열사병 위험
F02,오토캠핑장B,매우혼잡,강풍|폭염|피크타임,3,0.1436,주의,🟡,0.1058,0.6785,0.1998,0.1217,예방 모니터 1명 + 대기 요원 1명,"구급함, 무전기, 음용수, 그늘막","예방 순찰 30분 간격 강화 | 응급 대응 장비 위치·작동 상태 점검 | 고위험 방문객 (노약자·어린이·임산부) 적극 모니터링 | 기상 변화·밀도 실시간 확인 | 대기 인력 현장 근접 배치 | [폭염] 그늘·음용수 추가 배치, 열사병 집중 모니터링, 피크타임 야외 자제 권고 | [강풍] 낙하물 위험 구역 통제, 야외 구조물·천막 긴급 점검",이상 징후(쓰러짐·발열·외상) 발견 즉시 위험 단계 상향,야영장 — 장기 체류자 탈수·열사병 위험
F02,오토캠핑장B,매우혼잡,야간|폭염|피크타임,3,0.1372,주의,🟡,0.1058,0.8029,0.1216,0.0755,예방 모니터 1명 + 대기 요원 1명,"구급함, 무전기, 음용수, 그늘막","예방 순찰 30분 간격 강화 | 응급 대응 장비 위치·작동 상태 점검 | 고위험 방문객 (노약자·어린이·임산부) 적극 모니터링 | 기상 변화·밀도 실시간 확인 | 대기 인력 현장 근접 배치 | [폭염] 그늘·음용수 추가 배치, 열사병 집중 모니터링, 피크타임 야외 자제 권고 | [야간] 조명 확보 및 시야 불량 구역 안전선 설치, 야간 순찰 강화",이상 징후(쓰러짐·발열·외상) 발견 즉시 위험 단계 상향,야영장 — 장기 체류자 탈수·열사병 위험
F02,오토캠핑장B,매우혼잡,강풍|우천|한파,3,0.1337,주의,🟡,0.0969,0.7074,0.1067,0.1859,예방 모니터 1명 + 대기 요원 1명,"구급함, 무전기, 음용수, 그늘막","예방 순찰 30분 간격 강화 | 응급 대응 장비 위치·작동 상태 점검 | 고위험 방문객 (노약자·어린이·임산부) 적극 모니터링 | 기상 변화·밀도 실시간 확인 | 대기 인력 현장 근접 배치 | [우천] 미끄러짐 주의 안내, 낙뢰 위험 시설 대피, 우천 장비 점검 | [한파] 저체온증 위험 모니터링, 실내 대피 공간 운영, 동상 응급처치 키트 배치 | [강풍] 낙하물 위험 구역 통제, 야외 구조물·천막 긴급 점검",이상 징후(쓰러짐·발열·외상) 발견 즉시 위험 단계 상향,야영장 — 장기 체류자 탈수·열사병 위험
F02,오토캠핑장B,매우혼잡,야간|우천|한파,3,0.1324,주의,🟡,0.0969,0.7294,0.0989,0.1716,예방 모니터 1명 + 대기 요원 1명,"구급함, 무전기, 음용수, 그늘막","예방 순찰 30분 간격 강화 | 응급 대응 장비 위치·작동 상태 점검 | 고위험 방문객 (노약자·어린이·임산부) 적극 모니터링 | 기상 변화·밀도 실시간 확인 | 대기 인력 현장 근접 배치 | [우천] 미끄러짐 주의 안내, 낙뢰 위험 시설 대피, 우천 장비 점검 | [한파] 저체온증 위험 모니터링, 실내 대피 공간 운영, 동상 응급처치 키트 배치 | [야간] 조명 확보 및 시야 불량 구역 안전선 설치, 야간 순찰 강화",이상 징후(쓰러짐·발열·외상) 발견 즉시 위험 단계 상향,야영장 — 장기 체류자 탈수·열사병 위험
F02,오토캠핑장B,매우혼잡,우천|피크타임|한파,3,0.1324,주의,🟡,0.0969,0.7401,0.0822,0.1777,예방 모니터 1명 + 대기 요원 1명,"구급함, 무전기, 음용수, 그늘막","예방 순찰 30분 간격 강화 | 응급 대응 장비 위치·작동 상태 점검 | 고위험 방문객 (노약자·어린이·임산부) 적극 모니터링 | 기상 변화·밀도 실시간 확인 | 대기 인력 현장 근접 배치 | [우천] 미끄러짐 주의 안내, 낙뢰 위험 시설 대피, 우천 장비 점검 | [한파] 저체온증 위험 모니터링, 실내 대피 공간 운영, 동상 응급처치 키트 배치",이상 징후(쓰러짐·발열·외상) 발견 즉시 위험 단계 상향,야영장 — 장기 체류자 탈수·열사병 위험
F02,오토캠핑장B,매우혼잡,강풍|야간|우천,3,0.1226,주의,🟡,0.0969,0.8581,0.0947,0.0472,예방 모니터 1명 + 대기 요원 1명,"구급함, 무전기, 음용수, 그늘막","예방 순찰 30분 간격 강화 | 응급 대응 장비 위치·작동 상태 점검 | 고위험 방문객 (노약자·어린이·임산부) 적극 모니터링 | 기상 변화·밀도 실시간 확인 | 대기 인력 현장 근접 배치 | [우천] 미끄러짐 주의 안내, 낙뢰 위험 시설 대피, 우천 장비 점검 | [강풍] 낙하물 위험 구역 통제, 야외 구조물·천막 긴급 점검 | [야간] 조명 확보 및 시야 불량 구역 안전선 설치, 야간 순찰 강화",이상 징후(쓰러짐·발열·외상) 발견 즉시 위험 단계 상향,야영장 — 장기 체류자 탈수·열사병 위험
F02,오토캠핑장B,매우혼잡,강풍|우천|피크타임,3,0.1214,주의,🟡,0.0969,0.8978,0.0569,0.0453,예방 모니터 1명 + 대기 요원 1명,"구급함, 무전기, 음용수, 그늘막","예방 순찰 30분 간격 강화 | 응급 대응 장비 위치·작동 상태 점검 | 고위험 방문객 (노약자·어린이·임산부) 적극 모니터링 | 기상 변화·밀도 실시간 확인 | 대기 인력 현장 근접 배치 | [우천] 미끄러짐 주의 안내, 낙뢰 위험 시설 대피, 우천 장비 점검 | [강풍] 낙하물 위험 구역 통제, 야외 구조물·천막 긴급 점검",이상 징후(쓰러짐·발열·외상) 발견 즉시 위험 단계 상향,야영장 — 장기 체류자 탈수·열사병 위험
F02,오토캠핑장B,매우혼잡,야간|우천|피크타임,3,0.1374,주의,🟡,0.0969,0.6067,0.1912,0.2021,예방 모니터 1명 + 대기 요원 1명,"구급함, 무전기, 음용수, 그늘막","예방 순찰 30분 간격 강화 | 응급 대응 장비 위치·작동 상태 점검 | 고위험 방문객 (노약자·어린이·임산부) 적극 모니터링 | 기상 변화·밀도 실시간 확인 | 대기 인력 현장 근접 배치 | [우천] 미끄러짐 주의 안내, 낙뢰 위험 시설 대피, 우천 장비 점검 | [야간] 조명 확보 및 시야 불량 구역 안전선 설치, 야간 순찰 강화",이상 징후(쓰러짐·발열·외상) 발견 즉시 위험 단계 상향,야영장 — 장기 체류자 탈수·열사병 위험
F02,오토캠핑장B,매우혼잡,강풍|야간|한파,3,0.1357,주의,🟡,0.0969,0.613,0.2174,0.1696,예방 모니터 1명 + 대기 요원 1명,"구급함, 무전기, 음용수, 그늘막","예방 순찰 30분 간격 강화 | 응급 대응 장비 위치·작동 상태 점검 | 고위험 방문객 (노약자·어린이·임산부) 적극 모니터링 | 기상 변화·밀도 실시간 확인 | 대기 인력 현장 근접 배치 | [한파] 저체온증 위험 모니터링, 실내 대피 공간 운영, 동상 응급처치 키트 배치 | [강풍] 낙하물 위험 구역 통제, 야외 구조물·천막 긴급 점검 | [야간] 조명 확보 및 시야 불량 구역 안전선 설치, 야간 순찰 강화",이상 징후(쓰러짐·발열·외상) 발견 즉시 위험 단계 상향,야영장 — 장기 체류자 탈수·열사병 위험
F02,오토캠핑장B,매우혼잡,강풍|피크타임|한파,3,0.1304,주의,🟡,0.0969,0.7552,0.0985,0.1464,예방 모니터 1명 + 대기 요원 1명,"구급함, 무전기, 음용수, 그늘막","예방 순찰 30분 간격 강화 | 응급 대응 장비 위치·작동 상태 점검 | 고위험 방문객 (노약자·어린이·임산부) 적극 모니터링 | 기상 변화·밀도 실시간 확인 | 대기 인력 현장 근접 배치 | [한파] 저체온증 위험 모니터링, 실내 대피 공간 운영, 동상 응급처치 키트 배치 | [강풍] 낙하물 위험 구역 통제, 야외 구조물·천막 긴급 점검",이상 징후(쓰러짐·발열·외상) 발견 즉시 위험 단계 상향,야영장 — 장기 체류자 탈수·열사병 위험
F02,오토캠핑장B,매우혼잡,야간|피크타임|한파,3,0.1357,주의,🟡,0.0969,0.613,0.2174,0.1696,예방 모니터 1명 + 대기 요원 1명,"구급함, 무전기, 음용수, 그늘막","예방 순찰 30분 간격 강화 | 응급 대응 장비 위치·작동 상태 점검 | 고위험 방문객 (노약자·어린이·임산부) 적극 모니터링 | 기상 변화·밀도 실시간 확인 | 대기 인력 현장 근접 배치 | [한파] 저체온증 위험 모니터링, 실내 대피 공간 운영, 동상 응급처치 키트 배치 | [야간] 조명 확보 및 시야 불량 구역 안전선 설치, 야간 순찰 강화",이상 징후(쓰러짐·발열·외상) 발견 즉시 위험 단계 상향,야영장 — 장기 체류자 탈수·열사병 위험
F02,오토캠핑장B,매우혼잡,강풍|야간|피크타임,3,0.1242,주의,🟡,0.0969,0.7807,0.1854,0.0339,예방 모니터 1명 + 대기 요원 1명,"구급함, 무전기, 음용수, 그늘막","예방 순찰 30분 간격 강화 | 응급 대응 장비 위치·작동 상태 점검 | 고위험 방문객 (노약자·어린이·임산부) 적극 모니터링 | 기상 변화·밀도 실시간 확인 | 대기 인력 현장 근접 배치 | [강풍] 낙하물 위험 구역 통제, 야외 구조물·천막 긴급 점검 | [야간] 조명 확보 및 시야 불량 구역 안전선 설치, 야간 순찰 강화",이상 징후(쓰러짐·발열·외상) 발견 즉시 위험 단계 상향,야영장 — 장기 체류자 탈수·열사병 위험
F02,오토캠핑장B,매우혼잡,강풍|우천|폭염|한파,4,0.1613,위험,🔴,0.1058,0.5061,0.142,0.3519,대응팀장 1명 + 응급처치 요원 2명 이상,"AED, 들것, 응급의약품, 무전기, 안전펜스","응급 대응팀 즉시 현장 파견 | 응급 장비 준비 (AED, 들것, 응급의약품 키트) | 방문객 안전구역 유도 및 해당 시설 일시 폐쇄 검토 | 119 사전 연락 및 대기 지시 | 관리자·시설장 즉시 보고 | [폭염] 그늘·음용수 추가 배치, 열사병 집중 모니터링, 피크타임 야외 자제 권고 | [우천] 미끄러짐 주의 안내, 낙뢰 위험 시설 대피, 우천 장비 점검 | [한파] 저체온증 위험 모니터링, 실내 대피 공간 운영, 동상 응급처치 키트 배치 | [강풍] 낙하물 위험 구역 통제, 야외 구조물·천막 긴급 점검",P(중증) > 0.30 → 119 즉시 출동 요청 / 의식 불명 → 헬기 이송 검토,야영장 — 장기 체류자 탈수·열사병 위험
F02,오토캠핑장B,매우혼잡,야간|우천|폭염|한파,4,0.1476,주의,🟡,0.1058,0.7098,0.0752,0.215,예방 모니터 1명 + 대기 요원 1명,"구급함, 무전기, 음용수, 그늘막","예방 순찰 30분 간격 강화 | 응급 대응 장비 위치·작동 상태 점검 | 고위험 방문객 (노약자·어린이·임산부) 적극 모니터링 | 기상 변화·밀도 실시간 확인 | 대기 인력 현장 근접 배치 | [폭염] 그늘·음용수 추가 배치, 열사병 집중 모니터링, 피크타임 야외 자제 권고 | [우천] 미끄러짐 주의 안내, 낙뢰 위험 시설 대피, 우천 장비 점검 | [한파] 저체온증 위험 모니터링, 실내 대피 공간 운영, 동상 응급처치 키트 배치 | [야간] 조명 확보 및 시야 불량 구역 안전선 설치, 야간 순찰 강화",이상 징후(쓰러짐·발열·외상) 발견 즉시 위험 단계 상향,야영장 — 장기 체류자 탈수·열사병 위험
F02,오토캠핑장B,매우혼잡,우천|폭염|피크타임|한파,4,0.1625,위험,🔴,0.1058,0.4838,0.1554,0.3608,대응팀장 1명 + 응급처치 요원 2명 이상,"AED, 들것, 응급의약품, 무전기, 안전펜스","응급 대응팀 즉시 현장 파견 | 응급 장비 준비 (AED, 들것, 응급의약품 키트) | 방문객 안전구역 유도 및 해당 시설 일시 폐쇄 검토 | 119 사전 연락 및 대기 지시 | 관리자·시설장 즉시 보고 | [폭염] 그늘·음용수 추가 배치, 열사병 집중 모니터링, 피크타임 야외 자제 권고 | [우천] 미끄러짐 주의 안내, 낙뢰 위험 시설 대피, 우천 장비 점검 | [한파] 저체온증 위험 모니터링, 실내 대피 공간 운영, 동상 응급처치 키트 배치",P(중증) > 0.30 → 119 즉시 출동 요청 / 의식 불명 → 헬기 이송 검토,야영장 — 장기 체류자 탈수·열사병 위험
F02,오토캠핑장B,매우혼잡,강풍|야간|우천|폭염,4,0.1476,주의,🟡,0.1058,0.7098,0.0752,0.215,예방 모니터 1명 + 대기 요원 1명,"구급함, 무전기, 음용수, 그늘막","예방 순찰 30분 간격 강화 | 응급 대응 장비 위치·작동 상태 점검 | 고위험 방문객 (노약자·어린이·임산부) 적극 모니터링 | 기상 변화·밀도 실시간 확인 | 대기 인력 현장 근접 배치 | [폭염] 그늘·음용수 추가 배치, 열사병 집중 모니터링, 피크타임 야외 자제 권고 | [우천] 미끄러짐 주의 안내, 낙뢰 위험 시설 대피, 우천 장비 점검 | [강풍] 낙하물 위험 구역 통제, 야외 구조물·천막 긴급 점검 | [야간] 조명 확보 및 시야 불량 구역 안전선 설치, 야간 순찰 강화",이상 징후(쓰러짐·발열·외상) 발견 즉시 위험 단계 상향,야영장 — 장기 체류자 탈수·열사병 위험
F02,오토캠핑장B,매우혼잡,강풍|우천|폭염|피크타임,4,0.1625,위험,🔴,0.1058,0.4838,0.1554,0.3608,대응팀장 1명 + 응급처치 요원 2명 이상,"AED, 들것, 응급의약품, 무전기, 안전펜스","응급 대응팀 즉시 현장 파견 | 응급 장비 준비 (AED, 들것, 응급의약품 키트) | 방문객 안전구역 유도 및 해당 시설 일시 폐쇄 검토 | 119 사전 연락 및 대기 지시 | 관리자·시설장 즉시 보고 | [폭염] 그늘·음용수 추가 배치, 열사병 집중 모니터링, 피크타임 야외 자제 권고 | [우천] 미끄러짐 주의 안내, 낙뢰 위험 시설 대피, 우천 장비 점검 | [강풍] 낙하물 위험 구역 통제, 야외 구조물·천막 긴급 점검",P(중증) > 0.30 → 119 즉시 출동 요청 / 의식 불명 → 헬기 이송 검토,야영장 — 장기 체류자 탈수·열사병 위험
F02,오토캠핑장B,매우혼잡,야간|우천|폭염|피크타임,4,0.1476,주의,🟡,0.1058,0.7098,0.0752,0.215,예방 모니터 1명 + 대기 요원 1명,"구급함, 무전기, 음용수, 그늘막","예방 순찰 30분 간격 강화 | 응급 대응 장비 위치·작동 상태 점검 | 고위험 방문객 (노약자·어린이·임산부) 적극 모니터링 | 기상 변화·밀도 실시간 확인 | 대기 인력 현장 근접 배치 | [폭염] 그늘·음용수 추가 배치, 열사병 집중 모니터링, 피크타임 야외 자제 권고 | [우천] 미끄러짐 주의 안내, 낙뢰 위험 시설 대피, 우천 장비 점검 | [야간] 조명 확보 및 시야 불량 구역 안전선 설치, 야간 순찰 강화",이상 징후(쓰러짐·발열·외상) 발견 즉시 위험 단계 상향,야영장 — 장기 체류자 탈수·열사병 위험
F02,오토캠핑장B,매우혼잡,강풍|야간|폭염|한파,4,0.1372,주의,🟡,0.1058,0.8029,0.1216,0.0755,예방 모니터 1명 + 대기 요원 1명,"구급함, 무전기, 음용수, 그늘막","예방 순찰 30분 간격 강화 | 응급 대응 장비 위치·작동 상태 점검 | 고위험 방문객 (노약자·어린이·임산부) 적극 모니터링 | 기상 변화·밀도 실시간 확인 | 대기 인력 현장 근접 배치 | [폭염] 그늘·음용수 추가 배치, 열사병 집중 모니터링, 피크타임 야외 자제 권고 | [한파] 저체온증 위험 모니터링, 실내 대피 공간 운영, 동상 응급처치 키트 배치 | [강풍] 낙하물 위험 구역 통제, 야외 구조물·천막 긴급 점검 | [야간] 조명 확보 및 시야 불량 구역 안전선 설치, 야간 순찰 강화",이상 징후(쓰러짐·발열·외상) 발견 즉시 위험 단계 상향,야영장 — 장기 체류자 탈수·열사병 위험
F02,오토캠핑장B,매우혼잡,강풍|폭염|피크타임|한파,4,0.1436,주의,🟡,0.1058,0.6785,0.1998,0.1217,예방 모니터 1명 + 대기 요원 1명,"구급함, 무전기, 음용수, 그늘막","예방 순찰 30분 간격 강화 | 응급 대응 장비 위치·작동 상태 점검 | 고위험 방문객 (노약자·어린이·임산부) 적극 모니터링 | 기상 변화·밀도 실시간 확인 | 대기 인력 현장 근접 배치 | [폭염] 그늘·음용수 추가 배치, 열사병 집중 모니터링, 피크타임 야외 자제 권고 | [한파] 저체온증 위험 모니터링, 실내 대피 공간 운영, 동상 응급처치 키트 배치 | [강풍] 낙하물 위험 구역 통제, 야외 구조물·천막 긴급 점검",이상 징후(쓰러짐·발열·외상) 발견 즉시 위험 단계 상향,야영장 — 장기 체류자 탈수·열사병 위험
F02,오토캠핑장B,매우혼잡,야간|폭염|피크타임|한파,4,0.1372,주의,🟡,0.1058,0.8029,0.1216,0.0755,예방 모니터 1명 + 대기 요원 1명,"구급함, 무전기, 음용수, 그늘막","예방 순찰 30분 간격 강화 | 응급 대응 장비 위치·작동 상태 점검 | 고위험 방문객 (노약자·어린이·임산부) 적극 모니터링 | 기상 변화·밀도 실시간 확인 | 대기 인력 현장 근접 배치 | [폭염] 그늘·음용수 추가 배치, 열사병 집중 모니터링, 피크타임 야외 자제 권고 | [한파] 저체온증 위험 모니터링, 실내 대피 공간 운영, 동상 응급처치 키트 배치 | [야간] 조명 확보 및 시야 불량 구역 안전선 설치, 야간 순찰 강화",이상 징후(쓰러짐·발열·외상) 발견 즉시 위험 단계 상향,야영장 — 장기 체류자 탈수·열사병 위험
F02,오토캠핑장B,매우혼잡,강풍|야간|폭염|피크타임,4,0.1372,주의,🟡,0.1058,0.8029,0.1216,0.0755,예방 모니터 1명 + 대기 요원 1명,"구급함, 무전기, 음용수, 그늘막","예방 순찰 30분 간격 강화 | 응급 대응 장비 위치·작동 상태 점검 | 고위험 방문객 (노약자·어린이·임산부) 적극 모니터링 | 기상 변화·밀도 실시간 확인 | 대기 인력 현장 근접 배치 | [폭염] 그늘·음용수 추가 배치, 열사병 집중 모니터링, 피크타임 야외 자제 권고 | [강풍] 낙하물 위험 구역 통제, 야외 구조물·천막 긴급 점검 | [야간] 조명 확보 및 시야 불량 구역 안전선 설치, 야간 순찰 강화",이상 징후(쓰러짐·발열·외상) 발견 즉시 위험 단계 상향,야영장 — 장기 체류자 탈수·열사병 위험
F02,오토캠핑장B,매우혼잡,강풍|야간|우천|한파,4,0.1324,주의,🟡,0.0969,0.7294,0.0989,0.1716,예방 모니터 1명 + 대기 요원 1명,"구급함, 무전기, 음용수, 그늘막","예방 순찰 30분 간격 강화 | 응급 대응 장비 위치·작동 상태 점검 | 고위험 방문객 (노약자·어린이·임산부) 적극 모니터링 | 기상 변화·밀도 실시간 확인 | 대기 인력 현장 근접 배치 | [우천] 미끄러짐 주의 안내, 낙뢰 위험 시설 대피, 우천 장비 점검 | [한파] 저체온증 위험 모니터링, 실내 대피 공간 운영, 동상 응급처치 키트 배치 | [강풍] 낙하물 위험 구역 통제, 야외 구조물·천막 긴급 점검 | [야간] 조명 확보 및 시야 불량 구역 안전선 설치, 야간 순찰 강화",이상 징후(쓰러짐·발열·외상) 발견 즉시 위험 단계 상향,야영장 — 장기 체류자 탈수·열사병 위험
F02,오토캠핑장B,매우혼잡,강풍|우천|피크타임|한파,4,0.1324,주의,🟡,0.0969,0.7401,0.0822,0.1777,예방 모니터 1명 + 대기 요원 1명,"구급함, 무전기, 음용수, 그늘막","예방 순찰 30분 간격 강화 | 응급 대응 장비 위치·작동 상태 점검 | 고위험 방문객 (노약자·어린이·임산부) 적극 모니터링 | 기상 변화·밀도 실시간 확인 | 대기 인력 현장 근접 배치 | [우천] 미끄러짐 주의 안내, 낙뢰 위험 시설 대피, 우천 장비 점검 | [한파] 저체온증 위험 모니터링, 실내 대피 공간 운영, 동상 응급처치 키트 배치 | [강풍] 낙하물 위험 구역 통제, 야외 구조물·천막 긴급 점검",이상 징후(쓰러짐·발열·외상) 발견 즉시 위험 단계 상향,야영장 — 장기 체류자 탈수·열사병 위험
F02,오토캠핑장B,매우혼잡,야간|우천|피크타임|한파,4,0.1324,주의,🟡,0.0969,0.7294,0.0989,0.1716,예방 모니터 1명 + 대기 요원 1명,"구급함, 무전기, 음용수, 그늘막","예방 순찰 30분 간격 강화 | 응급 대응 장비 위치·작동 상태 점검 | 고위험 방문객 (노약자·어린이·임산부) 적극 모니터링 | 기상 변화·밀도 실시간 확인 | 대기 인력 현장 근접 배치 | [우천] 미끄러짐 주의 안내, 낙뢰 위험 시설 대피, 우천 장비 점검 | [한파] 저체온증 위험 모니터링, 실내 대피 공간 운영, 동상 응급처치 키트 배치 | [야간] 조명 확보 및 시야 불량 구역 안전선 설치, 야간 순찰 강화",이상 징후(쓰러짐·발열·외상) 발견 즉시 위험 단계 상향,야영장 — 장기 체류자 탈수·열사병 위험
F02,오토캠핑장B,매우혼잡,강풍|야간|우천|피크타임,4,0.1226,주의,🟡,0.0969,0.8581,0.0947,0.0472,예방 모니터 1명 + 대기 요원 1명,"구급함, 무전기, 음용수, 그늘막","예방 순찰 30분 간격 강화 | 응급 대응 장비 위치·작동 상태 점검 | 고위험 방문객 (노약자·어린이·임산부) 적극 모니터링 | 기상 변화·밀도 실시간 확인 | 대기 인력 현장 근접 배치 | [우천] 미끄러짐 주의 안내, 낙뢰 위험 시설 대피, 우천 장비 점검 | [강풍] 낙하물 위험 구역 통제, 야외 구조물·천막 긴급 점검 | [야간] 조명 확보 및 시야 불량 구역 안전선 설치, 야간 순찰 강화",이상 징후(쓰러짐·발열·외상) 발견 즉시 위험 단계 상향,야영장 — 장기 체류자 탈수·열사병 위험
F02,오토캠핑장B,매우혼잡,강풍|야간|피크타임|한파,4,0.1357,주의,🟡,0.0969,0.613,0.2174,0.1696,예방 모니터 1명 + 대기 요원 1명,"구급함, 무전기, 음용수, 그늘막","예방 순찰 30분 간격 강화 | 응급 대응 장비 위치·작동 상태 점검 | 고위험 방문객 (노약자·어린이·임산부) 적극 모니터링 | 기상 변화·밀도 실시간 확인 | 대기 인력 현장 근접 배치 | [한파] 저체온증 위험 모니터링, 실내 대피 공간 운영, 동상 응급처치 키트 배치 | [강풍] 낙하물 위험 구역 통제, 야외 구조물·천막 긴급 점검 | [야간] 조명 확보 및 시야 불량 구역 안전선 설치, 야간 순찰 강화",이상 징후(쓰러짐·발열·외상) 발견 즉시 위험 단계 상향,야영장 — 장기 체류자 탈수·열사병 위험
F02,오토캠핑장B,매우혼잡,강풍|야간|우천|폭염|한파,5,0.1476,주의,🟡,0.1058,0.7098,0.0752,0.215,예방 모니터 1명 + 대기 요원 1명,"구급함, 무전기, 음용수, 그늘막","예방 순찰 30분 간격 강화 | 응급 대응 장비 위치·작동 상태 점검 | 고위험 방문객 (노약자·어린이·임산부) 적극 모니터링 | 기상 변화·밀도 실시간 확인 | 대기 인력 현장 근접 배치 | [폭염] 그늘·음용수 추가 배치, 열사병 집중 모니터링, 피크타임 야외 자제 권고 | [우천] 미끄러짐 주의 안내, 낙뢰 위험 시설 대피, 우천 장비 점검 | [한파] 저체온증 위험 모니터링, 실내 대피 공간 운영, 동상 응급처치 키트 배치 | [강풍] 낙하물 위험 구역 통제, 야외 구조물·천막 긴급 점검 | [야간] 조명 확보 및 시야 불량 구역 안전선 설치, 야간 순찰 강화",이상 징후(쓰러짐·발열·외상) 발견 즉시 위험 단계 상향,야영장 — 장기 체류자 탈수·열사병 위험
F02,오토캠핑장B,매우혼잡,강풍|우천|폭염|피크타임|한파,5,0.1625,위험,🔴,0.1058,0.4838,0.1554,0.3608,대응팀장 1명 + 응급처치 요원 2명 이상,"AED, 들것, 응급의약품, 무전기, 안전펜스","응급 대응팀 즉시 현장 파견 | 응급 장비 준비 (AED, 들것, 응급의약품 키트) | 방문객 안전구역 유도 및 해당 시설 일시 폐쇄 검토 | 119 사전 연락 및 대기 지시 | 관리자·시설장 즉시 보고 | [폭염] 그늘·음용수 추가 배치, 열사병 집중 모니터링, 피크타임 야외 자제 권고 | [우천] 미끄러짐 주의 안내, 낙뢰 위험 시설 대피, 우천 장비 점검 | [한파] 저체온증 위험 모니터링, 실내 대피 공간 운영, 동상 응급처치 키트 배치 | [강풍] 낙하물 위험 구역 통제, 야외 구조물·천막 긴급 점검",P(중증) > 0.30 → 119 즉시 출동 요청 / 의식 불명 → 헬기 이송 검토,야영장 — 장기 체류자 탈수·열사병 위험
F02,오토캠핑장B,매우혼잡,야간|우천|폭염|피크타임|한파,5,0.1476,주의,🟡,0.1058,0.7098,0.0752,0.215,예방 모니터 1명 + 대기 요원 1명,"구급함, 무전기, 음용수, 그늘막","예방 순찰 30분 간격 강화 | 응급 대응 장비 위치·작동 상태 점검 | 고위험 방문객 (노약자·어린이·임산부) 적극 모니터링 | 기상 변화·밀도 실시간 확인 | 대기 인력 현장 근접 배치 | [폭염] 그늘·음용수 추가 배치, 열사병 집중 모니터링, 피크타임 야외 자제 권고 | [우천] 미끄러짐 주의 안내, 낙뢰 위험 시설 대피, 우천 장비 점검 | [한파] 저체온증 위험 모니터링, 실내 대피 공간 운영, 동상 응급처치 키트 배치 | [야간] 조명 확보 및 시야 불량 구역 안전선 설치, 야간 순찰 강화",이상 징후(쓰러짐·발열·외상) 발견 즉시 위험 단계 상향,야영장 — 장기 체류자 탈수·열사병 위험
F02,오토캠핑장B,매우혼잡,강풍|야간|우천|폭염|피크타임,5,0.1476,주의,🟡,0.1058,0.7098,0.0752,0.215,예방 모니터 1명 + 대기 요원 1명,"구급함, 무전기, 음용수, 그늘막","예방 순찰 30분 간격 강화 | 응급 대응 장비 위치·작동 상태 점검 | 고위험 방문객 (노약자·어린이·임산부) 적극 모니터링 | 기상 변화·밀도 실시간 확인 | 대기 인력 현장 근접 배치 | [폭염] 그늘·음용수 추가 배치, 열사병 집중 모니터링, 피크타임 야외 자제 권고 | [우천] 미끄러짐 주의 안내, 낙뢰 위험 시설 대피, 우천 장비 점검 | [강풍] 낙하물 위험 구역 통제, 야외 구조물·천막 긴급 점검 | [야간] 조명 확보 및 시야 불량 구역 안전선 설치, 야간 순찰 강화",이상 징후(쓰러짐·발열·외상) 발견 즉시 위험 단계 상향,야영장 — 장기 체류자 탈수·열사병 위험
F02,오토캠핑장B,매우혼잡,강풍|야간|폭염|피크타임|한파,5,0.1372,주의,🟡,0.1058,0.8029,0.1216,0.0755,예방 모니터 1명 + 대기 요원 1명,"구급함, 무전기, 음용수, 그늘막","예방 순찰 30분 간격 강화 | 응급 대응 장비 위치·작동 상태 점검 | 고위험 방문객 (노약자·어린이·임산부) 적극 모니터링 | 기상 변화·밀도 실시간 확인 | 대기 인력 현장 근접 배치 | [폭염] 그늘·음용수 추가 배치, 열사병 집중 모니터링, 피크타임 야외 자제 권고 | [한파] 저체온증 위험 모니터링, 실내 대피 공간 운영, 동상 응급처치 키트 배치 | [강풍] 낙하물 위험 구역 통제, 야외 구조물·천막 긴급 점검 | [야간] 조명 확보 및 시야 불량 구역 안전선 설치, 야간 순찰 강화",이상 징후(쓰러짐·발열·외상) 발견 즉시 위험 단계 상향,야영장 — 장기 체류자 탈수·열사병 위험
F02,오토캠핑장B,매우혼잡,강풍|야간|우천|피크타임|한파,5,0.1324,주의,🟡,0.0969,0.7294,0.0989,0.1716,예방 모니터 1명 + 대기 요원 1명,"구급함, 무전기, 음용수, 그늘막","예방 순찰 30분 간격 강화 | 응급 대응 장비 위치·작동 상태 점검 | 고위험 방문객 (노약자·어린이·임산부) 적극 모니터링 | 기상 변화·밀도 실시간 확인 | 대기 인력 현장 근접 배치 | [우천] 미끄러짐 주의 안내, 낙뢰 위험 시설 대피, 우천 장비 점검 | [한파] 저체온증 위험 모니터링, 실내 대피 공간 운영, 동상 응급처치 키트 배치 | [강풍] 낙하물 위험 구역 통제, 야외 구조물·천막 긴급 점검 | [야간] 조명 확보 및 시야 불량 구역 안전선 설치, 야간 순찰 강화",이상 징후(쓰러짐·발열·외상) 발견 즉시 위험 단계 상향,야영장 — 장기 체류자 탈수·열사병 위험
F02,오토캠핑장B,매우혼잡,강풍|야간|우천|폭염|피크타임|한파,6,0.1476,주의,🟡,0.1058,0.7098,0.0752,0.215,예방 모니터 1명 + 대기 요원 1명,"구급함, 무전기, 음용수, 그늘막","예방 순찰 30분 간격 강화 | 응급 대응 장비 위치·작동 상태 점검 | 고위험 방문객 (노약자·어린이·임산부) 적극 모니터링 | 기상 변화·밀도 실시간 확인 | 대기 인력 현장 근접 배치 | [폭염] 그늘·음용수 추가 배치, 열사병 집중 모니터링, 피크타임 야외 자제 권고 | [우천] 미끄러짐 주의 안내, 낙뢰 위험 시설 대피, 우천 장비 점검 | [한파] 저체온증 위험 모니터링, 실내 대피 공간 운영, 동상 응급처치 키트 배치 | [강풍] 낙하물 위험 구역 통제, 야외 구조물·천막 긴급 점검 | [야간] 조명 확보 및 시야 불량 구역 안전선 설치, 야간 순찰 강화",이상 징후(쓰러짐·발열·외상) 발견 즉시 위험 단계 상향,야영장 — 장기 체류자 탈수·열사병 위험
F03,전망대,여유,없음,0,0.0734,주의,🟡,0.0606,0.968,0.0293,0.0028,예방 모니터 1명 + 대기 요원 1명,"구급함, 무전기, 음용수, 그늘막",예방 순찰 30분 간격 강화 | 응급 대응 장비 위치·작동 상태 점검 | 고위험 방문객 (노약자·어린이·임산부) 적극 모니터링 | 기상 변화·밀도 실시간 확인 | 대기 인력 현장 근접 배치,이상 징후(쓰러짐·발열·외상) 발견 즉시 위험 단계 상향,전망대 — 고소 추락·현기증 위험
F03,전망대,여유,폭염,1,0.0833,주의,🟡,0.0606,0.7293,0.0845,0.1862,예방 모니터 1명 + 대기 요원 1명,"구급함, 무전기, 음용수, 그늘막","예방 순찰 30분 간격 강화 | 응급 대응 장비 위치·작동 상태 점검 | 고위험 방문객 (노약자·어린이·임산부) 적극 모니터링 | 기상 변화·밀도 실시간 확인 | 대기 인력 현장 근접 배치 | [폭염] 그늘·음용수 추가 배치, 열사병 집중 모니터링, 피크타임 야외 자제 권고",이상 징후(쓰러짐·발열·외상) 발견 즉시 위험 단계 상향,전망대 — 고소 추락·현기증 위험
F03,전망대,여유,우천,1,0.0752,주의,🟡,0.0606,0.8761,0.1151,0.0088,예방 모니터 1명 + 대기 요원 1명,"구급함, 무전기, 음용수, 그늘막","예방 순찰 30분 간격 강화 | 응급 대응 장비 위치·작동 상태 점검 | 고위험 방문객 (노약자·어린이·임산부) 적극 모니터링 | 기상 변화·밀도 실시간 확인 | 대기 인력 현장 근접 배치 | [우천] 미끄러짐 주의 안내, 낙뢰 위험 시설 대피, 우천 장비 점검",이상 징후(쓰러짐·발열·외상) 발견 즉시 위험 단계 상향,전망대 — 고소 추락·현기증 위험
F03,전망대,여유,한파,1,0.0477,관찰,🔵,0.028,0.2668,0.1674,0.5658,순찰 요원 1명,"구급함, 무전기","일반 안전 순찰 60분 간격 유지 | 기상특보·예보 확인 | 방문객 밀도 추이 모니터링 | 비상 연락망 점검 | [한파] 저체온증 위험 모니터링, 실내 대피 공간 운영, 동상 응급처치 키트 배치",기상특보 발령 또는 밀도 > 0.6 시 주의 단계 상향,전망대 — 고소 추락·현기증 위험
F03,전망대,여유,강풍,1,0.0763,주의,🟡,0.0606,0.8361,0.1458,0.0181,예방 모니터 1명 + 대기 요원 1명,"구급함, 무전기, 음용수, 그늘막","예방 순찰 30분 간격 강화 | 응급 대응 장비 위치·작동 상태 점검 | 고위험 방문객 (노약자·어린이·임산부) 적극 모니터링 | 기상 변화·밀도 실시간 확인 | 대기 인력 현장 근접 배치 | [강풍] 낙하물 위험 구역 통제, 야외 구조물·천막 긴급 점검",이상 징후(쓰러짐·발열·외상) 발견 즉시 위험 단계 상향,전망대 — 고소 추락·현기증 위험
F03,전망대,여유,야간,1,0.073,주의,🟡,0.0606,0.9917,0.0048,0.0035,예방 모니터 1명 + 대기 요원 1명,"구급함, 무전기, 음용수, 그늘막","예방 순찰 30분 간격 강화 | 응급 대응 장비 위치·작동 상태 점검 | 고위험 방문객 (노약자·어린이·임산부) 적극 모니터링 | 기상 변화·밀도 실시간 확인 | 대기 인력 현장 근접 배치 | [야간] 조명 확보 및 시야 불량 구역 안전선 설치, 야간 순찰 강화",이상 징후(쓰러짐·발열·외상) 발견 즉시 위험 단계 상향,전망대 — 고소 추락·현기증 위험
F03,전망대,여유,피크타임,1,0.0738,주의,🟡,0.0606,0.9679,0.0152,0.0169,예방 모니터 1명 + 대기 요원 1명,"구급함, 무전기, 음용수, 그늘막",예방 순찰 30분 간격 강화 | 응급 대응 장비 위치·작동 상태 점검 | 고위험 방문객 (노약자·어린이·임산부) 적극 모니터링 | 기상 변화·밀도 실시간 확인 | 대기 인력 현장 근접 배치,이상 징후(쓰러짐·발열·외상) 발견 즉시 위험 단계 상향,전망대 — 고소 추락·현기증 위험
F03,전망대,여유,우천|폭염,2,0.0832,주의,🟡,0.0606,0.741,0.0674,0.1916,예방 모니터 1명 + 대기 요원 1명,"구급함, 무전기, 음용수, 그늘막","예방 순찰 30분 간격 강화 | 응급 대응 장비 위치·작동 상태 점검 | 고위험 방문객 (노약자·어린이·임산부) 적극 모니터링 | 기상 변화·밀도 실시간 확인 | 대기 인력 현장 근접 배치 | [폭염] 그늘·음용수 추가 배치, 열사병 집중 모니터링, 피크타임 야외 자제 권고 | [우천] 미끄러짐 주의 안내, 낙뢰 위험 시설 대피, 우천 장비 점검",이상 징후(쓰러짐·발열·외상) 발견 즉시 위험 단계 상향,전망대 — 고소 추락·현기증 위험
F03,전망대,여유,폭염|한파,2,0.0833,주의,🟡,0.0606,0.7293,0.0845,0.1862,예방 모니터 1명 + 대기 요원 1명,"구급함, 무전기, 음용수, 그늘막","예방 순찰 30분 간격 강화 | 응급 대응 장비 위치·작동 상태 점검 | 고위험 방문객 (노약자·어린이·임산부) 적극 모니터링 | 기상 변화·밀도 실시간 확인 | 대기 인력 현장 근접 배치 | [폭염] 그늘·음용수 추가 배치, 열사병 집중 모니터링, 피크타임 야외 자제 권고 | [한파] 저체온증 위험 모니터링, 실내 대피 공간 운영, 동상 응급처치 키트 배치",이상 징후(쓰러짐·발열·외상) 발견 즉시 위험 단계 상향,전망대 — 고소 추락·현기증 위험
F03,전망대,여유,강풍|폭염,2,0.0833,주의,🟡,0.0606,0.7293,0.0845,0.1862,예방 모니터 1명 + 대기 요원 1명,"구급함, 무전기, 음용수, 그늘막","예방 순찰 30분 간격 강화 | 응급 대응 장비 위치·작동 상태 점검 | 고위험 방문객 (노약자·어린이·임산부) 적극 모니터링 | 기상 변화·밀도 실시간 확인 | 대기 인력 현장 근접 배치 | [폭염] 그늘·음용수 추가 배치, 열사병 집중 모니터링, 피크타임 야외 자제 권고 | [강풍] 낙하물 위험 구역 통제, 야외 구조물·천막 긴급 점검",이상 징후(쓰러짐·발열·외상) 발견 즉시 위험 단계 상향,전망대 — 고소 추락·현기증 위험
F03,전망대,여유,야간|폭염,2,0.0765,주의,🟡,0.0606,0.9196,0.0057,0.0747,예방 모니터 1명 + 대기 요원 1명,"구급함, 무전기, 음용수, 그늘막","예방 순찰 30분 간격 강화 | 응급 대응 장비 위치·작동 상태 점검 | 고위험 방문객 (노약자·어린이·임산부) 적극 모니터링 | 기상 변화·밀도 실시간 확인 | 대기 인력 현장 근접 배치 | [폭염] 그늘·음용수 추가 배치, 열사병 집중 모니터링, 피크타임 야외 자제 권고 | [야간] 조명 확보 및 시야 불량 구역 안전선 설치, 야간 순찰 강화",이상 징후(쓰러짐·발열·외상) 발견 즉시 위험 단계 상향,전망대 — 고소 추락·현기증 위험
F03,전망대,여유,폭염|피크타임,2,0.0897,주의,🟡,0.0606,0.617,0.0525,0.3305,예방 모니터 1명 + 대기 요원 1명,"구급함, 무전기, 음용수, 그늘막","예방 순찰 30분 간격 강화 | 응급 대응 장비 위치·작동 상태 점검 | 고위험 방문객 (노약자·어린이·임산부) 적극 모니터링 | 기상 변화·밀도 실시간 확인 | 대기 인력 현장 근접 배치 | [폭염] 그늘·음용수 추가 배치, 열사병 집중 모니터링, 피크타임 야외 자제 권고",이상 징후(쓰러짐·발열·외상) 발견 즉시 위험 단계 상향,전망대 — 고소 추락·현기증 위험
F03,전망대,여유,우천|한파,2,0.0907,주의,🟡,0.0606,0.4438,0.2955,0.2607,예방 모니터 1명 + 대기 요원 1명,"구급함, 무전기, 음용수, 그늘막","예방 순찰 30분 간격 강화 | 응급 대응 장비 위치·작동 상태 점검 | 고위험 방문객 (노약자·어린이·임산부) 적극 모니터링 | 기상 변화·밀도 실시간 확인 | 대기 인력 현장 근접 배치 | [우천] 미끄러짐 주의 안내, 낙뢰 위험 시설 대피, 우천 장비 점검 | [한파] 저체온증 위험 모니터링, 실내 대피 공간 운영, 동상 응급처치 키트 배치",이상 징후(쓰러짐·발열·외상) 발견 즉시 위험 단계 상향,전망대 — 고소 추락·현기증 위험
F03,전망대,여유,강풍|우천,2,0.0767,주의,🟡,0.0606,0.8286,0.1429,0.0285,예방 모니터 1명 + 대기 요원 1명,"구급함, 무전기, 음용수, 그늘막","예방 순찰 30분 간격 강화 | 응급 대응 장비 위치·작동 상태 점검 | 고위험 방문객 (노약자·어린이·임산부) 적극 모니터링 | 기상 변화·밀도 실시간 확인 | 대기 인력 현장 근접 배치 | [우천] 미끄러짐 주의 안내, 낙뢰 위험 시설 대피, 우천 장비 점검 | [강풍] 낙하물 위험 구역 통제, 야외 구조물·천막 긴급 점검",이상 징후(쓰러짐·발열·외상) 발견 즉시 위험 단계 상향,전망대 — 고소 추락·현기증 위험
F03,전망대,여유,야간|우천,2,0.0731,주의,🟡,0.0606,0.9874,0.0071,0.0055,예방 모니터 1명 + 대기 요원 1명,"구급함, 무전기, 음용수, 그늘막","예방 순찰 30분 간격 강화 | 응급 대응 장비 위치·작동 상태 점검 | 고위험 방문객 (노약자·어린이·임산부) 적극 모니터링 | 기상 변화·밀도 실시간 확인 | 대기 인력 현장 근접 배치 | [우천] 미끄러짐 주의 안내, 낙뢰 위험 시설 대피, 우천 장비 점검 | [야간] 조명 확보 및 시야 불량 구역 안전선 설치, 야간 순찰 강화",이상 징후(쓰러짐·발열·외상) 발견 즉시 위험 단계 상향,전망대 — 고소 추락·현기증 위험
F03,전망대,여유,우천|피크타임,2,0.078,주의,🟡,0.0606,0.8578,0.0548,0.0874,예방 모니터 1명 + 대기 요원 1명,"구급함, 무전기, 음용수, 그늘막","예방 순찰 30분 간격 강화 | 응급 대응 장비 위치·작동 상태 점검 | 고위험 방문객 (노약자·어린이·임산부) 적극 모니터링 | 기상 변화·밀도 실시간 확인 | 대기 인력 현장 근접 배치 | [우천] 미끄러짐 주의 안내, 낙뢰 위험 시설 대피, 우천 장비 점검",이상 징후(쓰러짐·발열·외상) 발견 즉시 위험 단계 상향,전망대 — 고소 추락·현기증 위험
F03,전망대,여유,강풍|한파,2,0.0477,관찰,🔵,0.028,0.2668,0.1674,0.5658,순찰 요원 1명,"구급함, 무전기","일반 안전 순찰 60분 간격 유지 | 기상특보·예보 확인 | 방문객 밀도 추이 모니터링 | 비상 연락망 점검 | [한파] 저체온증 위험 모니터링, 실내 대피 공간 운영, 동상 응급처치 키트 배치 | [강풍] 낙하물 위험 구역 통제, 야외 구조물·천막 긴급 점검",기상특보 발령 또는 밀도 > 0.6 시 주의 단계 상향,전망대 — 고소 추락·현기증 위험
F03,전망대,여유,야간|한파,2,0.0438,관찰,🔵,0.028,0.4425,0.1673,0.3902,순찰 요원 1명,"구급함, 무전기","일반 안전 순찰 60분 간격 유지 | 기상특보·예보 확인 | 방문객 밀도 추이 모니터링 | 비상 연락망 점검 | [한파] 저체온증 위험 모니터링, 실내 대피 공간 운영, 동상 응급처치 키트 배치 | [야간] 조명 확보 및 시야 불량 구역 안전선 설치, 야간 순찰 강화",기상특보 발령 또는 밀도 > 0.6 시 주의 단계 상향,전망대 — 고소 추락·현기증 위험
F03,전망대,여유,피크타임|한파,2,0.0515,관찰,🔵,0.028,0.1694,0.0521,0.7785,순찰 요원 1명,"구급함, 무전기","일반 안전 순찰 60분 간격 유지 | 기상특보·예보 확인 | 방문객 밀도 추이 모니터링 | 비상 연락망 점검 | [한파] 저체온증 위험 모니터링, 실내 대피 공간 운영, 동상 응급처치 키트 배치",기상특보 발령 또는 밀도 > 0.6 시 주의 단계 상향,전망대 — 고소 추락·현기증 위험
F03,전망대,여유,강풍|야간,2,0.0744,주의,🟡,0.0606,0.9157,0.0788,0.0055,예방 모니터 1명 + 대기 요원 1명,"구급함, 무전기, 음용수, 그늘막","예방 순찰 30분 간격 강화 | 응급 대응 장비 위치·작동 상태 점검 | 고위험 방문객 (노약자·어린이·임산부) 적극 모니터링 | 기상 변화·밀도 실시간 확인 | 대기 인력 현장 근접 배치 | [강풍] 낙하물 위험 구역 통제, 야외 구조물·천막 긴급 점검 | [야간] 조명 확보 및 시야 불량 구역 안전선 설치, 야간 순찰 강화",이상 징후(쓰러짐·발열·외상) 발견 즉시 위험 단계 상향,전망대 — 고소 추락·현기증 위험
F03,전망대,여유,강풍|피크타임,2,0.0782,주의,🟡,0.0606,0.8463,0.0651,0.0887,예방 모니터 1명 + 대기 요원 1명,"구급함, 무전기, 음용수, 그늘막","예방 순찰 30분 간격 강화 | 응급 대응 장비 위치·작동 상태 점검 | 고위험 방문객 (노약자·어린이·임산부) 적극 모니터링 | 기상 변화·밀도 실시간 확인 | 대기 인력 현장 근접 배치 | [강풍] 낙하물 위험 구역 통제, 야외 구조물·천막 긴급 점검",이상 징후(쓰러짐·발열·외상) 발견 즉시 위험 단계 상향,전망대 — 고소 추락·현기증 위험
F03,전망대,여유,야간|피크타임,2,0.073,주의,🟡,0.0606,0.9917,0.0048,0.0035,예방 모니터 1명 + 대기 요원 1명,"구급함, 무전기, 음용수, 그늘막","예방 순찰 30분 간격 강화 | 응급 대응 장비 위치·작동 상태 점검 | 고위험 방문객 (노약자·어린이·임산부) 적극 모니터링 | 기상 변화·밀도 실시간 확인 | 대기 인력 현장 근접 배치 | [야간] 조명 확보 및 시야 불량 구역 안전선 설치, 야간 순찰 강화",이상 징후(쓰러짐·발열·외상) 발견 즉시 위험 단계 상향,전망대 — 고소 추락·현기증 위험
F03,전망대,여유,우천|폭염|한파,3,0.0832,주의,🟡,0.0606,0.741,0.0674,0.1916,예방 모니터 1명 + 대기 요원 1명,"구급함, 무전기, 음용수, 그늘막","예방 순찰 30분 간격 강화 | 응급 대응 장비 위치·작동 상태 점검 | 고위험 방문객 (노약자·어린이·임산부) 적극 모니터링 | 기상 변화·밀도 실시간 확인 | 대기 인력 현장 근접 배치 | [폭염] 그늘·음용수 추가 배치, 열사병 집중 모니터링, 피크타임 야외 자제 권고 | [우천] 미끄러짐 주의 안내, 낙뢰 위험 시설 대피, 우천 장비 점검 | [한파] 저체온증 위험 모니터링, 실내 대피 공간 운영, 동상 응급처치 키트 배치",이상 징후(쓰러짐·발열·외상) 발견 즉시 위험 단계 상향,전망대 — 고소 추락·현기증 위험
F03,전망대,여유,강풍|우천|폭염,3,0.0832,주의,🟡,0.0606,0.741,0.0674,0.1916,예방 모니터 1명 + 대기 요원 1명,"구급함, 무전기, 음용수, 그늘막","예방 순찰 30분 간격 강화 | 응급 대응 장비 위치·작동 상태 점검 | 고위험 방문객 (노약자·어린이·임산부) 적극 모니터링 | 기상 변화·밀도 실시간 확인 | 대기 인력 현장 근접 배치 | [폭염] 그늘·음용수 추가 배치, 열사병 집중 모니터링, 피크타임 야외 자제 권고 | [우천] 미끄러짐 주의 안내, 낙뢰 위험 시설 대피, 우천 장비 점검 | [강풍] 낙하물 위험 구역 통제, 야외 구조물·천막 긴급 점검",이상 징후(쓰러짐·발열·외상) 발견 즉시 위험 단계 상향,전망대 — 고소 추락·현기증 위험
F03,전망대,여유,야간|우천|폭염,3,0.0753,주의,🟡,0.0606,0.9457,0.0017,0.0526,예방 모니터 1명 + 대기 요원 1명,"구급함, 무전기, 음용수, 그늘막","예방 순찰 30분 간격 강화 | 응급 대응 장비 위치·작동 상태 점검 | 고위험 방문객 (노약자·어린이·임산부) 적극 모니터링 | 기상 변화·밀도 실시간 확인 | 대기 인력 현장 근접 배치 | [폭염] 그늘·음용수 추가 배치, 열사병 집중 모니터링, 피크타임 야외 자제 권고 | [우천] 미끄러짐 주의 안내, 낙뢰 위험 시설 대피, 우천 장비 점검 | [야간] 조명 확보 및 시야 불량 구역 안전선 설치, 야간 순찰 강화",이상 징후(쓰러짐·발열·외상) 발견 즉시 위험 단계 상향,전망대 — 고소 추락·현기증 위험
F03,전망대,여유,우천|폭염|피크타임,3,0.0952,주의,🟡,0.0606,0.5052,0.0506,0.4442,예방 모니터 1명 + 대기 요원 1명,"구급함, 무전기, 음용수, 그늘막","예방 순찰 30분 간격 강화 | 응급 대응 장비 위치·작동 상태 점검 | 고위험 방문객 (노약자·어린이·임산부) 적극 모니터링 | 기상 변화·밀도 실시간 확인 | 대기 인력 현장 근접 배치 | [폭염] 그늘·음용수 추가 배치, 열사병 집중 모니터링, 피크타임 야외 자제 권고 | [우천] 미끄러짐 주의 안내, 낙뢰 위험 시설 대피, 우천 장비 점검",이상 징후(쓰러짐·발열·외상) 발견 즉시 위험 단계 상향,전망대 — 고소 추락·현기증 위험
F03,전망대,여유,강풍|폭염|한파,3,0.0833,주의,🟡,0.0606,0.7293,0.0845,0.1862,예방 모니터 1명 + 대기 요원 1명,"구급함, 무전기, 음용수, 그늘막","예방 순찰 30분 간격 강화 | 응급 대응 장비 위치·작동 상태 점검 | 고위험 방문객 (노약자·어린이·임산부) 적극 모니터링 | 기상 변화·밀도 실시간 확인 | 대기 인력 현장 근접 배치 | [폭염] 그늘·음용수 추가 배치, 열사병 집중 모니터링, 피크타임 야외 자제 권고 | [한파] 저체온증 위험 모니터링, 실내 대피 공간 운영, 동상 응급처치 키트 배치 | [강풍] 낙하물 위험 구역 통제, 야외 구조물·천막 긴급 점검",이상 징후(쓰러짐·발열·외상) 발견 즉시 위험 단계 상향,전망대 — 고소 추락·현기증 위험
F03,전망대,여유,야간|폭염|한파,3,0.0765,주의,🟡,0.0606,0.9196,0.0057,0.0747,예방 모니터 1명 + 대기 요원 1명,"구급함, 무전기, 음용수, 그늘막","예방 순찰 30분 간격 강화 | 응급 대응 장비 위치·작동 상태 점검 | 고위험 방문객 (노약자·어린이·임산부) 적극 모니터링 | 기상 변화·밀도 실시간 확인 | 대기 인력 현장 근접 배치 | [폭염] 그늘·음용수 추가 배치, 열사병 집중 모니터링, 피크타임 야외 자제 권고 | [한파] 저체온증 위험 모니터링, 실내 대피 공간 운영, 동상 응급처치 키트 배치 | [야간] 조명 확보 및 시야 불량 구역 안전선 설치, 야간 순찰 강화",이상 징후(쓰러짐·발열·외상) 발견 즉시 위험 단계 상향,전망대 — 고소 추락·현기증 위험
F03,전망대,여유,폭염|피크타임|한파,3,0.0897,주의,🟡,0.0606,0.617,0.0525,0.3305,예방 모니터 1명 + 대기 요원 1명,"구급함, 무전기, 음용수, 그늘막","예방 순찰 30분 간격 강화 | 응급 대응 장비 위치·작동 상태 점검 | 고위험 방문객 (노약자·어린이·임산부) 적극 모니터링 | 기상 변화·밀도 실시간 확인 | 대기 인력 현장 근접 배치 | [폭염] 그늘·음용수 추가 배치, 열사병 집중 모니터링, 피크타임 야외 자제 권고 | [한파] 저체온증 위험 모니터링, 실내 대피 공간 운영, 동상 응급처치 키트 배치",이상 징후(쓰러짐·발열·외상) 발견 즉시 위험 단계 상향,전망대 — 고소 추락·현기증 위험
F03,전망대,여유,강풍|야간|폭염,3,0.0765,주의,🟡,0.0606,0.9196,0.0057,0.0747,예방 모니터 1명 + 대기 요원 1명,"구급함, 무전기, 음용수, 그늘막","예방 순찰 30분 간격 강화 | 응급 대응 장비 위치·작동 상태 점검 | 고위험 방문객 (노약자·어린이·임산부) 적극 모니터링 | 기상 변화·밀도 실시간 확인 | 대기 인력 현장 근접 배치 | [폭염] 그늘·음용수 추가 배치, 열사병 집중 모니터링, 피크타임 야외 자제 권고 | [강풍] 낙하물 위험 구역 통제, 야외 구조물·천막 긴급 점검 | [야간] 조명 확보 및 시야 불량 구역 안전선 설치, 야간 순찰 강화",이상 징후(쓰러짐·발열·외상) 발견 즉시 위험 단계 상향,전망대 — 고소 추락·현기증 위험
F03,전망대,여유,강풍|폭염|피크타임,3,0.0897,주의,🟡,0.0606,0.617,0.0525,0.3305,예방 모니터 1명 + 대기 요원 1명,"구급함, 무전기, 음용수, 그늘막","예방 순찰 30분 간격 강화 | 응급 대응 장비 위치·작동 상태 점검 | 고위험 방문객 (노약자·어린이·임산부) 적극 모니터링 | 기상 변화·밀도 실시간 확인 | 대기 인력 현장 근접 배치 | [폭염] 그늘·음용수 추가 배치, 열사병 집중 모니터링, 피크타임 야외 자제 권고 | [강풍] 낙하물 위험 구역 통제, 야외 구조물·천막 긴급 점검",이상 징후(쓰러짐·발열·외상) 발견 즉시 위험 단계 상향,전망대 — 고소 추락·현기증 위험
F03,전망대,여유,야간|폭염|피크타임,3,0.0765,주의,🟡,0.0606,0.9196,0.0057,0.0747,예방 모니터 1명 + 대기 요원 1명,"구급함, 무전기, 음용수, 그늘막","예방 순찰 30분 간격 강화 | 응급 대응 장비 위치·작동 상태 점검 | 고위험 방문객 (노약자·어린이·임산부) 적극 모니터링 | 기상 변화·밀도 실시간 확인 | 대기 인력 현장 근접 배치 | [폭염] 그늘·음용수 추가 배치, 열사병 집중 모니터링, 피크타임 야외 자제 권고 | [야간] 조명 확보 및 시야 불량 구역 안전선 설치, 야간 순찰 강화",이상 징후(쓰러짐·발열·외상) 발견 즉시 위험 단계 상향,전망대 — 고소 추락·현기증 위험
F03,전망대,여유,강풍|우천|한파,3,0.0907,주의,🟡,0.0606,0.4438,0.2955,0.2607,예방 모니터 1명 + 대기 요원 1명,"구급함, 무전기, 음용수, 그늘막","예방 순찰 30분 간격 강화 | 응급 대응 장비 위치·작동 상태 점검 | 고위험 방문객 (노약자·어린이·임산부) 적극 모니터링 | 기상 변화·밀도 실시간 확인 | 대기 인력 현장 근접 배치 | [우천] 미끄러짐 주의 안내, 낙뢰 위험 시설 대피, 우천 장비 점검 | [한파] 저체온증 위험 모니터링, 실내 대피 공간 운영, 동상 응급처치 키트 배치 | [강풍] 낙하물 위험 구역 통제, 야외 구조물·천막 긴급 점검",이상 징후(쓰러짐·발열·외상) 발견 즉시 위험 단계 상향,전망대 — 고소 추락·현기증 위험
F03,전망대,여유,야간|우천|한파,3,0.0815,주의,🟡,0.0606,0.7682,0.0801,0.1517,예방 모니터 1명 + 대기 요원 1명,"구급함, 무전기, 음용수, 그늘막","예방 순찰 30분 간격 강화 | 응급 대응 장비 위치·작동 상태 점검 | 고위험 방문객 (노약자·어린이·임산부) 적극 모니터링 | 기상 변화·밀도 실시간 확인 | 대기 인력 현장 근접 배치 | [우천] 미끄러짐 주의 안내, 낙뢰 위험 시설 대피, 우천 장비 점검 | [한파] 저체온증 위험 모니터링, 실내 대피 공간 운영, 동상 응급처치 키트 배치 | [야간] 조명 확보 및 시야 불량 구역 안전선 설치, 야간 순찰 강화",이상 징후(쓰러짐·발열·외상) 발견 즉시 위험 단계 상향,전망대 — 고소 추락·현기증 위험
F03,전망대,여유,우천|피크타임|한파,3,0.1042,주의,🟡,0.0606,0.2713,0.1284,0.6003,예방 모니터 1명 + 대기 요원 1명,"구급함, 무전기, 음용수, 그늘막","예방 순찰 30분 간격 강화 | 응급 대응 장비 위치·작동 상태 점검 | 고위험 방문객 (노약자·어린이·임산부) 적극 모니터링 | 기상 변화·밀도 실시간 확인 | 대기 인력 현장 근접 배치 | [우천] 미끄러짐 주의 안내, 낙뢰 위험 시설 대피, 우천 장비 점검 | [한파] 저체온증 위험 모니터링, 실내 대피 공간 운영, 동상 응급처치 키트 배치",이상 징후(쓰러짐·발열·외상) 발견 즉시 위험 단계 상향,전망대 — 고소 추락·현기증 위험
F03,전망대,여유,강풍|야간|우천,3,0.0733,주의,🟡,0.0606,0.978,0.0173,0.0048,예방 모니터 1명 + 대기 요원 1명,"구급함, 무전기, 음용수, 그늘막","예방 순찰 30분 간격 강화 | 응급 대응 장비 위치·작동 상태 점검 | 고위험 방문객 (노약자·어린이·임산부) 적극 모니터링 | 기상 변화·밀도 실시간 확인 | 대기 인력 현장 근접 배치 | [우천] 미끄러짐 주의 안내, 낙뢰 위험 시설 대피, 우천 장비 점검 | [강풍] 낙하물 위험 구역 통제, 야외 구조물·천막 긴급 점검 | [야간] 조명 확보 및 시야 불량 구역 안전선 설치, 야간 순찰 강화",이상 징후(쓰러짐·발열·외상) 발견 즉시 위험 단계 상향,전망대 — 고소 추락·현기증 위험
F03,전망대,여유,강풍|우천|피크타임,3,0.0824,주의,🟡,0.0606,0.7577,0.0683,0.174,예방 모니터 1명 + 대기 요원 1명,"구급함, 무전기, 음용수, 그늘막","예방 순찰 30분 간격 강화 | 응급 대응 장비 위치·작동 상태 점검 | 고위험 방문객 (노약자·어린이·임산부) 적극 모니터링 | 기상 변화·밀도 실시간 확인 | 대기 인력 현장 근접 배치 | [우천] 미끄러짐 주의 안내, 낙뢰 위험 시설 대피, 우천 장비 점검 | [강풍] 낙하물 위험 구역 통제, 야외 구조물·천막 긴급 점검",이상 징후(쓰러짐·발열·외상) 발견 즉시 위험 단계 상향,전망대 — 고소 추락·현기증 위험
F03,전망대,여유,야간|우천|피크타임,3,0.0731,주의,🟡,0.0606,0.9874,0.0071,0.0055,예방 모니터 1명 + 대기 요원 1명,"구급함, 무전기, 음용수, 그늘막","예방 순찰 30분 간격 강화 | 응급 대응 장비 위치·작동 상태 점검 | 고위험 방문객 (노약자·어린이·임산부) 적극 모니터링 | 기상 변화·밀도 실시간 확인 | 대기 인력 현장 근접 배치 | [우천] 미끄러짐 주의 안내, 낙뢰 위험 시설 대피, 우천 장비 점검 | [야간] 조명 확보 및 시야 불량 구역 안전선 설치, 야간 순찰 강화",이상 징후(쓰러짐·발열·외상) 발견 즉시 위험 단계 상향,전망대 — 고소 추락·현기증 위험
F03,전망대,여유,강풍|야간|한파,3,0.0438,관찰,🔵,0.028,0.4425,0.1673,0.3902,순찰 요원 1명,"구급함, 무전기","일반 안전 순찰 60분 간격 유지 | 기상특보·예보 확인 | 방문객 밀도 추이 모니터링 | 비상 연락망 점검 | [한파] 저체온증 위험 모니터링, 실내 대피 공간 운영, 동상 응급처치 키트 배치 | [강풍] 낙하물 위험 구역 통제, 야외 구조물·천막 긴급 점검 | [야간] 조명 확보 및 시야 불량 구역 안전선 설치, 야간 순찰 강화",기상특보 발령 또는 밀도 > 0.6 시 주의 단계 상향,전망대 — 고소 추락·현기증 위험
F03,전망대,여유,강풍|피크타임|한파,3,0.0515,관찰,🔵,0.028,0.1694,0.0521,0.7785,순찰 요원 1명,"구급함, 무전기","일반 안전 순찰 60분 간격 유지 | 기상특보·예보 확인 | 방문객 밀도 추이 모니터링 | 비상 연락망 점검 | [한파] 저체온증 위험 모니터링, 실내 대피 공간 운영, 동상 응급처치 키트 배치 | [강풍] 낙하물 위험 구역 통제, 야외 구조물·천막 긴급 점검",기상특보 발령 또는 밀도 > 0.6 시 주의 단계 상향,전망대 — 고소 추락·현기증 위험
F03,전망대,여유,야간|피크타임|한파,3,0.0438,관찰,🔵,0.028,0.4425,0.1673,0.3902,순찰 요원 1명,"구급함, 무전기","일반 안전 순찰 60분 간격 유지 | 기상특보·예보 확인 | 방문객 밀도 추이 모니터링 | 비상 연락망 점검 | [한파] 저체온증 위험 모니터링, 실내 대피 공간 운영, 동상 응급처치 키트 배치 | [야간] 조명 확보 및 시야 불량 구역 안전선 설치, 야간 순찰 강화",기상특보 발령 또는 밀도 > 0.6 시 주의 단계 상향,전망대 — 고소 추락·현기증 위험
F03,전망대,여유,강풍|야간|피크타임,3,0.0744,주의,🟡,0.0606,0.9157,0.0788,0.0055,예방 모니터 1명 + 대기 요원 1명,"구급함, 무전기, 음용수, 그늘막","예방 순찰 30분 간격 강화 | 응급 대응 장비 위치·작동 상태 점검 | 고위험 방문객 (노약자·어린이·임산부) 적극 모니터링 | 기상 변화·밀도 실시간 확인 | 대기 인력 현장 근접 배치 | [강풍] 낙하물 위험 구역 통제, 야외 구조물·천막 긴급 점검 | [야간] 조명 확보 및 시야 불량 구역 안전선 설치, 야간 순찰 강화",이상 징후(쓰러짐·발열·외상) 발견 즉시 위험 단계 상향,전망대 — 고소 추락·현기증 위험
F03,전망대,여유,강풍|우천|폭염|한파,4,0.0832,주의,🟡,0.0606,0.741,0.0674,0.1916,예방 모니터 1명 + 대기 요원 1명,"구급함, 무전기, 음용수, 그늘막","예방 순찰 30분 간격 강화 | 응급 대응 장비 위치·작동 상태 점검 | 고위험 방문객 (노약자·어린이·임산부) 적극 모니터링 | 기상 변화·밀도 실시간 확인 | 대기 인력 현장 근접 배치 | [폭염] 그늘·음용수 추가 배치, 열사병 집중 모니터링, 피크타임 야외 자제 권고 | [우천] 미끄러짐 주의 안내, 낙뢰 위험 시설 대피, 우천 장비 점검 | [한파] 저체온증 위험 모니터링, 실내 대피 공간 운영, 동상 응급처치 키트 배치 | [강풍] 낙하물 위험 구역 통제, 야외 구조물·천막 긴급 점검",이상 징후(쓰러짐·발열·외상) 발견 즉시 위험 단계 상향,전망대 — 고소 추락·현기증 위험
F03,전망대,여유,야간|우천|폭염|한파,4,0.0753,주의,🟡,0.0606,0.9457,0.0017,0.0526,예방 모니터 1명 + 대기 요원 1명,"구급함, 무전기, 음용수, 그늘막","예방 순찰 30분 간격 강화 | 응급 대응 장비 위치·작동 상태 점검 | 고위험 방문객 (노약자·어린이·임산부) 적극 모니터링 | 기상 변화·밀도 실시간 확인 | 대기 인력 현장 근접 배치 | [폭염] 그늘·음용수 추가 배치, 열사병 집중 모니터링, 피크타임 야외 자제 권고 | [우천] 미끄러짐 주의 안내, 낙뢰 위험 시설 대피, 우천 장비 점검 | [한파] 저체온증 위험 모니터링, 실내 대피 공간 운영, 동상 응급처치 키트 배치 | [야간] 조명 확보 및 시야 불량 구역 안전선 설치, 야간 순찰 강화",이상 징후(쓰러짐·발열·외상) 발견 즉시 위험 단계 상향,전망대 — 고소 추락·현기증 위험
F03,전망대,여유,우천|폭염|피크타임|한파,4,0.0952,주의,🟡,0.0606,0.5052,0.0506,0.4442,예방 모니터 1명 + 대기 요원 1명,"구급함, 무전기, 음용수, 그늘막","예방 순찰 30분 간격 강화 | 응급 대응 장비 위치·작동 상태 점검 | 고위험 방문객 (노약자·어린이·임산부) 적극 모니터링 | 기상 변화·밀도 실시간 확인 | 대기 인력 현장 근접 배치 | [폭염] 그늘·음용수 추가 배치, 열사병 집중 모니터링, 피크타임 야외 자제 권고 | [우천] 미끄러짐 주의 안내, 낙뢰 위험 시설 대피, 우천 장비 점검 | [한파] 저체온증 위험 모니터링, 실내 대피 공간 운영, 동상 응급처치 키트 배치",이상 징후(쓰러짐·발열·외상) 발견 즉시 위험 단계 상향,전망대 — 고소 추락·현기증 위험
F03,전망대,여유,강풍|야간|우천|폭염,4,0.0753,주의,🟡,0.0606,0.9457,0.0017,0.0526,예방 모니터 1명 + 대기 요원 1명,"구급함, 무전기, 음용수, 그늘막","예방 순찰 30분 간격 강화 | 응급 대응 장비 위치·작동 상태 점검 | 고위험 방문객 (노약자·어린이·임산부) 적극 모니터링 | 기상 변화·밀도 실시간 확인 | 대기 인력 현장 근접 배치 | [폭염] 그늘·음용수 추가 배치, 열사병 집중 모니터링, 피크타임 야외 자제 권고 | [우천] 미끄러짐 주의 안내, 낙뢰 위험 시설 대피, 우천 장비 점검 | [강풍] 낙하물 위험 구역 통제, 야외 구조물·천막 긴급 점검 | [야간] 조명 확보 및 시야 불량 구역 안전선 설치, 야간 순찰 강화",이상 징후(쓰러짐·발열·외상) 발견 즉시 위험 단계 상향,전망대 — 고소 추락·현기증 위험
F03,전망대,여유,강풍|우천|폭염|피크타임,4,0.0952,주의,🟡,0.0606,0.5052,0.0506,0.4442,예방 모니터 1명 + 대기 요원 1명,"구급함, 무전기, 음용수, 그늘막","예방 순찰 30분 간격 강화 | 응급 대응 장비 위치·작동 상태 점검 | 고위험 방문객 (노약자·어린이·임산부) 적극 모니터링 | 기상 변화·밀도 실시간 확인 | 대기 인력 현장 근접 배치 | [폭염] 그늘·음용수 추가 배치, 열사병 집중 모니터링, 피크타임 야외 자제 권고 | [우천] 미끄러짐 주의 안내, 낙뢰 위험 시설 대피, 우천 장비 점검 | [강풍] 낙하물 위험 구역 통제, 야외 구조물·천막 긴급 점검",이상 징후(쓰러짐·발열·외상) 발견 즉시 위험 단계 상향,전망대 — 고소 추락·현기증 위험
F03,전망대,여유,야간|우천|폭염|피크타임,4,0.0753,주의,🟡,0.0606,0.9457,0.0017,0.0526,예방 모니터 1명 + 대기 요원 1명,"구급함, 무전기, 음용수, 그늘막","예방 순찰 30분 간격 강화 | 응급 대응 장비 위치·작동 상태 점검 | 고위험 방문객 (노약자·어린이·임산부) 적극 모니터링 | 기상 변화·밀도 실시간 확인 | 대기 인력 현장 근접 배치 | [폭염] 그늘·음용수 추가 배치, 열사병 집중 모니터링, 피크타임 야외 자제 권고 | [우천] 미끄러짐 주의 안내, 낙뢰 위험 시설 대피, 우천 장비 점검 | [야간] 조명 확보 및 시야 불량 구역 안전선 설치, 야간 순찰 강화",이상 징후(쓰러짐·발열·외상) 발견 즉시 위험 단계 상향,전망대 — 고소 추락·현기증 위험
F03,전망대,여유,강풍|야간|폭염|한파,4,0.0765,주의,🟡,0.0606,0.9196,0.0057,0.0747,예방 모니터 1명 + 대기 요원 1명,"구급함, 무전기, 음용수, 그늘막","예방 순찰 30분 간격 강화 | 응급 대응 장비 위치·작동 상태 점검 | 고위험 방문객 (노약자·어린이·임산부) 적극 모니터링 | 기상 변화·밀도 실시간 확인 | 대기 인력 현장 근접 배치 | [폭염] 그늘·음용수 추가 배치, 열사병 집중 모니터링, 피크타임 야외 자제 권고 | [한파] 저체온증 위험 모니터링, 실내 대피 공간 운영, 동상 응급처치 키트 배치 | [강풍] 낙하물 위험 구역 통제, 야외 구조물·천막 긴급 점검 | [야간] 조명 확보 및 시야 불량 구역 안전선 설치, 야간 순찰 강화",이상 징후(쓰러짐·발열·외상) 발견 즉시 위험 단계 상향,전망대 — 고소 추락·현기증 위험
F03,전망대,여유,강풍|폭염|피크타임|한파,4,0.0897,주의,🟡,0.0606,0.617,0.0525,0.3305,예방 모니터 1명 + 대기 요원 1명,"구급함, 무전기, 음용수, 그늘막","예방 순찰 30분 간격 강화 | 응급 대응 장비 위치·작동 상태 점검 | 고위험 방문객 (노약자·어린이·임산부) 적극 모니터링 | 기상 변화·밀도 실시간 확인 | 대기 인력 현장 근접 배치 | [폭염] 그늘·음용수 추가 배치, 열사병 집중 모니터링, 피크타임 야외 자제 권고 | [한파] 저체온증 위험 모니터링, 실내 대피 공간 운영, 동상 응급처치 키트 배치 | [강풍] 낙하물 위험 구역 통제, 야외 구조물·천막 긴급 점검",이상 징후(쓰러짐·발열·외상) 발견 즉시 위험 단계 상향,전망대 — 고소 추락·현기증 위험
F03,전망대,여유,야간|폭염|피크타임|한파,4,0.0765,주의,🟡,0.0606,0.9196,0.0057,0.0747,예방 모니터 1명 + 대기 요원 1명,"구급함, 무전기, 음용수, 그늘막","예방 순찰 30분 간격 강화 | 응급 대응 장비 위치·작동 상태 점검 | 고위험 방문객 (노약자·어린이·임산부) 적극 모니터링 | 기상 변화·밀도 실시간 확인 | 대기 인력 현장 근접 배치 | [폭염] 그늘·음용수 추가 배치, 열사병 집중 모니터링, 피크타임 야외 자제 권고 | [한파] 저체온증 위험 모니터링, 실내 대피 공간 운영, 동상 응급처치 키트 배치 | [야간] 조명 확보 및 시야 불량 구역 안전선 설치, 야간 순찰 강화",이상 징후(쓰러짐·발열·외상) 발견 즉시 위험 단계 상향,전망대 — 고소 추락·현기증 위험
F03,전망대,여유,강풍|야간|폭염|피크타임,4,0.0765,주의,🟡,0.0606,0.9196,0.0057,0.0747,예방 모니터 1명 + 대기 요원 1명,"구급함, 무전기, 음용수, 그늘막","예방 순찰 30분 간격 강화 | 응급 대응 장비 위치·작동 상태 점검 | 고위험 방문객 (노약자·어린이·임산부) 적극 모니터링 | 기상 변화·밀도 실시간 확인 | 대기 인력 현장 근접 배치 | [폭염] 그늘·음용수 추가 배치, 열사병 집중 모니터링, 피크타임 야외 자제 권고 | [강풍] 낙하물 위험 구역 통제, 야외 구조물·천막 긴급 점검 | [야간] 조명 확보 및 시야 불량 구역 안전선 설치, 야간 순찰 강화",이상 징후(쓰러짐·발열·외상) 발견 즉시 위험 단계 상향,전망대 — 고소 추락·현기증 위험
F03,전망대,여유,강풍|야간|우천|한파,4,0.0815,주의,🟡,0.0606,0.7682,0.0801,0.1517,예방 모니터 1명 + 대기 요원 1명,"구급함, 무전기, 음용수, 그늘막","예방 순찰 30분 간격 강화 | 응급 대응 장비 위치·작동 상태 점검 | 고위험 방문객 (노약자·어린이·임산부) 적극 모니터링 | 기상 변화·밀도 실시간 확인 | 대기 인력 현장 근접 배치 | [우천] 미끄러짐 주의 안내, 낙뢰 위험 시설 대피, 우천 장비 점검 | [한파] 저체온증 위험 모니터링, 실내 대피 공간 운영, 동상 응급처치 키트 배치 | [강풍] 낙하물 위험 구역 통제, 야외 구조물·천막 긴급 점검 | [야간] 조명 확보 및 시야 불량 구역 안전선 설치, 야간 순찰 강화",이상 징후(쓰러짐·발열·외상) 발견 즉시 위험 단계 상향,전망대 — 고소 추락·현기증 위험
F03,전망대,여유,강풍|우천|피크타임|한파,4,0.1042,주의,🟡,0.0606,0.2713,0.1284,0.6003,예방 모니터 1명 + 대기 요원 1명,"구급함, 무전기, 음용수, 그늘막","예방 순찰 30분 간격 강화 | 응급 대응 장비 위치·작동 상태 점검 | 고위험 방문객 (노약자·어린이·임산부) 적극 모니터링 | 기상 변화·밀도 실시간 확인 | 대기 인력 현장 근접 배치 | [우천] 미끄러짐 주의 안내, 낙뢰 위험 시설 대피, 우천 장비 점검 | [한파] 저체온증 위험 모니터링, 실내 대피 공간 운영, 동상 응급처치 키트 배치 | [강풍] 낙하물 위험 구역 통제, 야외 구조물·천막 긴급 점검",이상 징후(쓰러짐·발열·외상) 발견 즉시 위험 단계 상향,전망대 — 고소 추락·현기증 위험
F03,전망대,여유,야간|우천|피크타임|한파,4,0.0815,주의,🟡,0.0606,0.7682,0.0801,0.1517,예방 모니터 1명 + 대기 요원 1명,"구급함, 무전기, 음용수, 그늘막","예방 순찰 30분 간격 강화 | 응급 대응 장비 위치·작동 상태 점검 | 고위험 방문객 (노약자·어린이·임산부) 적극 모니터링 | 기상 변화·밀도 실시간 확인 | 대기 인력 현장 근접 배치 | [우천] 미끄러짐 주의 안내, 낙뢰 위험 시설 대피, 우천 장비 점검 | [한파] 저체온증 위험 모니터링, 실내 대피 공간 운영, 동상 응급처치 키트 배치 | [야간] 조명 확보 및 시야 불량 구역 안전선 설치, 야간 순찰 강화",이상 징후(쓰러짐·발열·외상) 발견 즉시 위험 단계 상향,전망대 — 고소 추락·현기증 위험
F03,전망대,여유,강풍|야간|우천|피크타임,4,0.0733,주의,🟡,0.0606,0.978,0.0173,0.0048,예방 모니터 1명 + 대기 요원 1명,"구급함, 무전기, 음용수, 그늘막","예방 순찰 30분 간격 강화 | 응급 대응 장비 위치·작동 상태 점검 | 고위험 방문객 (노약자·어린이·임산부) 적극 모니터링 | 기상 변화·밀도 실시간 확인 | 대기 인력 현장 근접 배치 | [우천] 미끄러짐 주의 안내, 낙뢰 위험 시설 대피, 우천 장비 점검 | [강풍] 낙하물 위험 구역 통제, 야외 구조물·천막 긴급 점검 | [야간] 조명 확보 및 시야 불량 구역 안전선 설치, 야간 순찰 강화",이상 징후(쓰러짐·발열·외상) 발견 즉시 위험 단계 상향,전망대 — 고소 추락·현기증 위험
F03,전망대,여유,강풍|야간|피크타임|한파,4,0.0438,관찰,🔵,0.028,0.4425,0.1673,0.3902,순찰 요원 1명,"구급함, 무전기","일반 안전 순찰 60분 간격 유지 | 기상특보·예보 확인 | 방문객 밀도 추이 모니터링 | 비상 연락망 점검 | [한파] 저체온증 위험 모니터링, 실내 대피 공간 운영, 동상 응급처치 키트 배치 | [강풍] 낙하물 위험 구역 통제, 야외 구조물·천막 긴급 점검 | [야간] 조명 확보 및 시야 불량 구역 안전선 설치, 야간 순찰 강화",기상특보 발령 또는 밀도 > 0.6 시 주의 단계 상향,전망대 — 고소 추락·현기증 위험
F03,전망대,여유,강풍|야간|우천|폭염|한파,5,0.0753,주의,🟡,0.0606,0.9457,0.0017,0.0526,예방 모니터 1명 + 대기 요원 1명,"구급함, 무전기, 음용수, 그늘막","예방 순찰 30분 간격 강화 | 응급 대응 장비 위치·작동 상태 점검 | 고위험 방문객 (노약자·어린이·임산부) 적극 모니터링 | 기상 변화·밀도 실시간 확인 | 대기 인력 현장 근접 배치 | [폭염] 그늘·음용수 추가 배치, 열사병 집중 모니터링, 피크타임 야외 자제 권고 | [우천] 미끄러짐 주의 안내, 낙뢰 위험 시설 대피, 우천 장비 점검 | [한파] 저체온증 위험 모니터링, 실내 대피 공간 운영, 동상 응급처치 키트 배치 | [강풍] 낙하물 위험 구역 통제, 야외 구조물·천막 긴급 점검 | [야간] 조명 확보 및 시야 불량 구역 안전선 설치, 야간 순찰 강화",이상 징후(쓰러짐·발열·외상) 발견 즉시 위험 단계 상향,전망대 — 고소 추락·현기증 위험
F03,전망대,여유,강풍|우천|폭염|피크타임|한파,5,0.0952,주의,🟡,0.0606,0.5052,0.0506,0.4442,예방 모니터 1명 + 대기 요원 1명,"구급함, 무전기, 음용수, 그늘막","예방 순찰 30분 간격 강화 | 응급 대응 장비 위치·작동 상태 점검 | 고위험 방문객 (노약자·어린이·임산부) 적극 모니터링 | 기상 변화·밀도 실시간 확인 | 대기 인력 현장 근접 배치 | [폭염] 그늘·음용수 추가 배치, 열사병 집중 모니터링, 피크타임 야외 자제 권고 | [우천] 미끄러짐 주의 안내, 낙뢰 위험 시설 대피, 우천 장비 점검 | [한파] 저체온증 위험 모니터링, 실내 대피 공간 운영, 동상 응급처치 키트 배치 | [강풍] 낙하물 위험 구역 통제, 야외 구조물·천막 긴급 점검",이상 징후(쓰러짐·발열·외상) 발견 즉시 위험 단계 상향,전망대 — 고소 추락·현기증 위험
F03,전망대,여유,야간|우천|폭염|피크타임|한파,5,0.0753,주의,🟡,0.0606,0.9457,0.0017,0.0526,예방 모니터 1명 + 대기 요원 1명,"구급함, 무전기, 음용수, 그늘막","예방 순찰 30분 간격 강화 | 응급 대응 장비 위치·작동 상태 점검 | 고위험 방문객 (노약자·어린이·임산부) 적극 모니터링 | 기상 변화·밀도 실시간 확인 | 대기 인력 현장 근접 배치 | [폭염] 그늘·음용수 추가 배치, 열사병 집중 모니터링, 피크타임 야외 자제 권고 | [우천] 미끄러짐 주의 안내, 낙뢰 위험 시설 대피, 우천 장비 점검 | [한파] 저체온증 위험 모니터링, 실내 대피 공간 운영, 동상 응급처치 키트 배치 | [야간] 조명 확보 및 시야 불량 구역 안전선 설치, 야간 순찰 강화",이상 징후(쓰러짐·발열·외상) 발견 즉시 위험 단계 상향,전망대 — 고소 추락·현기증 위험
F03,전망대,여유,강풍|야간|우천|폭염|피크타임,5,0.0753,주의,🟡,0.0606,0.9457,0.0017,0.0526,예방 모니터 1명 + 대기 요원 1명,"구급함, 무전기, 음용수, 그늘막","예방 순찰 30분 간격 강화 | 응급 대응 장비 위치·작동 상태 점검 | 고위험 방문객 (노약자·어린이·임산부) 적극 모니터링 | 기상 변화·밀도 실시간 확인 | 대기 인력 현장 근접 배치 | [폭염] 그늘·음용수 추가 배치, 열사병 집중 모니터링, 피크타임 야외 자제 권고 | [우천] 미끄러짐 주의 안내, 낙뢰 위험 시설 대피, 우천 장비 점검 | [강풍] 낙하물 위험 구역 통제, 야외 구조물·천막 긴급 점검 | [야간] 조명 확보 및 시야 불량 구역 안전선 설치, 야간 순찰 강화",이상 징후(쓰러짐·발열·외상) 발견 즉시 위험 단계 상향,전망대 — 고소 추락·현기증 위험
F03,전망대,여유,강풍|야간|폭염|피크타임|한파,5,0.0765,주의,🟡,0.0606,0.9196,0.0057,0.0747,예방 모니터 1명 + 대기 요원 1명,"구급함, 무전기, 음용수, 그늘막","예방 순찰 30분 간격 강화 | 응급 대응 장비 위치·작동 상태 점검 | 고위험 방문객 (노약자·어린이·임산부) 적극 모니터링 | 기상 변화·밀도 실시간 확인 | 대기 인력 현장 근접 배치 | [폭염] 그늘·음용수 추가 배치, 열사병 집중 모니터링, 피크타임 야외 자제 권고 | [한파] 저체온증 위험 모니터링, 실내 대피 공간 운영, 동상 응급처치 키트 배치 | [강풍] 낙하물 위험 구역 통제, 야외 구조물·천막 긴급 점검 | [야간] 조명 확보 및 시야 불량 구역 안전선 설치, 야간 순찰 강화",이상 징후(쓰러짐·발열·외상) 발견 즉시 위험 단계 상향,전망대 — 고소 추락·현기증 위험
F03,전망대,여유,강풍|야간|우천|피크타임|한파,5,0.0815,주의,🟡,0.0606,0.7682,0.0801,0.1517,예방 모니터 1명 + 대기 요원 1명,"구급함, 무전기, 음용수, 그늘막","예방 순찰 30분 간격 강화 | 응급 대응 장비 위치·작동 상태 점검 | 고위험 방문객 (노약자·어린이·임산부) 적극 모니터링 | 기상 변화·밀도 실시간 확인 | 대기 인력 현장 근접 배치 | [우천] 미끄러짐 주의 안내, 낙뢰 위험 시설 대피, 우천 장비 점검 | [한파] 저체온증 위험 모니터링, 실내 대피 공간 운영, 동상 응급처치 키트 배치 | [강풍] 낙하물 위험 구역 통제, 야외 구조물·천막 긴급 점검 | [야간] 조명 확보 및 시야 불량 구역 안전선 설치, 야간 순찰 강화",이상 징후(쓰러짐·발열·외상) 발견 즉시 위험 단계 상향,전망대 — 고소 추락·현기증 위험
F03,전망대,여유,강풍|야간|우천|폭염|피크타임|한파,6,0.0753,주의,🟡,0.0606,0.9457,0.0017,0.0526,예방 모니터 1명 + 대기 요원 1명,"구급함, 무전기, 음용수, 그늘막","예방 순찰 30분 간격 강화 | 응급 대응 장비 위치·작동 상태 점검 | 고위험 방문객 (노약자·어린이·임산부) 적극 모니터링 | 기상 변화·밀도 실시간 확인 | 대기 인력 현장 근접 배치 | [폭염] 그늘·음용수 추가 배치, 열사병 집중 모니터링, 피크타임 야외 자제 권고 | [우천] 미끄러짐 주의 안내, 낙뢰 위험 시설 대피, 우천 장비 점검 | [한파] 저체온증 위험 모니터링, 실내 대피 공간 운영, 동상 응급처치 키트 배치 | [강풍] 낙하물 위험 구역 통제, 야외 구조물·천막 긴급 점검 | [야간] 조명 확보 및 시야 불량 구역 안전선 설치, 야간 순찰 강화",이상 징후(쓰러짐·발열·외상) 발견 즉시 위험 단계 상향,전망대 — 고소 추락·현기증 위험
F03,전망대,보통,없음,0,0.0896,주의,🟡,0.0606,0.0851,0.9073,0.0076,예방 모니터 1명 + 대기 요원 1명,"구급함, 무전기, 음용수, 그늘막",예방 순찰 30분 간격 강화 | 응급 대응 장비 위치·작동 상태 점검 | 고위험 방문객 (노약자·어린이·임산부) 적극 모니터링 | 기상 변화·밀도 실시간 확인 | 대기 인력 현장 근접 배치,이상 징후(쓰러짐·발열·외상) 발견 즉시 위험 단계 상향,전망대 — 고소 추락·현기증 위험
F03,전망대,보통,폭염,1,0.1426,주의,🟡,0.1058,0.6259,0.3036,0.0705,예방 모니터 1명 + 대기 요원 1명,"구급함, 무전기, 음용수, 그늘막","예방 순찰 30분 간격 강화 | 응급 대응 장비 위치·작동 상태 점검 | 고위험 방문객 (노약자·어린이·임산부) 적극 모니터링 | 기상 변화·밀도 실시간 확인 | 대기 인력 현장 근접 배치 | [폭염] 그늘·음용수 추가 배치, 열사병 집중 모니터링, 피크타임 야외 자제 권고",이상 징후(쓰러짐·발열·외상) 발견 즉시 위험 단계 상향,전망대 — 고소 추락·현기증 위험
F03,전망대,보통,우천,1,0.1073,주의,🟡,0.0606,0.1216,0.2653,0.6131,예방 모니터 1명 + 대기 요원 1명,"구급함, 무전기, 음용수, 그늘막","예방 순찰 30분 간격 강화 | 응급 대응 장비 위치·작동 상태 점검 | 고위험 방문객 (노약자·어린이·임산부) 적극 모니터링 | 기상 변화·밀도 실시간 확인 | 대기 인력 현장 근접 배치 | [우천] 미끄러짐 주의 안내, 낙뢰 위험 시설 대피, 우천 장비 점검",이상 징후(쓰러짐·발열·외상) 발견 즉시 위험 단계 상향,전망대 — 고소 추락·현기증 위험
F03,전망대,보통,한파,1,0.0506,관찰,🔵,0.0336,0.1194,0.7944,0.0862,순찰 요원 1명,"구급함, 무전기","일반 안전 순찰 60분 간격 유지 | 기상특보·예보 확인 | 방문객 밀도 추이 모니터링 | 비상 연락망 점검 | [한파] 저체온증 위험 모니터링, 실내 대피 공간 운영, 동상 응급처치 키트 배치",기상특보 발령 또는 밀도 > 0.6 시 주의 단계 상향,전망대 — 고소 추락·현기증 위험
F03,전망대,보통,강풍,1,0.0821,주의,🟡,0.0606,0.5166,0.4653,0.0181,예방 모니터 1명 + 대기 요원 1명,"구급함, 무전기, 음용수, 그늘막","예방 순찰 30분 간격 강화 | 응급 대응 장비 위치·작동 상태 점검 | 고위험 방문객 (노약자·어린이·임산부) 적극 모니터링 | 기상 변화·밀도 실시간 확인 | 대기 인력 현장 근접 배치 | [강풍] 낙하물 위험 구역 통제, 야외 구조물·천막 긴급 점검",이상 징후(쓰러짐·발열·외상) 발견 즉시 위험 단계 상향,전망대 — 고소 추락·현기증 위험
F03,전망대,보통,야간,1,0.088,주의,🟡,0.0606,0.1907,0.79,0.0193,예방 모니터 1명 + 대기 요원 1명,"구급함, 무전기, 음용수, 그늘막","예방 순찰 30분 간격 강화 | 응급 대응 장비 위치·작동 상태 점검 | 고위험 방문객 (노약자·어린이·임산부) 적극 모니터링 | 기상 변화·밀도 실시간 확인 | 대기 인력 현장 근접 배치 | [야간] 조명 확보 및 시야 불량 구역 안전선 설치, 야간 순찰 강화",이상 징후(쓰러짐·발열·외상) 발견 즉시 위험 단계 상향,전망대 — 고소 추락·현기증 위험
F03,전망대,보통,피크타임,1,0.0846,주의,🟡,0.0606,0.3884,0.5869,0.0247,예방 모니터 1명 + 대기 요원 1명,"구급함, 무전기, 음용수, 그늘막",예방 순찰 30분 간격 강화 | 응급 대응 장비 위치·작동 상태 점검 | 고위험 방문객 (노약자·어린이·임산부) 적극 모니터링 | 기상 변화·밀도 실시간 확인 | 대기 인력 현장 근접 배치,이상 징후(쓰러짐·발열·외상) 발견 즉시 위험 단계 상향,전망대 — 고소 추락·현기증 위험
F03,전망대,보통,우천|폭염,2,0.1841,위험,🔴,0.1058,0.261,0.1025,0.6364,대응팀장 1명 + 응급처치 요원 2명 이상,"AED, 들것, 응급의약품, 무전기, 안전펜스","응급 대응팀 즉시 현장 파견 | 응급 장비 준비 (AED, 들것, 응급의약품 키트) | 방문객 안전구역 유도 및 해당 시설 일시 폐쇄 검토 | 119 사전 연락 및 대기 지시 | 관리자·시설장 즉시 보고 | [폭염] 그늘·음용수 추가 배치, 열사병 집중 모니터링, 피크타임 야외 자제 권고 | [우천] 미끄러짐 주의 안내, 낙뢰 위험 시설 대피, 우천 장비 점검",P(중증) > 0.30 → 119 즉시 출동 요청 / 의식 불명 → 헬기 이송 검토,전망대 — 고소 추락·현기증 위험
F03,전망대,보통,폭염|한파,2,0.1426,주의,🟡,0.1058,0.6259,0.3036,0.0705,예방 모니터 1명 + 대기 요원 1명,"구급함, 무전기, 음용수, 그늘막","예방 순찰 30분 간격 강화 | 응급 대응 장비 위치·작동 상태 점검 | 고위험 방문객 (노약자·어린이·임산부) 적극 모니터링 | 기상 변화·밀도 실시간 확인 | 대기 인력 현장 근접 배치 | [폭염] 그늘·음용수 추가 배치, 열사병 집중 모니터링, 피크타임 야외 자제 권고 | [한파] 저체온증 위험 모니터링, 실내 대피 공간 운영, 동상 응급처치 키트 배치",이상 징후(쓰러짐·발열·외상) 발견 즉시 위험 단계 상향,전망대 — 고소 추락·현기증 위험
F03,전망대,보통,강풍|폭염,2,0.1426,주의,🟡,0.1058,0.6259,0.3036,0.0705,예방 모니터 1명 + 대기 요원 1명,"구급함, 무전기, 음용수, 그늘막","예방 순찰 30분 간격 강화 | 응급 대응 장비 위치·작동 상태 점검 | 고위험 방문객 (노약자·어린이·임산부) 적극 모니터링 | 기상 변화·밀도 실시간 확인 | 대기 인력 현장 근접 배치 | [폭염] 그늘·음용수 추가 배치, 열사병 집중 모니터링, 피크타임 야외 자제 권고 | [강풍] 낙하물 위험 구역 통제, 야외 구조물·천막 긴급 점검",이상 징후(쓰러짐·발열·외상) 발견 즉시 위험 단계 상향,전망대 — 고소 추락·현기증 위험
F03,전망대,보통,야간|폭염,2,0.1323,주의,🟡,0.1058,0.9033,0.054,0.0427,예방 모니터 1명 + 대기 요원 1명,"구급함, 무전기, 음용수, 그늘막","예방 순찰 30분 간격 강화 | 응급 대응 장비 위치·작동 상태 점검 | 고위험 방문객 (노약자·어린이·임산부) 적극 모니터링 | 기상 변화·밀도 실시간 확인 | 대기 인력 현장 근접 배치 | [폭염] 그늘·음용수 추가 배치, 열사병 집중 모니터링, 피크타임 야외 자제 권고 | [야간] 조명 확보 및 시야 불량 구역 안전선 설치, 야간 순찰 강화",이상 징후(쓰러짐·발열·외상) 발견 즉시 위험 단계 상향,전망대 — 고소 추락·현기증 위험
F03,전망대,보통,폭염|피크타임,2,0.1397,주의,🟡,0.1058,0.6977,0.2439,0.0585,예방 모니터 1명 + 대기 요원 1명,"구급함, 무전기, 음용수, 그늘막","예방 순찰 30분 간격 강화 | 응급 대응 장비 위치·작동 상태 점검 | 고위험 방문객 (노약자·어린이·임산부) 적극 모니터링 | 기상 변화·밀도 실시간 확인 | 대기 인력 현장 근접 배치 | [폭염] 그늘·음용수 추가 배치, 열사병 집중 모니터링, 피크타임 야외 자제 권고",이상 징후(쓰러짐·발열·외상) 발견 즉시 위험 단계 상향,전망대 — 고소 추락·현기증 위험
F03,전망대,보통,우천|한파,2,0.1057,주의,🟡,0.0606,0.0801,0.3854,0.5345,예방 모니터 1명 + 대기 요원 1명,"구급함, 무전기, 음용수, 그늘막","예방 순찰 30분 간격 강화 | 응급 대응 장비 위치·작동 상태 점검 | 고위험 방문객 (노약자·어린이·임산부) 적극 모니터링 | 기상 변화·밀도 실시간 확인 | 대기 인력 현장 근접 배치 | [우천] 미끄러짐 주의 안내, 낙뢰 위험 시설 대피, 우천 장비 점검 | [한파] 저체온증 위험 모니터링, 실내 대피 공간 운영, 동상 응급처치 키트 배치",이상 징후(쓰러짐·발열·외상) 발견 즉시 위험 단계 상향,전망대 — 고소 추락·현기증 위험
F03,전망대,보통,강풍|우천,2,0.0962,주의,🟡,0.0606,0.2944,0.354,0.3516,예방 모니터 1명 + 대기 요원 1명,"구급함, 무전기, 음용수, 그늘막","예방 순찰 30분 간격 강화 | 응급 대응 장비 위치·작동 상태 점검 | 고위험 방문객 (노약자·어린이·임산부) 적극 모니터링 | 기상 변화·밀도 실시간 확인 | 대기 인력 현장 근접 배치 | [우천] 미끄러짐 주의 안내, 낙뢰 위험 시설 대피, 우천 장비 점검 | [강풍] 낙하물 위험 구역 통제, 야외 구조물·천막 긴급 점검",이상 징후(쓰러짐·발열·외상) 발견 즉시 위험 단계 상향,전망대 — 고소 추락·현기증 위험
F03,전망대,보통,야간|우천,2,0.1056,주의,🟡,0.0606,0.2308,0.1458,0.6234,예방 모니터 1명 + 대기 요원 1명,"구급함, 무전기, 음용수, 그늘막","예방 순찰 30분 간격 강화 | 응급 대응 장비 위치·작동 상태 점검 | 고위험 방문객 (노약자·어린이·임산부) 적극 모니터링 | 기상 변화·밀도 실시간 확인 | 대기 인력 현장 근접 배치 | [우천] 미끄러짐 주의 안내, 낙뢰 위험 시설 대피, 우천 장비 점검 | [야간] 조명 확보 및 시야 불량 구역 안전선 설치, 야간 순찰 강화",이상 징후(쓰러짐·발열·외상) 발견 즉시 위험 단계 상향,전망대 — 고소 추락·현기증 위험
F03,전망대,보통,우천|피크타임,2,0.1096,주의,🟡,0.0606,0.1734,0.1056,0.7209,예방 모니터 1명 + 대기 요원 1명,"구급함, 무전기, 음용수, 그늘막","예방 순찰 30분 간격 강화 | 응급 대응 장비 위치·작동 상태 점검 | 고위험 방문객 (노약자·어린이·임산부) 적극 모니터링 | 기상 변화·밀도 실시간 확인 | 대기 인력 현장 근접 배치 | [우천] 미끄러짐 주의 안내, 낙뢰 위험 시설 대피, 우천 장비 점검",이상 징후(쓰러짐·발열·외상) 발견 즉시 위험 단계 상향,전망대 — 고소 추락·현기증 위험
F03,전망대,보통,강풍|한파,2,0.0506,관찰,🔵,0.0336,0.1194,0.7944,0.0862,순찰 요원 1명,"구급함, 무전기","일반 안전 순찰 60분 간격 유지 | 기상특보·예보 확인 | 방문객 밀도 추이 모니터링 | 비상 연락망 점검 | [한파] 저체온증 위험 모니터링, 실내 대피 공간 운영, 동상 응급처치 키트 배치 | [강풍] 낙하물 위험 구역 통제, 야외 구조물·천막 긴급 점검",기상특보 발령 또는 밀도 > 0.6 시 주의 단계 상향,전망대 — 고소 추락·현기증 위험
F03,전망대,보통,야간|한파,2,0.0477,관찰,🔵,0.0336,0.3372,0.6194,0.0434,순찰 요원 1명,"구급함, 무전기","일반 안전 순찰 60분 간격 유지 | 기상특보·예보 확인 | 방문객 밀도 추이 모니터링 | 비상 연락망 점검 | [한파] 저체온증 위험 모니터링, 실내 대피 공간 운영, 동상 응급처치 키트 배치 | [야간] 조명 확보 및 시야 불량 구역 안전선 설치, 야간 순찰 강화",기상특보 발령 또는 밀도 > 0.6 시 주의 단계 상향,전망대 — 고소 추락·현기증 위험
F03,전망대,보통,피크타임|한파,2,0.05,관찰,🔵,0.0336,0.1594,0.7652,0.0754,순찰 요원 1명,"구급함, 무전기","일반 안전 순찰 60분 간격 유지 | 기상특보·예보 확인 | 방문객 밀도 추이 모니터링 | 비상 연락망 점검 | [한파] 저체온증 위험 모니터링, 실내 대피 공간 운영, 동상 응급처치 키트 배치",기상특보 발령 또는 밀도 > 0.6 시 주의 단계 상향,전망대 — 고소 추락·현기증 위험
F03,전망대,보통,강풍|야간,2,0.0786,주의,🟡,0.0606,0.6797,0.3173,0.003,예방 모니터 1명 + 대기 요원 1명,"구급함, 무전기, 음용수, 그늘막","예방 순찰 30분 간격 강화 | 응급 대응 장비 위치·작동 상태 점검 | 고위험 방문객 (노약자·어린이·임산부) 적극 모니터링 | 기상 변화·밀도 실시간 확인 | 대기 인력 현장 근접 배치 | [강풍] 낙하물 위험 구역 통제, 야외 구조물·천막 긴급 점검 | [야간] 조명 확보 및 시야 불량 구역 안전선 설치, 야간 순찰 강화",이상 징후(쓰러짐·발열·외상) 발견 즉시 위험 단계 상향,전망대 — 고소 추락·현기증 위험
F03,전망대,보통,강풍|피크타임,2,0.078,주의,🟡,0.0606,0.7384,0.2432,0.0184,예방 모니터 1명 + 대기 요원 1명,"구급함, 무전기, 음용수, 그늘막","예방 순찰 30분 간격 강화 | 응급 대응 장비 위치·작동 상태 점검 | 고위험 방문객 (노약자·어린이·임산부) 적극 모니터링 | 기상 변화·밀도 실시간 확인 | 대기 인력 현장 근접 배치 | [강풍] 낙하물 위험 구역 통제, 야외 구조물·천막 긴급 점검",이상 징후(쓰러짐·발열·외상) 발견 즉시 위험 단계 상향,전망대 — 고소 추락·현기증 위험
F03,전망대,보통,야간|피크타임,2,0.088,주의,🟡,0.0606,0.1907,0.79,0.0193,예방 모니터 1명 + 대기 요원 1명,"구급함, 무전기, 음용수, 그늘막","예방 순찰 30분 간격 강화 | 응급 대응 장비 위치·작동 상태 점검 | 고위험 방문객 (노약자·어린이·임산부) 적극 모니터링 | 기상 변화·밀도 실시간 확인 | 대기 인력 현장 근접 배치 | [야간] 조명 확보 및 시야 불량 구역 안전선 설치, 야간 순찰 강화",이상 징후(쓰러짐·발열·외상) 발견 즉시 위험 단계 상향,전망대 — 고소 추락·현기증 위험
F03,전망대,보통,우천|폭염|한파,3,0.1841,위험,🔴,0.1058,0.261,0.1025,0.6364,대응팀장 1명 + 응급처치 요원 2명 이상,"AED, 들것, 응급의약품, 무전기, 안전펜스","응급 대응팀 즉시 현장 파견 | 응급 장비 준비 (AED, 들것, 응급의약품 키트) | 방문객 안전구역 유도 및 해당 시설 일시 폐쇄 검토 | 119 사전 연락 및 대기 지시 | 관리자·시설장 즉시 보고 | [폭염] 그늘·음용수 추가 배치, 열사병 집중 모니터링, 피크타임 야외 자제 권고 | [우천] 미끄러짐 주의 안내, 낙뢰 위험 시설 대피, 우천 장비 점검 | [한파] 저체온증 위험 모니터링, 실내 대피 공간 운영, 동상 응급처치 키트 배치",P(중증) > 0.30 → 119 즉시 출동 요청 / 의식 불명 → 헬기 이송 검토,전망대 — 고소 추락·현기증 위험
F03,전망대,보통,강풍|우천|폭염,3,0.1841,위험,🔴,0.1058,0.261,0.1025,0.6364,대응팀장 1명 + 응급처치 요원 2명 이상,"AED, 들것, 응급의약품, 무전기, 안전펜스","응급 대응팀 즉시 현장 파견 | 응급 장비 준비 (AED, 들것, 응급의약품 키트) | 방문객 안전구역 유도 및 해당 시설 일시 폐쇄 검토 | 119 사전 연락 및 대기 지시 | 관리자·시설장 즉시 보고 | [폭염] 그늘·음용수 추가 배치, 열사병 집중 모니터링, 피크타임 야외 자제 권고 | [우천] 미끄러짐 주의 안내, 낙뢰 위험 시설 대피, 우천 장비 점검 | [강풍] 낙하물 위험 구역 통제, 야외 구조물·천막 긴급 점검",P(중증) > 0.30 → 119 즉시 출동 요청 / 의식 불명 → 헬기 이송 검토,전망대 — 고소 추락·현기증 위험
F03,전망대,보통,야간|우천|폭염,3,0.1672,위험,🔴,0.1058,0.5114,0.0207,0.4679,대응팀장 1명 + 응급처치 요원 2명 이상,"AED, 들것, 응급의약품, 무전기, 안전펜스","응급 대응팀 즉시 현장 파견 | 응급 장비 준비 (AED, 들것, 응급의약품 키트) | 방문객 안전구역 유도 및 해당 시설 일시 폐쇄 검토 | 119 사전 연락 및 대기 지시 | 관리자·시설장 즉시 보고 | [폭염] 그늘·음용수 추가 배치, 열사병 집중 모니터링, 피크타임 야외 자제 권고 | [우천] 미끄러짐 주의 안내, 낙뢰 위험 시설 대피, 우천 장비 점검 | [야간] 조명 확보 및 시야 불량 구역 안전선 설치, 야간 순찰 강화",P(중증) > 0.30 → 119 즉시 출동 요청 / 의식 불명 → 헬기 이송 검토,전망대 — 고소 추락·현기증 위험
F03,전망대,보통,우천|폭염|피크타임,3,0.1818,위험,🔴,0.1058,0.2949,0.0919,0.6132,대응팀장 1명 + 응급처치 요원 2명 이상,"AED, 들것, 응급의약품, 무전기, 안전펜스","응급 대응팀 즉시 현장 파견 | 응급 장비 준비 (AED, 들것, 응급의약품 키트) | 방문객 안전구역 유도 및 해당 시설 일시 폐쇄 검토 | 119 사전 연락 및 대기 지시 | 관리자·시설장 즉시 보고 | [폭염] 그늘·음용수 추가 배치, 열사병 집중 모니터링, 피크타임 야외 자제 권고 | [우천] 미끄러짐 주의 안내, 낙뢰 위험 시설 대피, 우천 장비 점검",P(중증) > 0.30 → 119 즉시 출동 요청 / 의식 불명 → 헬기 이송 검토,전망대 — 고소 추락·현기증 위험
F03,전망대,보통,강풍|폭염|한파,3,0.1426,주의,🟡,0.1058,0.6259,0.3036,0.0705,예방 모니터 1명 + 대기 요원 1명,"구급함, 무전기, 음용수, 그늘막","예방 순찰 30분 간격 강화 | 응급 대응 장비 위치·작동 상태 점검 | 고위험 방문객 (노약자·어린이·임산부) 적극 모니터링 | 기상 변화·밀도 실시간 확인 | 대기 인력 현장 근접 배치 | [폭염] 그늘·음용수 추가 배치, 열사병 집중 모니터링, 피크타임 야외 자제 권고 | [한파] 저체온증 위험 모니터링, 실내 대피 공간 운영, 동상 응급처치 키트 배치 | [강풍] 낙하물 위험 구역 통제, 야외 구조물·천막 긴급 점검",이상 징후(쓰러짐·발열·외상) 발견 즉시 위험 단계 상향,전망대 — 고소 추락·현기증 위험
F03,전망대,보통,야간|폭염|한파,3,0.1323,주의,🟡,0.1058,0.9033,0.054,0.0427,예방 모니터 1명 + 대기 요원 1명,"구급함, 무전기, 음용수, 그늘막","예방 순찰 30분 간격 강화 | 응급 대응 장비 위치·작동 상태 점검 | 고위험 방문객 (노약자·어린이·임산부) 적극 모니터링 | 기상 변화·밀도 실시간 확인 | 대기 인력 현장 근접 배치 | [폭염] 그늘·음용수 추가 배치, 열사병 집중 모니터링, 피크타임 야외 자제 권고 | [한파] 저체온증 위험 모니터링, 실내 대피 공간 운영, 동상 응급처치 키트 배치 | [야간] 조명 확보 및 시야 불량 구역 안전선 설치, 야간 순찰 강화",이상 징후(쓰러짐·발열·외상) 발견 즉시 위험 단계 상향,전망대 — 고소 추락·현기증 위험
F03,전망대,보통,폭염|피크타임|한파,3,0.1397,주의,🟡,0.1058,0.6977,0.2439,0.0585,예방 모니터 1명 + 대기 요원 1명,"구급함, 무전기, 음용수, 그늘막","예방 순찰 30분 간격 강화 | 응급 대응 장비 위치·작동 상태 점검 | 고위험 방문객 (노약자·어린이·임산부) 적극 모니터링 | 기상 변화·밀도 실시간 확인 | 대기 인력 현장 근접 배치 | [폭염] 그늘·음용수 추가 배치, 열사병 집중 모니터링, 피크타임 야외 자제 권고 | [한파] 저체온증 위험 모니터링, 실내 대피 공간 운영, 동상 응급처치 키트 배치",이상 징후(쓰러짐·발열·외상) 발견 즉시 위험 단계 상향,전망대 — 고소 추락·현기증 위험
F03,전망대,보통,강풍|야간|폭염,3,0.1323,주의,🟡,0.1058,0.9033,0.054,0.0427,예방 모니터 1명 + 대기 요원 1명,"구급함, 무전기, 음용수, 그늘막","예방 순찰 30분 간격 강화 | 응급 대응 장비 위치·작동 상태 점검 | 고위험 방문객 (노약자·어린이·임산부) 적극 모니터링 | 기상 변화·밀도 실시간 확인 | 대기 인력 현장 근접 배치 | [폭염] 그늘·음용수 추가 배치, 열사병 집중 모니터링, 피크타임 야외 자제 권고 | [강풍] 낙하물 위험 구역 통제, 야외 구조물·천막 긴급 점검 | [야간] 조명 확보 및 시야 불량 구역 안전선 설치, 야간 순찰 강화",이상 징후(쓰러짐·발열·외상) 발견 즉시 위험 단계 상향,전망대 — 고소 추락·현기증 위험
F03,전망대,보통,강풍|폭염|피크타임,3,0.1397,주의,🟡,0.1058,0.6977,0.2439,0.0585,예방 모니터 1명 + 대기 요원 1명,"구급함, 무전기, 음용수, 그늘막","예방 순찰 30분 간격 강화 | 응급 대응 장비 위치·작동 상태 점검 | 고위험 방문객 (노약자·어린이·임산부) 적극 모니터링 | 기상 변화·밀도 실시간 확인 | 대기 인력 현장 근접 배치 | [폭염] 그늘·음용수 추가 배치, 열사병 집중 모니터링, 피크타임 야외 자제 권고 | [강풍] 낙하물 위험 구역 통제, 야외 구조물·천막 긴급 점검",이상 징후(쓰러짐·발열·외상) 발견 즉시 위험 단계 상향,전망대 — 고소 추락·현기증 위험
F03,전망대,보통,야간|폭염|피크타임,3,0.1323,주의,🟡,0.1058,0.9033,0.054,0.0427,예방 모니터 1명 + 대기 요원 1명,"구급함, 무전기, 음용수, 그늘막","예방 순찰 30분 간격 강화 | 응급 대응 장비 위치·작동 상태 점검 | 고위험 방문객 (노약자·어린이·임산부) 적극 모니터링 | 기상 변화·밀도 실시간 확인 | 대기 인력 현장 근접 배치 | [폭염] 그늘·음용수 추가 배치, 열사병 집중 모니터링, 피크타임 야외 자제 권고 | [야간] 조명 확보 및 시야 불량 구역 안전선 설치, 야간 순찰 강화",이상 징후(쓰러짐·발열·외상) 발견 즉시 위험 단계 상향,전망대 — 고소 추락·현기증 위험
F03,전망대,보통,강풍|우천|한파,3,0.1057,주의,🟡,0.0606,0.0801,0.3854,0.5345,예방 모니터 1명 + 대기 요원 1명,"구급함, 무전기, 음용수, 그늘막","예방 순찰 30분 간격 강화 | 응급 대응 장비 위치·작동 상태 점검 | 고위험 방문객 (노약자·어린이·임산부) 적극 모니터링 | 기상 변화·밀도 실시간 확인 | 대기 인력 현장 근접 배치 | [우천] 미끄러짐 주의 안내, 낙뢰 위험 시설 대피, 우천 장비 점검 | [한파] 저체온증 위험 모니터링, 실내 대피 공간 운영, 동상 응급처치 키트 배치 | [강풍] 낙하물 위험 구역 통제, 야외 구조물·천막 긴급 점검",이상 징후(쓰러짐·발열·외상) 발견 즉시 위험 단계 상향,전망대 — 고소 추락·현기증 위험
F03,전망대,보통,야간|우천|한파,3,0.0983,주의,🟡,0.0606,0.2932,0.2884,0.4184,예방 모니터 1명 + 대기 요원 1명,"구급함, 무전기, 음용수, 그늘막","예방 순찰 30분 간격 강화 | 응급 대응 장비 위치·작동 상태 점검 | 고위험 방문객 (노약자·어린이·임산부) 적극 모니터링 | 기상 변화·밀도 실시간 확인 | 대기 인력 현장 근접 배치 | [우천] 미끄러짐 주의 안내, 낙뢰 위험 시설 대피, 우천 장비 점검 | [한파] 저체온증 위험 모니터링, 실내 대피 공간 운영, 동상 응급처치 키트 배치 | [야간] 조명 확보 및 시야 불량 구역 안전선 설치, 야간 순찰 강화",이상 징후(쓰러짐·발열·외상) 발견 즉시 위험 단계 상향,전망대 — 고소 추락·현기증 위험
F03,전망대,보통,우천|피크타임|한파,3,0.1063,주의,🟡,0.0606,0.1175,0.3046,0.5779,예방 모니터 1명 + 대기 요원 1명,"구급함, 무전기, 음용수, 그늘막","예방 순찰 30분 간격 강화 | 응급 대응 장비 위치·작동 상태 점검 | 고위험 방문객 (노약자·어린이·임산부) 적극 모니터링 | 기상 변화·밀도 실시간 확인 | 대기 인력 현장 근접 배치 | [우천] 미끄러짐 주의 안내, 낙뢰 위험 시설 대피, 우천 장비 점검 | [한파] 저체온증 위험 모니터링, 실내 대피 공간 운영, 동상 응급처치 키트 배치",이상 징후(쓰러짐·발열·외상) 발견 즉시 위험 단계 상향,전망대 — 고소 추락·현기증 위험
F03,전망대,보통,강풍|야간|우천,3,0.0824,주의,🟡,0.0606,0.6507,0.2407,0.1086,예방 모니터 1명 + 대기 요원 1명,"구급함, 무전기, 음용수, 그늘막","예방 순찰 30분 간격 강화 | 응급 대응 장비 위치·작동 상태 점검 | 고위험 방문객 (노약자·어린이·임산부) 적극 모니터링 | 기상 변화·밀도 실시간 확인 | 대기 인력 현장 근접 배치 | [우천] 미끄러짐 주의 안내, 낙뢰 위험 시설 대피, 우천 장비 점검 | [강풍] 낙하물 위험 구역 통제, 야외 구조물·천막 긴급 점검 | [야간] 조명 확보 및 시야 불량 구역 안전선 설치, 야간 순찰 강화",이상 징후(쓰러짐·발열·외상) 발견 즉시 위험 단계 상향,전망대 — 고소 추락·현기증 위험
F03,전망대,보통,강풍|우천|피크타임,3,0.0955,주의,🟡,0.0606,0.4379,0.1478,0.4143,예방 모니터 1명 + 대기 요원 1명,"구급함, 무전기, 음용수, 그늘막","예방 순찰 30분 간격 강화 | 응급 대응 장비 위치·작동 상태 점검 | 고위험 방문객 (노약자·어린이·임산부) 적극 모니터링 | 기상 변화·밀도 실시간 확인 | 대기 인력 현장 근접 배치 | [우천] 미끄러짐 주의 안내, 낙뢰 위험 시설 대피, 우천 장비 점검 | [강풍] 낙하물 위험 구역 통제, 야외 구조물·천막 긴급 점검",이상 징후(쓰러짐·발열·외상) 발견 즉시 위험 단계 상향,전망대 — 고소 추락·현기증 위험
F03,전망대,보통,야간|우천|피크타임,3,0.1056,주의,🟡,0.0606,0.2308,0.1458,0.6234,예방 모니터 1명 + 대기 요원 1명,"구급함, 무전기, 음용수, 그늘막","예방 순찰 30분 간격 강화 | 응급 대응 장비 위치·작동 상태 점검 | 고위험 방문객 (노약자·어린이·임산부) 적극 모니터링 | 기상 변화·밀도 실시간 확인 | 대기 인력 현장 근접 배치 | [우천] 미끄러짐 주의 안내, 낙뢰 위험 시설 대피, 우천 장비 점검 | [야간] 조명 확보 및 시야 불량 구역 안전선 설치, 야간 순찰 강화",이상 징후(쓰러짐·발열·외상) 발견 즉시 위험 단계 상향,전망대 — 고소 추락·현기증 위험
F03,전망대,보통,강풍|야간|한파,3,0.0477,관찰,🔵,0.0336,0.3372,0.6194,0.0434,순찰 요원 1명,"구급함, 무전기","일반 안전 순찰 60분 간격 유지 | 기상특보·예보 확인 | 방문객 밀도 추이 모니터링 | 비상 연락망 점검 | [한파] 저체온증 위험 모니터링, 실내 대피 공간 운영, 동상 응급처치 키트 배치 | [강풍] 낙하물 위험 구역 통제, 야외 구조물·천막 긴급 점검 | [야간] 조명 확보 및 시야 불량 구역 안전선 설치, 야간 순찰 강화",기상특보 발령 또는 밀도 > 0.6 시 주의 단계 상향,전망대 — 고소 추락·현기증 위험
F03,전망대,보통,강풍|피크타임|한파,3,0.05,관찰,🔵,0.0336,0.1594,0.7652,0.0754,순찰 요원 1명,"구급함, 무전기","일반 안전 순찰 60분 간격 유지 | 기상특보·예보 확인 | 방문객 밀도 추이 모니터링 | 비상 연락망 점검 | [한파] 저체온증 위험 모니터링, 실내 대피 공간 운영, 동상 응급처치 키트 배치 | [강풍] 낙하물 위험 구역 통제, 야외 구조물·천막 긴급 점검",기상특보 발령 또는 밀도 > 0.6 시 주의 단계 상향,전망대 — 고소 추락·현기증 위험
F03,전망대,보통,야간|피크타임|한파,3,0.0477,관찰,🔵,0.0336,0.3372,0.6194,0.0434,순찰 요원 1명,"구급함, 무전기","일반 안전 순찰 60분 간격 유지 | 기상특보·예보 확인 | 방문객 밀도 추이 모니터링 | 비상 연락망 점검 | [한파] 저체온증 위험 모니터링, 실내 대피 공간 운영, 동상 응급처치 키트 배치 | [야간] 조명 확보 및 시야 불량 구역 안전선 설치, 야간 순찰 강화",기상특보 발령 또는 밀도 > 0.6 시 주의 단계 상향,전망대 — 고소 추락·현기증 위험
F03,전망대,보통,강풍|야간|피크타임,3,0.0786,주의,🟡,0.0606,0.6797,0.3173,0.003,예방 모니터 1명 + 대기 요원 1명,"구급함, 무전기, 음용수, 그늘막","예방 순찰 30분 간격 강화 | 응급 대응 장비 위치·작동 상태 점검 | 고위험 방문객 (노약자·어린이·임산부) 적극 모니터링 | 기상 변화·밀도 실시간 확인 | 대기 인력 현장 근접 배치 | [강풍] 낙하물 위험 구역 통제, 야외 구조물·천막 긴급 점검 | [야간] 조명 확보 및 시야 불량 구역 안전선 설치, 야간 순찰 강화",이상 징후(쓰러짐·발열·외상) 발견 즉시 위험 단계 상향,전망대 — 고소 추락·현기증 위험
F03,전망대,보통,강풍|우천|폭염|한파,4,0.1841,위험,🔴,0.1058,0.261,0.1025,0.6364,대응팀장 1명 + 응급처치 요원 2명 이상,"AED, 들것, 응급의약품, 무전기, 안전펜스","응급 대응팀 즉시 현장 파견 | 응급 장비 준비 (AED, 들것, 응급의약품 키트) | 방문객 안전구역 유도 및 해당 시설 일시 폐쇄 검토 | 119 사전 연락 및 대기 지시 | 관리자·시설장 즉시 보고 | [폭염] 그늘·음용수 추가 배치, 열사병 집중 모니터링, 피크타임 야외 자제 권고 | [우천] 미끄러짐 주의 안내, 낙뢰 위험 시설 대피, 우천 장비 점검 | [한파] 저체온증 위험 모니터링, 실내 대피 공간 운영, 동상 응급처치 키트 배치 | [강풍] 낙하물 위험 구역 통제, 야외 구조물·천막 긴급 점검",P(중증) > 0.30 → 119 즉시 출동 요청 / 의식 불명 → 헬기 이송 검토,전망대 — 고소 추락·현기증 위험
F03,전망대,보통,야간|우천|폭염|한파,4,0.1672,위험,🔴,0.1058,0.5114,0.0207,0.4679,대응팀장 1명 + 응급처치 요원 2명 이상,"AED, 들것, 응급의약품, 무전기, 안전펜스","응급 대응팀 즉시 현장 파견 | 응급 장비 준비 (AED, 들것, 응급의약품 키트) | 방문객 안전구역 유도 및 해당 시설 일시 폐쇄 검토 | 119 사전 연락 및 대기 지시 | 관리자·시설장 즉시 보고 | [폭염] 그늘·음용수 추가 배치, 열사병 집중 모니터링, 피크타임 야외 자제 권고 | [우천] 미끄러짐 주의 안내, 낙뢰 위험 시설 대피, 우천 장비 점검 | [한파] 저체온증 위험 모니터링, 실내 대피 공간 운영, 동상 응급처치 키트 배치 | [야간] 조명 확보 및 시야 불량 구역 안전선 설치, 야간 순찰 강화",P(중증) > 0.30 → 119 즉시 출동 요청 / 의식 불명 → 헬기 이송 검토,전망대 — 고소 추락·현기증 위험
F03,전망대,보통,우천|폭염|피크타임|한파,4,0.1818,위험,🔴,0.1058,0.2949,0.0919,0.6132,대응팀장 1명 + 응급처치 요원 2명 이상,"AED, 들것, 응급의약품, 무전기, 안전펜스","응급 대응팀 즉시 현장 파견 | 응급 장비 준비 (AED, 들것, 응급의약품 키트) | 방문객 안전구역 유도 및 해당 시설 일시 폐쇄 검토 | 119 사전 연락 및 대기 지시 | 관리자·시설장 즉시 보고 | [폭염] 그늘·음용수 추가 배치, 열사병 집중 모니터링, 피크타임 야외 자제 권고 | [우천] 미끄러짐 주의 안내, 낙뢰 위험 시설 대피, 우천 장비 점검 | [한파] 저체온증 위험 모니터링, 실내 대피 공간 운영, 동상 응급처치 키트 배치",P(중증) > 0.30 → 119 즉시 출동 요청 / 의식 불명 → 헬기 이송 검토,전망대 — 고소 추락·현기증 위험
F03,전망대,보통,강풍|야간|우천|폭염,4,0.1672,위험,🔴,0.1058,0.5114,0.0207,0.4679,대응팀장 1명 + 응급처치 요원 2명 이상,"AED, 들것, 응급의약품, 무전기, 안전펜스","응급 대응팀 즉시 현장 파견 | 응급 장비 준비 (AED, 들것, 응급의약품 키트) | 방문객 안전구역 유도 및 해당 시설 일시 폐쇄 검토 | 119 사전 연락 및 대기 지시 | 관리자·시설장 즉시 보고 | [폭염] 그늘·음용수 추가 배치, 열사병 집중 모니터링, 피크타임 야외 자제 권고 | [우천] 미끄러짐 주의 안내, 낙뢰 위험 시설 대피, 우천 장비 점검 | [강풍] 낙하물 위험 구역 통제, 야외 구조물·천막 긴급 점검 | [야간] 조명 확보 및 시야 불량 구역 안전선 설치, 야간 순찰 강화",P(중증) > 0.30 → 119 즉시 출동 요청 / 의식 불명 → 헬기 이송 검토,전망대 — 고소 추락·현기증 위험
F03,전망대,보통,강풍|우천|폭염|피크타임,4,0.1818,위험,🔴,0.1058,0.2949,0.0919,0.6132,대응팀장 1명 + 응급처치 요원 2명 이상,"AED, 들것, 응급의약품, 무전기, 안전펜스","응급 대응팀 즉시 현장 파견 | 응급 장비 준비 (AED, 들것, 응급의약품 키트) | 방문객 안전구역 유도 및 해당 시설 일시 폐쇄 검토 | 119 사전 연락 및 대기 지시 | 관리자·시설장 즉시 보고 | [폭염] 그늘·음용수 추가 배치, 열사병 집중 모니터링, 피크타임 야외 자제 권고 | [우천] 미끄러짐 주의 안내, 낙뢰 위험 시설 대피, 우천 장비 점검 | [강풍] 낙하물 위험 구역 통제, 야외 구조물·천막 긴급 점검",P(중증) > 0.30 → 119 즉시 출동 요청 / 의식 불명 → 헬기 이송 검토,전망대 — 고소 추락·현기증 위험
F03,전망대,보통,야간|우천|폭염|피크타임,4,0.1672,위험,🔴,0.1058,0.5114,0.0207,0.4679,대응팀장 1명 + 응급처치 요원 2명 이상,"AED, 들것, 응급의약품, 무전기, 안전펜스","응급 대응팀 즉시 현장 파견 | 응급 장비 준비 (AED, 들것, 응급의약품 키트) | 방문객 안전구역 유도 및 해당 시설 일시 폐쇄 검토 | 119 사전 연락 및 대기 지시 | 관리자·시설장 즉시 보고 | [폭염] 그늘·음용수 추가 배치, 열사병 집중 모니터링, 피크타임 야외 자제 권고 | [우천] 미끄러짐 주의 안내, 낙뢰 위험 시설 대피, 우천 장비 점검 | [야간] 조명 확보 및 시야 불량 구역 안전선 설치, 야간 순찰 강화",P(중증) > 0.30 → 119 즉시 출동 요청 / 의식 불명 → 헬기 이송 검토,전망대 — 고소 추락·현기증 위험
F03,전망대,보통,강풍|야간|폭염|한파,4,0.1323,주의,🟡,0.1058,0.9033,0.054,0.0427,예방 모니터 1명 + 대기 요원 1명,"구급함, 무전기, 음용수, 그늘막","예방 순찰 30분 간격 강화 | 응급 대응 장비 위치·작동 상태 점검 | 고위험 방문객 (노약자·어린이·임산부) 적극 모니터링 | 기상 변화·밀도 실시간 확인 | 대기 인력 현장 근접 배치 | [폭염] 그늘·음용수 추가 배치, 열사병 집중 모니터링, 피크타임 야외 자제 권고 | [한파] 저체온증 위험 모니터링, 실내 대피 공간 운영, 동상 응급처치 키트 배치 | [강풍] 낙하물 위험 구역 통제, 야외 구조물·천막 긴급 점검 | [야간] 조명 확보 및 시야 불량 구역 안전선 설치, 야간 순찰 강화",이상 징후(쓰러짐·발열·외상) 발견 즉시 위험 단계 상향,전망대 — 고소 추락·현기증 위험
F03,전망대,보통,강풍|폭염|피크타임|한파,4,0.1397,주의,🟡,0.1058,0.6977,0.2439,0.0585,예방 모니터 1명 + 대기 요원 1명,"구급함, 무전기, 음용수, 그늘막","예방 순찰 30분 간격 강화 | 응급 대응 장비 위치·작동 상태 점검 | 고위험 방문객 (노약자·어린이·임산부) 적극 모니터링 | 기상 변화·밀도 실시간 확인 | 대기 인력 현장 근접 배치 | [폭염] 그늘·음용수 추가 배치, 열사병 집중 모니터링, 피크타임 야외 자제 권고 | [한파] 저체온증 위험 모니터링, 실내 대피 공간 운영, 동상 응급처치 키트 배치 | [강풍] 낙하물 위험 구역 통제, 야외 구조물·천막 긴급 점검",이상 징후(쓰러짐·발열·외상) 발견 즉시 위험 단계 상향,전망대 — 고소 추락·현기증 위험
F03,전망대,보통,야간|폭염|피크타임|한파,4,0.1323,주의,🟡,0.1058,0.9033,0.054,0.0427,예방 모니터 1명 + 대기 요원 1명,"구급함, 무전기, 음용수, 그늘막","예방 순찰 30분 간격 강화 | 응급 대응 장비 위치·작동 상태 점검 | 고위험 방문객 (노약자·어린이·임산부) 적극 모니터링 | 기상 변화·밀도 실시간 확인 | 대기 인력 현장 근접 배치 | [폭염] 그늘·음용수 추가 배치, 열사병 집중 모니터링, 피크타임 야외 자제 권고 | [한파] 저체온증 위험 모니터링, 실내 대피 공간 운영, 동상 응급처치 키트 배치 | [야간] 조명 확보 및 시야 불량 구역 안전선 설치, 야간 순찰 강화",이상 징후(쓰러짐·발열·외상) 발견 즉시 위험 단계 상향,전망대 — 고소 추락·현기증 위험
F03,전망대,보통,강풍|야간|폭염|피크타임,4,0.1323,주의,🟡,0.1058,0.9033,0.054,0.0427,예방 모니터 1명 + 대기 요원 1명,"구급함, 무전기, 음용수, 그늘막","예방 순찰 30분 간격 강화 | 응급 대응 장비 위치·작동 상태 점검 | 고위험 방문객 (노약자·어린이·임산부) 적극 모니터링 | 기상 변화·밀도 실시간 확인 | 대기 인력 현장 근접 배치 | [폭염] 그늘·음용수 추가 배치, 열사병 집중 모니터링, 피크타임 야외 자제 권고 | [강풍] 낙하물 위험 구역 통제, 야외 구조물·천막 긴급 점검 | [야간] 조명 확보 및 시야 불량 구역 안전선 설치, 야간 순찰 강화",이상 징후(쓰러짐·발열·외상) 발견 즉시 위험 단계 상향,전망대 — 고소 추락·현기증 위험
F03,전망대,보통,강풍|야간|우천|한파,4,0.0983,주의,🟡,0.0606,0.2932,0.2884,0.4184,예방 모니터 1명 + 대기 요원 1명,"구급함, 무전기, 음용수, 그늘막","예방 순찰 30분 간격 강화 | 응급 대응 장비 위치·작동 상태 점검 | 고위험 방문객 (노약자·어린이·임산부) 적극 모니터링 | 기상 변화·밀도 실시간 확인 | 대기 인력 현장 근접 배치 | [우천] 미끄러짐 주의 안내, 낙뢰 위험 시설 대피, 우천 장비 점검 | [한파] 저체온증 위험 모니터링, 실내 대피 공간 운영, 동상 응급처치 키트 배치 | [강풍] 낙하물 위험 구역 통제, 야외 구조물·천막 긴급 점검 | [야간] 조명 확보 및 시야 불량 구역 안전선 설치, 야간 순찰 강화",이상 징후(쓰러짐·발열·외상) 발견 즉시 위험 단계 상향,전망대 — 고소 추락·현기증 위험
F03,전망대,보통,강풍|우천|피크타임|한파,4,0.1063,주의,🟡,0.0606,0.1175,0.3046,0.5779,예방 모니터 1명 + 대기 요원 1명,"구급함, 무전기, 음용수, 그늘막","예방 순찰 30분 간격 강화 | 응급 대응 장비 위치·작동 상태 점검 | 고위험 방문객 (노약자·어린이·임산부) 적극 모니터링 | 기상 변화·밀도 실시간 확인 | 대기 인력 현장 근접 배치 | [우천] 미끄러짐 주의 안내, 낙뢰 위험 시설 대피, 우천 장비 점검 | [한파] 저체온증 위험 모니터링, 실내 대피 공간 운영, 동상 응급처치 키트 배치 | [강풍] 낙하물 위험 구역 통제, 야외 구조물·천막 긴급 점검",이상 징후(쓰러짐·발열·외상) 발견 즉시 위험 단계 상향,전망대 — 고소 추락·현기증 위험
F03,전망대,보통,야간|우천|피크타임|한파,4,0.0983,주의,🟡,0.0606,0.2932,0.2884,0.4184,예방 모니터 1명 + 대기 요원 1명,"구급함, 무전기, 음용수, 그늘막","예방 순찰 30분 간격 강화 | 응급 대응 장비 위치·작동 상태 점검 | 고위험 방문객 (노약자·어린이·임산부) 적극 모니터링 | 기상 변화·밀도 실시간 확인 | 대기 인력 현장 근접 배치 | [우천] 미끄러짐 주의 안내, 낙뢰 위험 시설 대피, 우천 장비 점검 | [한파] 저체온증 위험 모니터링, 실내 대피 공간 운영, 동상 응급처치 키트 배치 | [야간] 조명 확보 및 시야 불량 구역 안전선 설치, 야간 순찰 강화",이상 징후(쓰러짐·발열·외상) 발견 즉시 위험 단계 상향,전망대 — 고소 추락·현기증 위험
F03,전망대,보통,강풍|야간|우천|피크타임,4,0.0824,주의,🟡,0.0606,0.6507,0.2407,0.1086,예방 모니터 1명 + 대기 요원 1명,"구급함, 무전기, 음용수, 그늘막","예방 순찰 30분 간격 강화 | 응급 대응 장비 위치·작동 상태 점검 | 고위험 방문객 (노약자·어린이·임산부) 적극 모니터링 | 기상 변화·밀도 실시간 확인 | 대기 인력 현장 근접 배치 | [우천] 미끄러짐 주의 안내, 낙뢰 위험 시설 대피, 우천 장비 점검 | [강풍] 낙하물 위험 구역 통제, 야외 구조물·천막 긴급 점검 | [야간] 조명 확보 및 시야 불량 구역 안전선 설치, 야간 순찰 강화",이상 징후(쓰러짐·발열·외상) 발견 즉시 위험 단계 상향,전망대 — 고소 추락·현기증 위험
F03,전망대,보통,강풍|야간|피크타임|한파,4,0.0477,관찰,🔵,0.0336,0.3372,0.6194,0.0434,순찰 요원 1명,"구급함, 무전기","일반 안전 순찰 60분 간격 유지 | 기상특보·예보 확인 | 방문객 밀도 추이 모니터링 | 비상 연락망 점검 | [한파] 저체온증 위험 모니터링, 실내 대피 공간 운영, 동상 응급처치 키트 배치 | [강풍] 낙하물 위험 구역 통제, 야외 구조물·천막 긴급 점검 | [야간] 조명 확보 및 시야 불량 구역 안전선 설치, 야간 순찰 강화",기상특보 발령 또는 밀도 > 0.6 시 주의 단계 상향,전망대 — 고소 추락·현기증 위험
F03,전망대,보통,강풍|야간|우천|폭염|한파,5,0.1672,위험,🔴,0.1058,0.5114,0.0207,0.4679,대응팀장 1명 + 응급처치 요원 2명 이상,"AED, 들것, 응급의약품, 무전기, 안전펜스","응급 대응팀 즉시 현장 파견 | 응급 장비 준비 (AED, 들것, 응급의약품 키트) | 방문객 안전구역 유도 및 해당 시설 일시 폐쇄 검토 | 119 사전 연락 및 대기 지시 | 관리자·시설장 즉시 보고 | [폭염] 그늘·음용수 추가 배치, 열사병 집중 모니터링, 피크타임 야외 자제 권고 | [우천] 미끄러짐 주의 안내, 낙뢰 위험 시설 대피, 우천 장비 점검 | [한파] 저체온증 위험 모니터링, 실내 대피 공간 운영, 동상 응급처치 키트 배치 | [강풍] 낙하물 위험 구역 통제, 야외 구조물·천막 긴급 점검 | [야간] 조명 확보 및 시야 불량 구역 안전선 설치, 야간 순찰 강화",P(중증) > 0.30 → 119 즉시 출동 요청 / 의식 불명 → 헬기 이송 검토,전망대 — 고소 추락·현기증 위험
F03,전망대,보통,강풍|우천|폭염|피크타임|한파,5,0.1818,위험,🔴,0.1058,0.2949,0.0919,0.6132,대응팀장 1명 + 응급처치 요원 2명 이상,"AED, 들것, 응급의약품, 무전기, 안전펜스","응급 대응팀 즉시 현장 파견 | 응급 장비 준비 (AED, 들것, 응급의약품 키트) | 방문객 안전구역 유도 및 해당 시설 일시 폐쇄 검토 | 119 사전 연락 및 대기 지시 | 관리자·시설장 즉시 보고 | [폭염] 그늘·음용수 추가 배치, 열사병 집중 모니터링, 피크타임 야외 자제 권고 | [우천] 미끄러짐 주의 안내, 낙뢰 위험 시설 대피, 우천 장비 점검 | [한파] 저체온증 위험 모니터링, 실내 대피 공간 운영, 동상 응급처치 키트 배치 | [강풍] 낙하물 위험 구역 통제, 야외 구조물·천막 긴급 점검",P(중증) > 0.30 → 119 즉시 출동 요청 / 의식 불명 → 헬기 이송 검토,전망대 — 고소 추락·현기증 위험
F03,전망대,보통,야간|우천|폭염|피크타임|한파,5,0.1672,위험,🔴,0.1058,0.5114,0.0207,0.4679,대응팀장 1명 + 응급처치 요원 2명 이상,"AED, 들것, 응급의약품, 무전기, 안전펜스","응급 대응팀 즉시 현장 파견 | 응급 장비 준비 (AED, 들것, 응급의약품 키트) | 방문객 안전구역 유도 및 해당 시설 일시 폐쇄 검토 | 119 사전 연락 및 대기 지시 | 관리자·시설장 즉시 보고 | [폭염] 그늘·음용수 추가 배치, 열사병 집중 모니터링, 피크타임 야외 자제 권고 | [우천] 미끄러짐 주의 안내, 낙뢰 위험 시설 대피, 우천 장비 점검 | [한파] 저체온증 위험 모니터링, 실내 대피 공간 운영, 동상 응급처치 키트 배치 | [야간] 조명 확보 및 시야 불량 구역 안전선 설치, 야간 순찰 강화",P(중증) > 0.30 → 119 즉시 출동 요청 / 의식 불명 → 헬기 이송 검토,전망대 — 고소 추락·현기증 위험
F03,전망대,보통,강풍|야간|우천|폭염|피크타임,5,0.1672,위험,🔴,0.1058,0.5114,0.0207,0.4679,대응팀장 1명 + 응급처치 요원 2명 이상,"AED, 들것, 응급의약품, 무전기, 안전펜스","응급 대응팀 즉시 현장 파견 | 응급 장비 준비 (AED, 들것, 응급의약품 키트) | 방문객 안전구역 유도 및 해당 시설 일시 폐쇄 검토 | 119 사전 연락 및 대기 지시 | 관리자·시설장 즉시 보고 | [폭염] 그늘·음용수 추가 배치, 열사병 집중 모니터링, 피크타임 야외 자제 권고 | [우천] 미끄러짐 주의 안내, 낙뢰 위험 시설 대피, 우천 장비 점검 | [강풍] 낙하물 위험 구역 통제, 야외 구조물·천막 긴급 점검 | [야간] 조명 확보 및 시야 불량 구역 안전선 설치, 야간 순찰 강화",P(중증) > 0.30 → 119 즉시 출동 요청 / 의식 불명 → 헬기 이송 검토,전망대 — 고소 추락·현기증 위험
F03,전망대,보통,강풍|야간|폭염|피크타임|한파,5,0.1323,주의,🟡,0.1058,0.9033,0.054,0.0427,예방 모니터 1명 + 대기 요원 1명,"구급함, 무전기, 음용수, 그늘막","예방 순찰 30분 간격 강화 | 응급 대응 장비 위치·작동 상태 점검 | 고위험 방문객 (노약자·어린이·임산부) 적극 모니터링 | 기상 변화·밀도 실시간 확인 | 대기 인력 현장 근접 배치 | [폭염] 그늘·음용수 추가 배치, 열사병 집중 모니터링, 피크타임 야외 자제 권고 | [한파] 저체온증 위험 모니터링, 실내 대피 공간 운영, 동상 응급처치 키트 배치 | [강풍] 낙하물 위험 구역 통제, 야외 구조물·천막 긴급 점검 | [야간] 조명 확보 및 시야 불량 구역 안전선 설치, 야간 순찰 강화",이상 징후(쓰러짐·발열·외상) 발견 즉시 위험 단계 상향,전망대 — 고소 추락·현기증 위험
F03,전망대,보통,강풍|야간|우천|피크타임|한파,5,0.0983,주의,🟡,0.0606,0.2932,0.2884,0.4184,예방 모니터 1명 + 대기 요원 1명,"구급함, 무전기, 음용수, 그늘막","예방 순찰 30분 간격 강화 | 응급 대응 장비 위치·작동 상태 점검 | 고위험 방문객 (노약자·어린이·임산부) 적극 모니터링 | 기상 변화·밀도 실시간 확인 | 대기 인력 현장 근접 배치 | [우천] 미끄러짐 주의 안내, 낙뢰 위험 시설 대피, 우천 장비 점검 | [한파] 저체온증 위험 모니터링, 실내 대피 공간 운영, 동상 응급처치 키트 배치 | [강풍] 낙하물 위험 구역 통제, 야외 구조물·천막 긴급 점검 | [야간] 조명 확보 및 시야 불량 구역 안전선 설치, 야간 순찰 강화",이상 징후(쓰러짐·발열·외상) 발견 즉시 위험 단계 상향,전망대 — 고소 추락·현기증 위험
F03,전망대,보통,강풍|야간|우천|폭염|피크타임|한파,6,0.1672,위험,🔴,0.1058,0.5114,0.0207,0.4679,대응팀장 1명 + 응급처치 요원 2명 이상,"AED, 들것, 응급의약품, 무전기, 안전펜스","응급 대응팀 즉시 현장 파견 | 응급 장비 준비 (AED, 들것, 응급의약품 키트) | 방문객 안전구역 유도 및 해당 시설 일시 폐쇄 검토 | 119 사전 연락 및 대기 지시 | 관리자·시설장 즉시 보고 | [폭염] 그늘·음용수 추가 배치, 열사병 집중 모니터링, 피크타임 야외 자제 권고 | [우천] 미끄러짐 주의 안내, 낙뢰 위험 시설 대피, 우천 장비 점검 | [한파] 저체온증 위험 모니터링, 실내 대피 공간 운영, 동상 응급처치 키트 배치 | [강풍] 낙하물 위험 구역 통제, 야외 구조물·천막 긴급 점검 | [야간] 조명 확보 및 시야 불량 구역 안전선 설치, 야간 순찰 강화",P(중증) > 0.30 → 119 즉시 출동 요청 / 의식 불명 → 헬기 이송 검토,전망대 — 고소 추락·현기증 위험
F03,전망대,혼잡,없음,0,0.1172,주의,🟡,0.0969,0.9671,0.0323,0.0005,예방 모니터 1명 + 대기 요원 1명,"구급함, 무전기, 음용수, 그늘막",예방 순찰 30분 간격 강화 | 응급 대응 장비 위치·작동 상태 점검 | 고위험 방문객 (노약자·어린이·임산부) 적극 모니터링 | 기상 변화·밀도 실시간 확인 | 대기 인력 현장 근접 배치,이상 징후(쓰러짐·발열·외상) 발견 즉시 위험 단계 상향,전망대 — 고소 추락·현기증 위험
F03,전망대,혼잡,폭염,1,0.1273,주의,🟡,0.1058,0.9926,0.0053,0.0021,예방 모니터 1명 + 대기 요원 1명,"구급함, 무전기, 음용수, 그늘막","예방 순찰 30분 간격 강화 | 응급 대응 장비 위치·작동 상태 점검 | 고위험 방문객 (노약자·어린이·임산부) 적극 모니터링 | 기상 변화·밀도 실시간 확인 | 대기 인력 현장 근접 배치 | [폭염] 그늘·음용수 추가 배치, 열사병 집중 모니터링, 피크타임 야외 자제 권고",이상 징후(쓰러짐·발열·외상) 발견 즉시 위험 단계 상향,전망대 — 고소 추락·현기증 위험
F03,전망대,혼잡,우천,1,0.1185,주의,🟡,0.0969,0.9311,0.0625,0.0065,예방 모니터 1명 + 대기 요원 1명,"구급함, 무전기, 음용수, 그늘막","예방 순찰 30분 간격 강화 | 응급 대응 장비 위치·작동 상태 점검 | 고위험 방문객 (노약자·어린이·임산부) 적극 모니터링 | 기상 변화·밀도 실시간 확인 | 대기 인력 현장 근접 배치 | [우천] 미끄러짐 주의 안내, 낙뢰 위험 시설 대피, 우천 장비 점검",이상 징후(쓰러짐·발열·외상) 발견 즉시 위험 단계 상향,전망대 — 고소 추락·현기증 위험
F03,전망대,혼잡,한파,1,0.1234,주의,🟡,0.0969,0.8452,0.0993,0.0555,예방 모니터 1명 + 대기 요원 1명,"구급함, 무전기, 음용수, 그늘막","예방 순찰 30분 간격 강화 | 응급 대응 장비 위치·작동 상태 점검 | 고위험 방문객 (노약자·어린이·임산부) 적극 모니터링 | 기상 변화·밀도 실시간 확인 | 대기 인력 현장 근접 배치 | [한파] 저체온증 위험 모니터링, 실내 대피 공간 운영, 동상 응급처치 키트 배치",이상 징후(쓰러짐·발열·외상) 발견 즉시 위험 단계 상향,전망대 — 고소 추락·현기증 위험
F03,전망대,혼잡,강풍,1,0.1201,주의,🟡,0.0969,0.8995,0.0816,0.019,예방 모니터 1명 + 대기 요원 1명,"구급함, 무전기, 음용수, 그늘막","예방 순찰 30분 간격 강화 | 응급 대응 장비 위치·작동 상태 점검 | 고위험 방문객 (노약자·어린이·임산부) 적극 모니터링 | 기상 변화·밀도 실시간 확인 | 대기 인력 현장 근접 배치 | [강풍] 낙하물 위험 구역 통제, 야외 구조물·천막 긴급 점검",이상 징후(쓰러짐·발열·외상) 발견 즉시 위험 단계 상향,전망대 — 고소 추락·현기증 위험
F03,전망대,혼잡,야간,1,0.13,주의,🟡,0.0969,0.5303,0.4678,0.0019,예방 모니터 1명 + 대기 요원 1명,"구급함, 무전기, 음용수, 그늘막","예방 순찰 30분 간격 강화 | 응급 대응 장비 위치·작동 상태 점검 | 고위험 방문객 (노약자·어린이·임산부) 적극 모니터링 | 기상 변화·밀도 실시간 확인 | 대기 인력 현장 근접 배치 | [야간] 조명 확보 및 시야 불량 구역 안전선 설치, 야간 순찰 강화",이상 징후(쓰러짐·발열·외상) 발견 즉시 위험 단계 상향,전망대 — 고소 추락·현기증 위험
F03,전망대,혼잡,피크타임,1,0.1163,주의,🟡,0.0969,0.998,0.0015,0.0005,예방 모니터 1명 + 대기 요원 1명,"구급함, 무전기, 음용수, 그늘막",예방 순찰 30분 간격 강화 | 응급 대응 장비 위치·작동 상태 점검 | 고위험 방문객 (노약자·어린이·임산부) 적극 모니터링 | 기상 변화·밀도 실시간 확인 | 대기 인력 현장 근접 배치,이상 징후(쓰러짐·발열·외상) 발견 즉시 위험 단계 상향,전망대 — 고소 추락·현기증 위험
F03,전망대,혼잡,우천|폭염,2,0.1283,주의,🟡,0.1058,0.981,0.0063,0.0127,예방 모니터 1명 + 대기 요원 1명,"구급함, 무전기, 음용수, 그늘막","예방 순찰 30분 간격 강화 | 응급 대응 장비 위치·작동 상태 점검 | 고위험 방문객 (노약자·어린이·임산부) 적극 모니터링 | 기상 변화·밀도 실시간 확인 | 대기 인력 현장 근접 배치 | [폭염] 그늘·음용수 추가 배치, 열사병 집중 모니터링, 피크타임 야외 자제 권고 | [우천] 미끄러짐 주의 안내, 낙뢰 위험 시설 대피, 우천 장비 점검",이상 징후(쓰러짐·발열·외상) 발견 즉시 위험 단계 상향,전망대 — 고소 추락·현기증 위험
F03,전망대,혼잡,폭염|한파,2,0.1273,주의,🟡,0.1058,0.9926,0.0053,0.0021,예방 모니터 1명 + 대기 요원 1명,"구급함, 무전기, 음용수, 그늘막","예방 순찰 30분 간격 강화 | 응급 대응 장비 위치·작동 상태 점검 | 고위험 방문객 (노약자·어린이·임산부) 적극 모니터링 | 기상 변화·밀도 실시간 확인 | 대기 인력 현장 근접 배치 | [폭염] 그늘·음용수 추가 배치, 열사병 집중 모니터링, 피크타임 야외 자제 권고 | [한파] 저체온증 위험 모니터링, 실내 대피 공간 운영, 동상 응급처치 키트 배치",이상 징후(쓰러짐·발열·외상) 발견 즉시 위험 단계 상향,전망대 — 고소 추락·현기증 위험
F03,전망대,혼잡,강풍|폭염,2,0.1273,주의,🟡,0.1058,0.9926,0.0053,0.0021,예방 모니터 1명 + 대기 요원 1명,"구급함, 무전기, 음용수, 그늘막","예방 순찰 30분 간격 강화 | 응급 대응 장비 위치·작동 상태 점검 | 고위험 방문객 (노약자·어린이·임산부) 적극 모니터링 | 기상 변화·밀도 실시간 확인 | 대기 인력 현장 근접 배치 | [폭염] 그늘·음용수 추가 배치, 열사병 집중 모니터링, 피크타임 야외 자제 권고 | [강풍] 낙하물 위험 구역 통제, 야외 구조물·천막 긴급 점검",이상 징후(쓰러짐·발열·외상) 발견 즉시 위험 단계 상향,전망대 — 고소 추락·현기증 위험
F03,전망대,혼잡,야간|폭염,2,0.1282,주의,🟡,0.1058,0.9682,0.0276,0.0042,예방 모니터 1명 + 대기 요원 1명,"구급함, 무전기, 음용수, 그늘막","예방 순찰 30분 간격 강화 | 응급 대응 장비 위치·작동 상태 점검 | 고위험 방문객 (노약자·어린이·임산부) 적극 모니터링 | 기상 변화·밀도 실시간 확인 | 대기 인력 현장 근접 배치 | [폭염] 그늘·음용수 추가 배치, 열사병 집중 모니터링, 피크타임 야외 자제 권고 | [야간] 조명 확보 및 시야 불량 구역 안전선 설치, 야간 순찰 강화",이상 징후(쓰러짐·발열·외상) 발견 즉시 위험 단계 상향,전망대 — 고소 추락·현기증 위험
F03,전망대,혼잡,폭염|피크타임,2,0.1272,주의,🟡,0.1058,0.9968,0.0016,0.0017,예방 모니터 1명 + 대기 요원 1명,"구급함, 무전기, 음용수, 그늘막","예방 순찰 30분 간격 강화 | 응급 대응 장비 위치·작동 상태 점검 | 고위험 방문객 (노약자·어린이·임산부) 적극 모니터링 | 기상 변화·밀도 실시간 확인 | 대기 인력 현장 근접 배치 | [폭염] 그늘·음용수 추가 배치, 열사병 집중 모니터링, 피크타임 야외 자제 권고",이상 징후(쓰러짐·발열·외상) 발견 즉시 위험 단계 상향,전망대 — 고소 추락·현기증 위험
F03,전망대,혼잡,우천|한파,2,0.1268,주의,🟡,0.0969,0.7865,0.1227,0.0908,예방 모니터 1명 + 대기 요원 1명,"구급함, 무전기, 음용수, 그늘막","예방 순찰 30분 간격 강화 | 응급 대응 장비 위치·작동 상태 점검 | 고위험 방문객 (노약자·어린이·임산부) 적극 모니터링 | 기상 변화·밀도 실시간 확인 | 대기 인력 현장 근접 배치 | [우천] 미끄러짐 주의 안내, 낙뢰 위험 시설 대피, 우천 장비 점검 | [한파] 저체온증 위험 모니터링, 실내 대피 공간 운영, 동상 응급처치 키트 배치",이상 징후(쓰러짐·발열·외상) 발견 즉시 위험 단계 상향,전망대 — 고소 추락·현기증 위험
F03,전망대,혼잡,강풍|우천,2,0.123,주의,🟡,0.0969,0.8427,0.112,0.0453,예방 모니터 1명 + 대기 요원 1명,"구급함, 무전기, 음용수, 그늘막","예방 순찰 30분 간격 강화 | 응급 대응 장비 위치·작동 상태 점검 | 고위험 방문객 (노약자·어린이·임산부) 적극 모니터링 | 기상 변화·밀도 실시간 확인 | 대기 인력 현장 근접 배치 | [우천] 미끄러짐 주의 안내, 낙뢰 위험 시설 대피, 우천 장비 점검 | [강풍] 낙하물 위험 구역 통제, 야외 구조물·천막 긴급 점검",이상 징후(쓰러짐·발열·외상) 발견 즉시 위험 단계 상향,전망대 — 고소 추락·현기증 위험
F03,전망대,혼잡,야간|우천,2,0.1261,주의,🟡,0.0969,0.6882,0.2957,0.0161,예방 모니터 1명 + 대기 요원 1명,"구급함, 무전기, 음용수, 그늘막","예방 순찰 30분 간격 강화 | 응급 대응 장비 위치·작동 상태 점검 | 고위험 방문객 (노약자·어린이·임산부) 적극 모니터링 | 기상 변화·밀도 실시간 확인 | 대기 인력 현장 근접 배치 | [우천] 미끄러짐 주의 안내, 낙뢰 위험 시설 대피, 우천 장비 점검 | [야간] 조명 확보 및 시야 불량 구역 안전선 설치, 야간 순찰 강화",이상 징후(쓰러짐·발열·외상) 발견 즉시 위험 단계 상향,전망대 — 고소 추락·현기증 위험
F03,전망대,혼잡,우천|피크타임,2,0.1169,주의,🟡,0.0969,0.9879,0.0049,0.0072,예방 모니터 1명 + 대기 요원 1명,"구급함, 무전기, 음용수, 그늘막","예방 순찰 30분 간격 강화 | 응급 대응 장비 위치·작동 상태 점검 | 고위험 방문객 (노약자·어린이·임산부) 적극 모니터링 | 기상 변화·밀도 실시간 확인 | 대기 인력 현장 근접 배치 | [우천] 미끄러짐 주의 안내, 낙뢰 위험 시설 대피, 우천 장비 점검",이상 징후(쓰러짐·발열·외상) 발견 즉시 위험 단계 상향,전망대 — 고소 추락·현기증 위험
F03,전망대,혼잡,강풍|한파,2,0.1234,주의,🟡,0.0969,0.8452,0.0993,0.0555,예방 모니터 1명 + 대기 요원 1명,"구급함, 무전기, 음용수, 그늘막","예방 순찰 30분 간격 강화 | 응급 대응 장비 위치·작동 상태 점검 | 고위험 방문객 (노약자·어린이·임산부) 적극 모니터링 | 기상 변화·밀도 실시간 확인 | 대기 인력 현장 근접 배치 | [한파] 저체온증 위험 모니터링, 실내 대피 공간 운영, 동상 응급처치 키트 배치 | [강풍] 낙하물 위험 구역 통제, 야외 구조물·천막 긴급 점검",이상 징후(쓰러짐·발열·외상) 발견 즉시 위험 단계 상향,전망대 — 고소 추락·현기증 위험
F03,전망대,혼잡,야간|한파,2,0.1296,주의,🟡,0.0969,0.6443,0.2932,0.0625,예방 모니터 1명 + 대기 요원 1명,"구급함, 무전기, 음용수, 그늘막","예방 순찰 30분 간격 강화 | 응급 대응 장비 위치·작동 상태 점검 | 고위험 방문객 (노약자·어린이·임산부) 적극 모니터링 | 기상 변화·밀도 실시간 확인 | 대기 인력 현장 근접 배치 | [한파] 저체온증 위험 모니터링, 실내 대피 공간 운영, 동상 응급처치 키트 배치 | [야간] 조명 확보 및 시야 불량 구역 안전선 설치, 야간 순찰 강화",이상 징후(쓰러짐·발열·외상) 발견 즉시 위험 단계 상향,전망대 — 고소 추락·현기증 위험
F03,전망대,혼잡,피크타임|한파,2,0.1213,주의,🟡,0.0969,0.9206,0.0222,0.0572,예방 모니터 1명 + 대기 요원 1명,"구급함, 무전기, 음용수, 그늘막","예방 순찰 30분 간격 강화 | 응급 대응 장비 위치·작동 상태 점검 | 고위험 방문객 (노약자·어린이·임산부) 적극 모니터링 | 기상 변화·밀도 실시간 확인 | 대기 인력 현장 근접 배치 | [한파] 저체온증 위험 모니터링, 실내 대피 공간 운영, 동상 응급처치 키트 배치",이상 징후(쓰러짐·발열·외상) 발견 즉시 위험 단계 상향,전망대 — 고소 추락·현기증 위험
F03,전망대,혼잡,강풍|야간,2,0.1265,주의,🟡,0.0969,0.6822,0.2966,0.0212,예방 모니터 1명 + 대기 요원 1명,"구급함, 무전기, 음용수, 그늘막","예방 순찰 30분 간격 강화 | 응급 대응 장비 위치·작동 상태 점검 | 고위험 방문객 (노약자·어린이·임산부) 적극 모니터링 | 기상 변화·밀도 실시간 확인 | 대기 인력 현장 근접 배치 | [강풍] 낙하물 위험 구역 통제, 야외 구조물·천막 긴급 점검 | [야간] 조명 확보 및 시야 불량 구역 안전선 설치, 야간 순찰 강화",이상 징후(쓰러짐·발열·외상) 발견 즉시 위험 단계 상향,전망대 — 고소 추락·현기증 위험
F03,전망대,혼잡,강풍|피크타임,2,0.1179,주의,🟡,0.0969,0.9751,0.0048,0.0202,예방 모니터 1명 + 대기 요원 1명,"구급함, 무전기, 음용수, 그늘막","예방 순찰 30분 간격 강화 | 응급 대응 장비 위치·작동 상태 점검 | 고위험 방문객 (노약자·어린이·임산부) 적극 모니터링 | 기상 변화·밀도 실시간 확인 | 대기 인력 현장 근접 배치 | [강풍] 낙하물 위험 구역 통제, 야외 구조물·천막 긴급 점검",이상 징후(쓰러짐·발열·외상) 발견 즉시 위험 단계 상향,전망대 — 고소 추락·현기증 위험
F03,전망대,혼잡,야간|피크타임,2,0.13,주의,🟡,0.0969,0.5303,0.4678,0.0019,예방 모니터 1명 + 대기 요원 1명,"구급함, 무전기, 음용수, 그늘막","예방 순찰 30분 간격 강화 | 응급 대응 장비 위치·작동 상태 점검 | 고위험 방문객 (노약자·어린이·임산부) 적극 모니터링 | 기상 변화·밀도 실시간 확인 | 대기 인력 현장 근접 배치 | [야간] 조명 확보 및 시야 불량 구역 안전선 설치, 야간 순찰 강화",이상 징후(쓰러짐·발열·외상) 발견 즉시 위험 단계 상향,전망대 — 고소 추락·현기증 위험
F03,전망대,혼잡,우천|폭염|한파,3,0.1283,주의,🟡,0.1058,0.981,0.0063,0.0127,예방 모니터 1명 + 대기 요원 1명,"구급함, 무전기, 음용수, 그늘막","예방 순찰 30분 간격 강화 | 응급 대응 장비 위치·작동 상태 점검 | 고위험 방문객 (노약자·어린이·임산부) 적극 모니터링 | 기상 변화·밀도 실시간 확인 | 대기 인력 현장 근접 배치 | [폭염] 그늘·음용수 추가 배치, 열사병 집중 모니터링, 피크타임 야외 자제 권고 | [우천] 미끄러짐 주의 안내, 낙뢰 위험 시설 대피, 우천 장비 점검 | [한파] 저체온증 위험 모니터링, 실내 대피 공간 운영, 동상 응급처치 키트 배치",이상 징후(쓰러짐·발열·외상) 발견 즉시 위험 단계 상향,전망대 — 고소 추락·현기증 위험
F03,전망대,혼잡,강풍|우천|폭염,3,0.1283,주의,🟡,0.1058,0.981,0.0063,0.0127,예방 모니터 1명 + 대기 요원 1명,"구급함, 무전기, 음용수, 그늘막","예방 순찰 30분 간격 강화 | 응급 대응 장비 위치·작동 상태 점검 | 고위험 방문객 (노약자·어린이·임산부) 적극 모니터링 | 기상 변화·밀도 실시간 확인 | 대기 인력 현장 근접 배치 | [폭염] 그늘·음용수 추가 배치, 열사병 집중 모니터링, 피크타임 야외 자제 권고 | [우천] 미끄러짐 주의 안내, 낙뢰 위험 시설 대피, 우천 장비 점검 | [강풍] 낙하물 위험 구역 통제, 야외 구조물·천막 긴급 점검",이상 징후(쓰러짐·발열·외상) 발견 즉시 위험 단계 상향,전망대 — 고소 추락·현기증 위험
F03,전망대,혼잡,야간|우천|폭염,3,0.1289,주의,🟡,0.1058,0.9638,0.0215,0.0147,예방 모니터 1명 + 대기 요원 1명,"구급함, 무전기, 음용수, 그늘막","예방 순찰 30분 간격 강화 | 응급 대응 장비 위치·작동 상태 점검 | 고위험 방문객 (노약자·어린이·임산부) 적극 모니터링 | 기상 변화·밀도 실시간 확인 | 대기 인력 현장 근접 배치 | [폭염] 그늘·음용수 추가 배치, 열사병 집중 모니터링, 피크타임 야외 자제 권고 | [우천] 미끄러짐 주의 안내, 낙뢰 위험 시설 대피, 우천 장비 점검 | [야간] 조명 확보 및 시야 불량 구역 안전선 설치, 야간 순찰 강화",이상 징후(쓰러짐·발열·외상) 발견 즉시 위험 단계 상향,전망대 — 고소 추락·현기증 위험
F03,전망대,혼잡,우천|폭염|피크타임,3,0.1278,주의,🟡,0.1058,0.9894,0.0019,0.0087,예방 모니터 1명 + 대기 요원 1명,"구급함, 무전기, 음용수, 그늘막","예방 순찰 30분 간격 강화 | 응급 대응 장비 위치·작동 상태 점검 | 고위험 방문객 (노약자·어린이·임산부) 적극 모니터링 | 기상 변화·밀도 실시간 확인 | 대기 인력 현장 근접 배치 | [폭염] 그늘·음용수 추가 배치, 열사병 집중 모니터링, 피크타임 야외 자제 권고 | [우천] 미끄러짐 주의 안내, 낙뢰 위험 시설 대피, 우천 장비 점검",이상 징후(쓰러짐·발열·외상) 발견 즉시 위험 단계 상향,전망대 — 고소 추락·현기증 위험
F03,전망대,혼잡,강풍|폭염|한파,3,0.1273,주의,🟡,0.1058,0.9926,0.0053,0.0021,예방 모니터 1명 + 대기 요원 1명,"구급함, 무전기, 음용수, 그늘막","예방 순찰 30분 간격 강화 | 응급 대응 장비 위치·작동 상태 점검 | 고위험 방문객 (노약자·어린이·임산부) 적극 모니터링 | 기상 변화·밀도 실시간 확인 | 대기 인력 현장 근접 배치 | [폭염] 그늘·음용수 추가 배치, 열사병 집중 모니터링, 피크타임 야외 자제 권고 | [한파] 저체온증 위험 모니터링, 실내 대피 공간 운영, 동상 응급처치 키트 배치 | [강풍] 낙하물 위험 구역 통제, 야외 구조물·천막 긴급 점검",이상 징후(쓰러짐·발열·외상) 발견 즉시 위험 단계 상향,전망대 — 고소 추락·현기증 위험
F03,전망대,혼잡,야간|폭염|한파,3,0.1282,주의,🟡,0.1058,0.9682,0.0276,0.0042,예방 모니터 1명 + 대기 요원 1명,"구급함, 무전기, 음용수, 그늘막","예방 순찰 30분 간격 강화 | 응급 대응 장비 위치·작동 상태 점검 | 고위험 방문객 (노약자·어린이·임산부) 적극 모니터링 | 기상 변화·밀도 실시간 확인 | 대기 인력 현장 근접 배치 | [폭염] 그늘·음용수 추가 배치, 열사병 집중 모니터링, 피크타임 야외 자제 권고 | [한파] 저체온증 위험 모니터링, 실내 대피 공간 운영, 동상 응급처치 키트 배치 | [야간] 조명 확보 및 시야 불량 구역 안전선 설치, 야간 순찰 강화",이상 징후(쓰러짐·발열·외상) 발견 즉시 위험 단계 상향,전망대 — 고소 추락·현기증 위험
F03,전망대,혼잡,폭염|피크타임|한파,3,0.1272,주의,🟡,0.1058,0.9968,0.0016,0.0017,예방 모니터 1명 + 대기 요원 1명,"구급함, 무전기, 음용수, 그늘막","예방 순찰 30분 간격 강화 | 응급 대응 장비 위치·작동 상태 점검 | 고위험 방문객 (노약자·어린이·임산부) 적극 모니터링 | 기상 변화·밀도 실시간 확인 | 대기 인력 현장 근접 배치 | [폭염] 그늘·음용수 추가 배치, 열사병 집중 모니터링, 피크타임 야외 자제 권고 | [한파] 저체온증 위험 모니터링, 실내 대피 공간 운영, 동상 응급처치 키트 배치",이상 징후(쓰러짐·발열·외상) 발견 즉시 위험 단계 상향,전망대 — 고소 추락·현기증 위험
F03,전망대,혼잡,강풍|야간|폭염,3,0.1282,주의,🟡,0.1058,0.9682,0.0276,0.0042,예방 모니터 1명 + 대기 요원 1명,"구급함, 무전기, 음용수, 그늘막","예방 순찰 30분 간격 강화 | 응급 대응 장비 위치·작동 상태 점검 | 고위험 방문객 (노약자·어린이·임산부) 적극 모니터링 | 기상 변화·밀도 실시간 확인 | 대기 인력 현장 근접 배치 | [폭염] 그늘·음용수 추가 배치, 열사병 집중 모니터링, 피크타임 야외 자제 권고 | [강풍] 낙하물 위험 구역 통제, 야외 구조물·천막 긴급 점검 | [야간] 조명 확보 및 시야 불량 구역 안전선 설치, 야간 순찰 강화",이상 징후(쓰러짐·발열·외상) 발견 즉시 위험 단계 상향,전망대 — 고소 추락·현기증 위험
F03,전망대,혼잡,강풍|폭염|피크타임,3,0.1272,주의,🟡,0.1058,0.9968,0.0016,0.0017,예방 모니터 1명 + 대기 요원 1명,"구급함, 무전기, 음용수, 그늘막","예방 순찰 30분 간격 강화 | 응급 대응 장비 위치·작동 상태 점검 | 고위험 방문객 (노약자·어린이·임산부) 적극 모니터링 | 기상 변화·밀도 실시간 확인 | 대기 인력 현장 근접 배치 | [폭염] 그늘·음용수 추가 배치, 열사병 집중 모니터링, 피크타임 야외 자제 권고 | [강풍] 낙하물 위험 구역 통제, 야외 구조물·천막 긴급 점검",이상 징후(쓰러짐·발열·외상) 발견 즉시 위험 단계 상향,전망대 — 고소 추락·현기증 위험
F03,전망대,혼잡,야간|폭염|피크타임,3,0.1282,주의,🟡,0.1058,0.9682,0.0276,0.0042,예방 모니터 1명 + 대기 요원 1명,"구급함, 무전기, 음용수, 그늘막","예방 순찰 30분 간격 강화 | 응급 대응 장비 위치·작동 상태 점검 | 고위험 방문객 (노약자·어린이·임산부) 적극 모니터링 | 기상 변화·밀도 실시간 확인 | 대기 인력 현장 근접 배치 | [폭염] 그늘·음용수 추가 배치, 열사병 집중 모니터링, 피크타임 야외 자제 권고 | [야간] 조명 확보 및 시야 불량 구역 안전선 설치, 야간 순찰 강화",이상 징후(쓰러짐·발열·외상) 발견 즉시 위험 단계 상향,전망대 — 고소 추락·현기증 위험
F03,전망대,혼잡,강풍|우천|한파,3,0.1268,주의,🟡,0.0969,0.7865,0.1227,0.0908,예방 모니터 1명 + 대기 요원 1명,"구급함, 무전기, 음용수, 그늘막","예방 순찰 30분 간격 강화 | 응급 대응 장비 위치·작동 상태 점검 | 고위험 방문객 (노약자·어린이·임산부) 적극 모니터링 | 기상 변화·밀도 실시간 확인 | 대기 인력 현장 근접 배치 | [우천] 미끄러짐 주의 안내, 낙뢰 위험 시설 대피, 우천 장비 점검 | [한파] 저체온증 위험 모니터링, 실내 대피 공간 운영, 동상 응급처치 키트 배치 | [강풍] 낙하물 위험 구역 통제, 야외 구조물·천막 긴급 점검",이상 징후(쓰러짐·발열·외상) 발견 즉시 위험 단계 상향,전망대 — 고소 추락·현기증 위험
F03,전망대,혼잡,야간|우천|한파,3,0.129,주의,🟡,0.0969,0.6888,0.2339,0.0773,예방 모니터 1명 + 대기 요원 1명,"구급함, 무전기, 음용수, 그늘막","예방 순찰 30분 간격 강화 | 응급 대응 장비 위치·작동 상태 점검 | 고위험 방문객 (노약자·어린이·임산부) 적극 모니터링 | 기상 변화·밀도 실시간 확인 | 대기 인력 현장 근접 배치 | [우천] 미끄러짐 주의 안내, 낙뢰 위험 시설 대피, 우천 장비 점검 | [한파] 저체온증 위험 모니터링, 실내 대피 공간 운영, 동상 응급처치 키트 배치 | [야간] 조명 확보 및 시야 불량 구역 안전선 설치, 야간 순찰 강화",이상 징후(쓰러짐·발열·외상) 발견 즉시 위험 단계 상향,전망대 — 고소 추락·현기증 위험
F03,전망대,혼잡,우천|피크타임|한파,3,0.1246,주의,🟡,0.0969,0.8778,0.0225,0.0997,예방 모니터 1명 + 대기 요원 1명,"구급함, 무전기, 음용수, 그늘막","예방 순찰 30분 간격 강화 | 응급 대응 장비 위치·작동 상태 점검 | 고위험 방문객 (노약자·어린이·임산부) 적극 모니터링 | 기상 변화·밀도 실시간 확인 | 대기 인력 현장 근접 배치 | [우천] 미끄러짐 주의 안내, 낙뢰 위험 시설 대피, 우천 장비 점검 | [한파] 저체온증 위험 모니터링, 실내 대피 공간 운영, 동상 응급처치 키트 배치",이상 징후(쓰러짐·발열·외상) 발견 즉시 위험 단계 상향,전망대 — 고소 추락·현기증 위험
F03,전망대,혼잡,강풍|야간|우천,3,0.1262,주의,🟡,0.0969,0.7143,0.2522,0.0335,예방 모니터 1명 + 대기 요원 1명,"구급함, 무전기, 음용수, 그늘막","예방 순찰 30분 간격 강화 | 응급 대응 장비 위치·작동 상태 점검 | 고위험 방문객 (노약자·어린이·임산부) 적극 모니터링 | 기상 변화·밀도 실시간 확인 | 대기 인력 현장 근접 배치 | [우천] 미끄러짐 주의 안내, 낙뢰 위험 시설 대피, 우천 장비 점검 | [강풍] 낙하물 위험 구역 통제, 야외 구조물·천막 긴급 점검 | [야간] 조명 확보 및 시야 불량 구역 안전선 설치, 야간 순찰 강화",이상 징후(쓰러짐·발열·외상) 발견 즉시 위험 단계 상향,전망대 — 고소 추락·현기증 위험
F03,전망대,혼잡,강풍|우천|피크타임,3,0.1205,주의,🟡,0.0969,0.9396,0.0085,0.0519,예방 모니터 1명 + 대기 요원 1명,"구급함, 무전기, 음용수, 그늘막","예방 순찰 30분 간격 강화 | 응급 대응 장비 위치·작동 상태 점검 | 고위험 방문객 (노약자·어린이·임산부) 적극 모니터링 | 기상 변화·밀도 실시간 확인 | 대기 인력 현장 근접 배치 | [우천] 미끄러짐 주의 안내, 낙뢰 위험 시설 대피, 우천 장비 점검 | [강풍] 낙하물 위험 구역 통제, 야외 구조물·천막 긴급 점검",이상 징후(쓰러짐·발열·외상) 발견 즉시 위험 단계 상향,전망대 — 고소 추락·현기증 위험
F03,전망대,혼잡,야간|우천|피크타임,3,0.1261,주의,🟡,0.0969,0.6882,0.2957,0.0161,예방 모니터 1명 + 대기 요원 1명,"구급함, 무전기, 음용수, 그늘막","예방 순찰 30분 간격 강화 | 응급 대응 장비 위치·작동 상태 점검 | 고위험 방문객 (노약자·어린이·임산부) 적극 모니터링 | 기상 변화·밀도 실시간 확인 | 대기 인력 현장 근접 배치 | [우천] 미끄러짐 주의 안내, 낙뢰 위험 시설 대피, 우천 장비 점검 | [야간] 조명 확보 및 시야 불량 구역 안전선 설치, 야간 순찰 강화",이상 징후(쓰러짐·발열·외상) 발견 즉시 위험 단계 상향,전망대 — 고소 추락·현기증 위험
F03,전망대,혼잡,강풍|야간|한파,3,0.1296,주의,🟡,0.0969,0.6443,0.2932,0.0625,예방 모니터 1명 + 대기 요원 1명,"구급함, 무전기, 음용수, 그늘막","예방 순찰 30분 간격 강화 | 응급 대응 장비 위치·작동 상태 점검 | 고위험 방문객 (노약자·어린이·임산부) 적극 모니터링 | 기상 변화·밀도 실시간 확인 | 대기 인력 현장 근접 배치 | [한파] 저체온증 위험 모니터링, 실내 대피 공간 운영, 동상 응급처치 키트 배치 | [강풍] 낙하물 위험 구역 통제, 야외 구조물·천막 긴급 점검 | [야간] 조명 확보 및 시야 불량 구역 안전선 설치, 야간 순찰 강화",이상 징후(쓰러짐·발열·외상) 발견 즉시 위험 단계 상향,전망대 — 고소 추락·현기증 위험
F03,전망대,혼잡,강풍|피크타임|한파,3,0.1213,주의,🟡,0.0969,0.9206,0.0222,0.0572,예방 모니터 1명 + 대기 요원 1명,"구급함, 무전기, 음용수, 그늘막","예방 순찰 30분 간격 강화 | 응급 대응 장비 위치·작동 상태 점검 | 고위험 방문객 (노약자·어린이·임산부) 적극 모니터링 | 기상 변화·밀도 실시간 확인 | 대기 인력 현장 근접 배치 | [한파] 저체온증 위험 모니터링, 실내 대피 공간 운영, 동상 응급처치 키트 배치 | [강풍] 낙하물 위험 구역 통제, 야외 구조물·천막 긴급 점검",이상 징후(쓰러짐·발열·외상) 발견 즉시 위험 단계 상향,전망대 — 고소 추락·현기증 위험
F03,전망대,혼잡,야간|피크타임|한파,3,0.1296,주의,🟡,0.0969,0.6443,0.2932,0.0625,예방 모니터 1명 + 대기 요원 1명,"구급함, 무전기, 음용수, 그늘막","예방 순찰 30분 간격 강화 | 응급 대응 장비 위치·작동 상태 점검 | 고위험 방문객 (노약자·어린이·임산부) 적극 모니터링 | 기상 변화·밀도 실시간 확인 | 대기 인력 현장 근접 배치 | [한파] 저체온증 위험 모니터링, 실내 대피 공간 운영, 동상 응급처치 키트 배치 | [야간] 조명 확보 및 시야 불량 구역 안전선 설치, 야간 순찰 강화",이상 징후(쓰러짐·발열·외상) 발견 즉시 위험 단계 상향,전망대 — 고소 추락·현기증 위험
F03,전망대,혼잡,강풍|야간|피크타임,3,0.1265,주의,🟡,0.0969,0.6822,0.2966,0.0212,예방 모니터 1명 + 대기 요원 1명,"구급함, 무전기, 음용수, 그늘막","예방 순찰 30분 간격 강화 | 응급 대응 장비 위치·작동 상태 점검 | 고위험 방문객 (노약자·어린이·임산부) 적극 모니터링 | 기상 변화·밀도 실시간 확인 | 대기 인력 현장 근접 배치 | [강풍] 낙하물 위험 구역 통제, 야외 구조물·천막 긴급 점검 | [야간] 조명 확보 및 시야 불량 구역 안전선 설치, 야간 순찰 강화",이상 징후(쓰러짐·발열·외상) 발견 즉시 위험 단계 상향,전망대 — 고소 추락·현기증 위험
F03,전망대,혼잡,강풍|우천|폭염|한파,4,0.1283,주의,🟡,0.1058,0.981,0.0063,0.0127,예방 모니터 1명 + 대기 요원 1명,"구급함, 무전기, 음용수, 그늘막","예방 순찰 30분 간격 강화 | 응급 대응 장비 위치·작동 상태 점검 | 고위험 방문객 (노약자·어린이·임산부) 적극 모니터링 | 기상 변화·밀도 실시간 확인 | 대기 인력 현장 근접 배치 | [폭염] 그늘·음용수 추가 배치, 열사병 집중 모니터링, 피크타임 야외 자제 권고 | [우천] 미끄러짐 주의 안내, 낙뢰 위험 시설 대피, 우천 장비 점검 | [한파] 저체온증 위험 모니터링, 실내 대피 공간 운영, 동상 응급처치 키트 배치 | [강풍] 낙하물 위험 구역 통제, 야외 구조물·천막 긴급 점검",이상 징후(쓰러짐·발열·외상) 발견 즉시 위험 단계 상향,전망대 — 고소 추락·현기증 위험
F03,전망대,혼잡,야간|우천|폭염|한파,4,0.1289,주의,🟡,0.1058,0.9638,0.0215,0.0147,예방 모니터 1명 + 대기 요원 1명,"구급함, 무전기, 음용수, 그늘막","예방 순찰 30분 간격 강화 | 응급 대응 장비 위치·작동 상태 점검 | 고위험 방문객 (노약자·어린이·임산부) 적극 모니터링 | 기상 변화·밀도 실시간 확인 | 대기 인력 현장 근접 배치 | [폭염] 그늘·음용수 추가 배치, 열사병 집중 모니터링, 피크타임 야외 자제 권고 | [우천] 미끄러짐 주의 안내, 낙뢰 위험 시설 대피, 우천 장비 점검 | [한파] 저체온증 위험 모니터링, 실내 대피 공간 운영, 동상 응급처치 키트 배치 | [야간] 조명 확보 및 시야 불량 구역 안전선 설치, 야간 순찰 강화",이상 징후(쓰러짐·발열·외상) 발견 즉시 위험 단계 상향,전망대 — 고소 추락·현기증 위험
F03,전망대,혼잡,우천|폭염|피크타임|한파,4,0.1278,주의,🟡,0.1058,0.9894,0.0019,0.0087,예방 모니터 1명 + 대기 요원 1명,"구급함, 무전기, 음용수, 그늘막","예방 순찰 30분 간격 강화 | 응급 대응 장비 위치·작동 상태 점검 | 고위험 방문객 (노약자·어린이·임산부) 적극 모니터링 | 기상 변화·밀도 실시간 확인 | 대기 인력 현장 근접 배치 | [폭염] 그늘·음용수 추가 배치, 열사병 집중 모니터링, 피크타임 야외 자제 권고 | [우천] 미끄러짐 주의 안내, 낙뢰 위험 시설 대피, 우천 장비 점검 | [한파] 저체온증 위험 모니터링, 실내 대피 공간 운영, 동상 응급처치 키트 배치",이상 징후(쓰러짐·발열·외상) 발견 즉시 위험 단계 상향,전망대 — 고소 추락·현기증 위험
F03,전망대,혼잡,강풍|야간|우천|폭염,4,0.1289,주의,🟡,0.1058,0.9638,0.0215,0.0147,예방 모니터 1명 + 대기 요원 1명,"구급함, 무전기, 음용수, 그늘막","예방 순찰 30분 간격 강화 | 응급 대응 장비 위치·작동 상태 점검 | 고위험 방문객 (노약자·어린이·임산부) 적극 모니터링 | 기상 변화·밀도 실시간 확인 | 대기 인력 현장 근접 배치 | [폭염] 그늘·음용수 추가 배치, 열사병 집중 모니터링, 피크타임 야외 자제 권고 | [우천] 미끄러짐 주의 안내, 낙뢰 위험 시설 대피, 우천 장비 점검 | [강풍] 낙하물 위험 구역 통제, 야외 구조물·천막 긴급 점검 | [야간] 조명 확보 및 시야 불량 구역 안전선 설치, 야간 순찰 강화",이상 징후(쓰러짐·발열·외상) 발견 즉시 위험 단계 상향,전망대 — 고소 추락·현기증 위험
F03,전망대,혼잡,강풍|우천|폭염|피크타임,4,0.1278,주의,🟡,0.1058,0.9894,0.0019,0.0087,예방 모니터 1명 + 대기 요원 1명,"구급함, 무전기, 음용수, 그늘막","예방 순찰 30분 간격 강화 | 응급 대응 장비 위치·작동 상태 점검 | 고위험 방문객 (노약자·어린이·임산부) 적극 모니터링 | 기상 변화·밀도 실시간 확인 | 대기 인력 현장 근접 배치 | [폭염] 그늘·음용수 추가 배치, 열사병 집중 모니터링, 피크타임 야외 자제 권고 | [우천] 미끄러짐 주의 안내, 낙뢰 위험 시설 대피, 우천 장비 점검 | [강풍] 낙하물 위험 구역 통제, 야외 구조물·천막 긴급 점검",이상 징후(쓰러짐·발열·외상) 발견 즉시 위험 단계 상향,전망대 — 고소 추락·현기증 위험
F03,전망대,혼잡,야간|우천|폭염|피크타임,4,0.1289,주의,🟡,0.1058,0.9638,0.0215,0.0147,예방 모니터 1명 + 대기 요원 1명,"구급함, 무전기, 음용수, 그늘막","예방 순찰 30분 간격 강화 | 응급 대응 장비 위치·작동 상태 점검 | 고위험 방문객 (노약자·어린이·임산부) 적극 모니터링 | 기상 변화·밀도 실시간 확인 | 대기 인력 현장 근접 배치 | [폭염] 그늘·음용수 추가 배치, 열사병 집중 모니터링, 피크타임 야외 자제 권고 | [우천] 미끄러짐 주의 안내, 낙뢰 위험 시설 대피, 우천 장비 점검 | [야간] 조명 확보 및 시야 불량 구역 안전선 설치, 야간 순찰 강화",이상 징후(쓰러짐·발열·외상) 발견 즉시 위험 단계 상향,전망대 — 고소 추락·현기증 위험
F03,전망대,혼잡,강풍|야간|폭염|한파,4,0.1282,주의,🟡,0.1058,0.9682,0.0276,0.0042,예방 모니터 1명 + 대기 요원 1명,"구급함, 무전기, 음용수, 그늘막","예방 순찰 30분 간격 강화 | 응급 대응 장비 위치·작동 상태 점검 | 고위험 방문객 (노약자·어린이·임산부) 적극 모니터링 | 기상 변화·밀도 실시간 확인 | 대기 인력 현장 근접 배치 | [폭염] 그늘·음용수 추가 배치, 열사병 집중 모니터링, 피크타임 야외 자제 권고 | [한파] 저체온증 위험 모니터링, 실내 대피 공간 운영, 동상 응급처치 키트 배치 | [강풍] 낙하물 위험 구역 통제, 야외 구조물·천막 긴급 점검 | [야간] 조명 확보 및 시야 불량 구역 안전선 설치, 야간 순찰 강화",이상 징후(쓰러짐·발열·외상) 발견 즉시 위험 단계 상향,전망대 — 고소 추락·현기증 위험
F03,전망대,혼잡,강풍|폭염|피크타임|한파,4,0.1272,주의,🟡,0.1058,0.9968,0.0016,0.0017,예방 모니터 1명 + 대기 요원 1명,"구급함, 무전기, 음용수, 그늘막","예방 순찰 30분 간격 강화 | 응급 대응 장비 위치·작동 상태 점검 | 고위험 방문객 (노약자·어린이·임산부) 적극 모니터링 | 기상 변화·밀도 실시간 확인 | 대기 인력 현장 근접 배치 | [폭염] 그늘·음용수 추가 배치, 열사병 집중 모니터링, 피크타임 야외 자제 권고 | [한파] 저체온증 위험 모니터링, 실내 대피 공간 운영, 동상 응급처치 키트 배치 | [강풍] 낙하물 위험 구역 통제, 야외 구조물·천막 긴급 점검",이상 징후(쓰러짐·발열·외상) 발견 즉시 위험 단계 상향,전망대 — 고소 추락·현기증 위험
F03,전망대,혼잡,야간|폭염|피크타임|한파,4,0.1282,주의,🟡,0.1058,0.9682,0.0276,0.0042,예방 모니터 1명 + 대기 요원 1명,"구급함, 무전기, 음용수, 그늘막","예방 순찰 30분 간격 강화 | 응급 대응 장비 위치·작동 상태 점검 | 고위험 방문객 (노약자·어린이·임산부) 적극 모니터링 | 기상 변화·밀도 실시간 확인 | 대기 인력 현장 근접 배치 | [폭염] 그늘·음용수 추가 배치, 열사병 집중 모니터링, 피크타임 야외 자제 권고 | [한파] 저체온증 위험 모니터링, 실내 대피 공간 운영, 동상 응급처치 키트 배치 | [야간] 조명 확보 및 시야 불량 구역 안전선 설치, 야간 순찰 강화",이상 징후(쓰러짐·발열·외상) 발견 즉시 위험 단계 상향,전망대 — 고소 추락·현기증 위험
F03,전망대,혼잡,강풍|야간|폭염|피크타임,4,0.1282,주의,🟡,0.1058,0.9682,0.0276,0.0042,예방 모니터 1명 + 대기 요원 1명,"구급함, 무전기, 음용수, 그늘막","예방 순찰 30분 간격 강화 | 응급 대응 장비 위치·작동 상태 점검 | 고위험 방문객 (노약자·어린이·임산부) 적극 모니터링 | 기상 변화·밀도 실시간 확인 | 대기 인력 현장 근접 배치 | [폭염] 그늘·음용수 추가 배치, 열사병 집중 모니터링, 피크타임 야외 자제 권고 | [강풍] 낙하물 위험 구역 통제, 야외 구조물·천막 긴급 점검 | [야간] 조명 확보 및 시야 불량 구역 안전선 설치, 야간 순찰 강화",이상 징후(쓰러짐·발열·외상) 발견 즉시 위험 단계 상향,전망대 — 고소 추락·현기증 위험
F03,전망대,혼잡,강풍|야간|우천|한파,4,0.129,주의,🟡,0.0969,0.6888,0.2339,0.0773,예방 모니터 1명 + 대기 요원 1명,"구급함, 무전기, 음용수, 그늘막","예방 순찰 30분 간격 강화 | 응급 대응 장비 위치·작동 상태 점검 | 고위험 방문객 (노약자·어린이·임산부) 적극 모니터링 | 기상 변화·밀도 실시간 확인 | 대기 인력 현장 근접 배치 | [우천] 미끄러짐 주의 안내, 낙뢰 위험 시설 대피, 우천 장비 점검 | [한파] 저체온증 위험 모니터링, 실내 대피 공간 운영, 동상 응급처치 키트 배치 | [강풍] 낙하물 위험 구역 통제, 야외 구조물·천막 긴급 점검 | [야간] 조명 확보 및 시야 불량 구역 안전선 설치, 야간 순찰 강화",이상 징후(쓰러짐·발열·외상) 발견 즉시 위험 단계 상향,전망대 — 고소 추락·현기증 위험
F03,전망대,혼잡,강풍|우천|피크타임|한파,4,0.1246,주의,🟡,0.0969,0.8778,0.0225,0.0997,예방 모니터 1명 + 대기 요원 1명,"구급함, 무전기, 음용수, 그늘막","예방 순찰 30분 간격 강화 | 응급 대응 장비 위치·작동 상태 점검 | 고위험 방문객 (노약자·어린이·임산부) 적극 모니터링 | 기상 변화·밀도 실시간 확인 | 대기 인력 현장 근접 배치 | [우천] 미끄러짐 주의 안내, 낙뢰 위험 시설 대피, 우천 장비 점검 | [한파] 저체온증 위험 모니터링, 실내 대피 공간 운영, 동상 응급처치 키트 배치 | [강풍] 낙하물 위험 구역 통제, 야외 구조물·천막 긴급 점검",이상 징후(쓰러짐·발열·외상) 발견 즉시 위험 단계 상향,전망대 — 고소 추락·현기증 위험
F03,전망대,혼잡,야간|우천|피크타임|한파,4,0.129,주의,🟡,0.0969,0.6888,0.2339,0.0773,예방 모니터 1명 + 대기 요원 1명,"구급함, 무전기, 음용수, 그늘막","예방 순찰 30분 간격 강화 | 응급 대응 장비 위치·작동 상태 점검 | 고위험 방문객 (노약자·어린이·임산부) 적극 모니터링 | 기상 변화·밀도 실시간 확인 | 대기 인력 현장 근접 배치 | [우천] 미끄러짐 주의 안내, 낙뢰 위험 시설 대피, 우천 장비 점검 | [한파] 저체온증 위험 모니터링, 실내 대피 공간 운영, 동상 응급처치 키트 배치 | [야간] 조명 확보 및 시야 불량 구역 안전선 설치, 야간 순찰 강화",이상 징후(쓰러짐·발열·외상) 발견 즉시 위험 단계 상향,전망대 — 고소 추락·현기증 위험
F03,전망대,혼잡,강풍|야간|우천|피크타임,4,0.1262,주의,🟡,0.0969,0.7143,0.2522,0.0335,예방 모니터 1명 + 대기 요원 1명,"구급함, 무전기, 음용수, 그늘막","예방 순찰 30분 간격 강화 | 응급 대응 장비 위치·작동 상태 점검 | 고위험 방문객 (노약자·어린이·임산부) 적극 모니터링 | 기상 변화·밀도 실시간 확인 | 대기 인력 현장 근접 배치 | [우천] 미끄러짐 주의 안내, 낙뢰 위험 시설 대피, 우천 장비 점검 | [강풍] 낙하물 위험 구역 통제, 야외 구조물·천막 긴급 점검 | [야간] 조명 확보 및 시야 불량 구역 안전선 설치, 야간 순찰 강화",이상 징후(쓰러짐·발열·외상) 발견 즉시 위험 단계 상향,전망대 — 고소 추락·현기증 위험
F03,전망대,혼잡,강풍|야간|피크타임|한파,4,0.1296,주의,🟡,0.0969,0.6443,0.2932,0.0625,예방 모니터 1명 + 대기 요원 1명,"구급함, 무전기, 음용수, 그늘막","예방 순찰 30분 간격 강화 | 응급 대응 장비 위치·작동 상태 점검 | 고위험 방문객 (노약자·어린이·임산부) 적극 모니터링 | 기상 변화·밀도 실시간 확인 | 대기 인력 현장 근접 배치 | [한파] 저체온증 위험 모니터링, 실내 대피 공간 운영, 동상 응급처치 키트 배치 | [강풍] 낙하물 위험 구역 통제, 야외 구조물·천막 긴급 점검 | [야간] 조명 확보 및 시야 불량 구역 안전선 설치, 야간 순찰 강화",이상 징후(쓰러짐·발열·외상) 발견 즉시 위험 단계 상향,전망대 — 고소 추락·현기증 위험
F03,전망대,혼잡,강풍|야간|우천|폭염|한파,5,0.1289,주의,🟡,0.1058,0.9638,0.0215,0.0147,예방 모니터 1명 + 대기 요원 1명,"구급함, 무전기, 음용수, 그늘막","예방 순찰 30분 간격 강화 | 응급 대응 장비 위치·작동 상태 점검 | 고위험 방문객 (노약자·어린이·임산부) 적극 모니터링 | 기상 변화·밀도 실시간 확인 | 대기 인력 현장 근접 배치 | [폭염] 그늘·음용수 추가 배치, 열사병 집중 모니터링, 피크타임 야외 자제 권고 | [우천] 미끄러짐 주의 안내, 낙뢰 위험 시설 대피, 우천 장비 점검 | [한파] 저체온증 위험 모니터링, 실내 대피 공간 운영, 동상 응급처치 키트 배치 | [강풍] 낙하물 위험 구역 통제, 야외 구조물·천막 긴급 점검 | [야간] 조명 확보 및 시야 불량 구역 안전선 설치, 야간 순찰 강화",이상 징후(쓰러짐·발열·외상) 발견 즉시 위험 단계 상향,전망대 — 고소 추락·현기증 위험
F03,전망대,혼잡,강풍|우천|폭염|피크타임|한파,5,0.1278,주의,🟡,0.1058,0.9894,0.0019,0.0087,예방 모니터 1명 + 대기 요원 1명,"구급함, 무전기, 음용수, 그늘막","예방 순찰 30분 간격 강화 | 응급 대응 장비 위치·작동 상태 점검 | 고위험 방문객 (노약자·어린이·임산부) 적극 모니터링 | 기상 변화·밀도 실시간 확인 | 대기 인력 현장 근접 배치 | [폭염] 그늘·음용수 추가 배치, 열사병 집중 모니터링, 피크타임 야외 자제 권고 | [우천] 미끄러짐 주의 안내, 낙뢰 위험 시설 대피, 우천 장비 점검 | [한파] 저체온증 위험 모니터링, 실내 대피 공간 운영, 동상 응급처치 키트 배치 | [강풍] 낙하물 위험 구역 통제, 야외 구조물·천막 긴급 점검",이상 징후(쓰러짐·발열·외상) 발견 즉시 위험 단계 상향,전망대 — 고소 추락·현기증 위험
F03,전망대,혼잡,야간|우천|폭염|피크타임|한파,5,0.1289,주의,🟡,0.1058,0.9638,0.0215,0.0147,예방 모니터 1명 + 대기 요원 1명,"구급함, 무전기, 음용수, 그늘막","예방 순찰 30분 간격 강화 | 응급 대응 장비 위치·작동 상태 점검 | 고위험 방문객 (노약자·어린이·임산부) 적극 모니터링 | 기상 변화·밀도 실시간 확인 | 대기 인력 현장 근접 배치 | [폭염] 그늘·음용수 추가 배치, 열사병 집중 모니터링, 피크타임 야외 자제 권고 | [우천] 미끄러짐 주의 안내, 낙뢰 위험 시설 대피, 우천 장비 점검 | [한파] 저체온증 위험 모니터링, 실내 대피 공간 운영, 동상 응급처치 키트 배치 | [야간] 조명 확보 및 시야 불량 구역 안전선 설치, 야간 순찰 강화",이상 징후(쓰러짐·발열·외상) 발견 즉시 위험 단계 상향,전망대 — 고소 추락·현기증 위험
F03,전망대,혼잡,강풍|야간|우천|폭염|피크타임,5,0.1289,주의,🟡,0.1058,0.9638,0.0215,0.0147,예방 모니터 1명 + 대기 요원 1명,"구급함, 무전기, 음용수, 그늘막","예방 순찰 30분 간격 강화 | 응급 대응 장비 위치·작동 상태 점검 | 고위험 방문객 (노약자·어린이·임산부) 적극 모니터링 | 기상 변화·밀도 실시간 확인 | 대기 인력 현장 근접 배치 | [폭염] 그늘·음용수 추가 배치, 열사병 집중 모니터링, 피크타임 야외 자제 권고 | [우천] 미끄러짐 주의 안내, 낙뢰 위험 시설 대피, 우천 장비 점검 | [강풍] 낙하물 위험 구역 통제, 야외 구조물·천막 긴급 점검 | [야간] 조명 확보 및 시야 불량 구역 안전선 설치, 야간 순찰 강화",이상 징후(쓰러짐·발열·외상) 발견 즉시 위험 단계 상향,전망대 — 고소 추락·현기증 위험
F03,전망대,혼잡,강풍|야간|폭염|피크타임|한파,5,0.1282,주의,🟡,0.1058,0.9682,0.0276,0.0042,예방 모니터 1명 + 대기 요원 1명,"구급함, 무전기, 음용수, 그늘막","예방 순찰 30분 간격 강화 | 응급 대응 장비 위치·작동 상태 점검 | 고위험 방문객 (노약자·어린이·임산부) 적극 모니터링 | 기상 변화·밀도 실시간 확인 | 대기 인력 현장 근접 배치 | [폭염] 그늘·음용수 추가 배치, 열사병 집중 모니터링, 피크타임 야외 자제 권고 | [한파] 저체온증 위험 모니터링, 실내 대피 공간 운영, 동상 응급처치 키트 배치 | [강풍] 낙하물 위험 구역 통제, 야외 구조물·천막 긴급 점검 | [야간] 조명 확보 및 시야 불량 구역 안전선 설치, 야간 순찰 강화",이상 징후(쓰러짐·발열·외상) 발견 즉시 위험 단계 상향,전망대 — 고소 추락·현기증 위험
F03,전망대,혼잡,강풍|야간|우천|피크타임|한파,5,0.129,주의,🟡,0.0969,0.6888,0.2339,0.0773,예방 모니터 1명 + 대기 요원 1명,"구급함, 무전기, 음용수, 그늘막","예방 순찰 30분 간격 강화 | 응급 대응 장비 위치·작동 상태 점검 | 고위험 방문객 (노약자·어린이·임산부) 적극 모니터링 | 기상 변화·밀도 실시간 확인 | 대기 인력 현장 근접 배치 | [우천] 미끄러짐 주의 안내, 낙뢰 위험 시설 대피, 우천 장비 점검 | [한파] 저체온증 위험 모니터링, 실내 대피 공간 운영, 동상 응급처치 키트 배치 | [강풍] 낙하물 위험 구역 통제, 야외 구조물·천막 긴급 점검 | [야간] 조명 확보 및 시야 불량 구역 안전선 설치, 야간 순찰 강화",이상 징후(쓰러짐·발열·외상) 발견 즉시 위험 단계 상향,전망대 — 고소 추락·현기증 위험
F03,전망대,혼잡,강풍|야간|우천|폭염|피크타임|한파,6,0.1289,주의,🟡,0.1058,0.9638,0.0215,0.0147,예방 모니터 1명 + 대기 요원 1명,"구급함, 무전기, 음용수, 그늘막","예방 순찰 30분 간격 강화 | 응급 대응 장비 위치·작동 상태 점검 | 고위험 방문객 (노약자·어린이·임산부) 적극 모니터링 | 기상 변화·밀도 실시간 확인 | 대기 인력 현장 근접 배치 | [폭염] 그늘·음용수 추가 배치, 열사병 집중 모니터링, 피크타임 야외 자제 권고 | [우천] 미끄러짐 주의 안내, 낙뢰 위험 시설 대피, 우천 장비 점검 | [한파] 저체온증 위험 모니터링, 실내 대피 공간 운영, 동상 응급처치 키트 배치 | [강풍] 낙하물 위험 구역 통제, 야외 구조물·천막 긴급 점검 | [야간] 조명 확보 및 시야 불량 구역 안전선 설치, 야간 순찰 강화",이상 징후(쓰러짐·발열·외상) 발견 즉시 위험 단계 상향,전망대 — 고소 추락·현기증 위험
F03,전망대,매우혼잡,없음,0,0.1285,주의,🟡,0.0969,0.5831,0.4135,0.0034,예방 모니터 1명 + 대기 요원 1명,"구급함, 무전기, 음용수, 그늘막",예방 순찰 30분 간격 강화 | 응급 대응 장비 위치·작동 상태 점검 | 고위험 방문객 (노약자·어린이·임산부) 적극 모니터링 | 기상 변화·밀도 실시간 확인 | 대기 인력 현장 근접 배치,이상 징후(쓰러짐·발열·외상) 발견 즉시 위험 단계 상향,전망대 — 고소 추락·현기증 위험
F03,전망대,매우혼잡,폭염,1,0.1368,주의,🟡,0.1058,0.7142,0.2714,0.0144,예방 모니터 1명 + 대기 요원 1명,"구급함, 무전기, 음용수, 그늘막","예방 순찰 30분 간격 강화 | 응급 대응 장비 위치·작동 상태 점검 | 고위험 방문객 (노약자·어린이·임산부) 적극 모니터링 | 기상 변화·밀도 실시간 확인 | 대기 인력 현장 근접 배치 | [폭염] 그늘·음용수 추가 배치, 열사병 집중 모니터링, 피크타임 야외 자제 권고",이상 징후(쓰러짐·발열·외상) 발견 즉시 위험 단계 상향,전망대 — 고소 추락·현기증 위험
F03,전망대,매우혼잡,우천,1,0.1364,주의,🟡,0.0969,0.3227,0.6676,0.0097,예방 모니터 1명 + 대기 요원 1명,"구급함, 무전기, 음용수, 그늘막","예방 순찰 30분 간격 강화 | 응급 대응 장비 위치·작동 상태 점검 | 고위험 방문객 (노약자·어린이·임산부) 적극 모니터링 | 기상 변화·밀도 실시간 확인 | 대기 인력 현장 근접 배치 | [우천] 미끄러짐 주의 안내, 낙뢰 위험 시설 대피, 우천 장비 점검",이상 징후(쓰러짐·발열·외상) 발견 즉시 위험 단계 상향,전망대 — 고소 추락·현기증 위험
F03,전망대,매우혼잡,한파,1,0.1388,주의,🟡,0.0969,0.3644,0.552,0.0837,예방 모니터 1명 + 대기 요원 1명,"구급함, 무전기, 음용수, 그늘막","예방 순찰 30분 간격 강화 | 응급 대응 장비 위치·작동 상태 점검 | 고위험 방문객 (노약자·어린이·임산부) 적극 모니터링 | 기상 변화·밀도 실시간 확인 | 대기 인력 현장 근접 배치 | [한파] 저체온증 위험 모니터링, 실내 대피 공간 운영, 동상 응급처치 키트 배치",이상 징후(쓰러짐·발열·외상) 발견 즉시 위험 단계 상향,전망대 — 고소 추락·현기증 위험
F03,전망대,매우혼잡,강풍,1,0.1316,주의,🟡,0.0969,0.5054,0.4737,0.0209,예방 모니터 1명 + 대기 요원 1명,"구급함, 무전기, 음용수, 그늘막","예방 순찰 30분 간격 강화 | 응급 대응 장비 위치·작동 상태 점검 | 고위험 방문객 (노약자·어린이·임산부) 적극 모니터링 | 기상 변화·밀도 실시간 확인 | 대기 인력 현장 근접 배치 | [강풍] 낙하물 위험 구역 통제, 야외 구조물·천막 긴급 점검",이상 징후(쓰러짐·발열·외상) 발견 즉시 위험 단계 상향,전망대 — 고소 추락·현기증 위험
F03,전망대,매우혼잡,야간,1,0.1354,주의,🟡,0.0969,0.3511,0.6423,0.0065,예방 모니터 1명 + 대기 요원 1명,"구급함, 무전기, 음용수, 그늘막","예방 순찰 30분 간격 강화 | 응급 대응 장비 위치·작동 상태 점검 | 고위험 방문객 (노약자·어린이·임산부) 적극 모니터링 | 기상 변화·밀도 실시간 확인 | 대기 인력 현장 근접 배치 | [야간] 조명 확보 및 시야 불량 구역 안전선 설치, 야간 순찰 강화",이상 징후(쓰러짐·발열·외상) 발견 즉시 위험 단계 상향,전망대 — 고소 추락·현기증 위험
F03,전망대,매우혼잡,피크타임,1,0.1189,주의,🟡,0.0969,0.9185,0.0757,0.0058,예방 모니터 1명 + 대기 요원 1명,"구급함, 무전기, 음용수, 그늘막",예방 순찰 30분 간격 강화 | 응급 대응 장비 위치·작동 상태 점검 | 고위험 방문객 (노약자·어린이·임산부) 적극 모니터링 | 기상 변화·밀도 실시간 확인 | 대기 인력 현장 근접 배치,이상 징후(쓰러짐·발열·외상) 발견 즉시 위험 단계 상향,전망대 — 고소 추락·현기증 위험
F03,전망대,매우혼잡,우천|폭염,2,0.1398,주의,🟡,0.1058,0.6734,0.2795,0.0471,예방 모니터 1명 + 대기 요원 1명,"구급함, 무전기, 음용수, 그늘막","예방 순찰 30분 간격 강화 | 응급 대응 장비 위치·작동 상태 점검 | 고위험 방문객 (노약자·어린이·임산부) 적극 모니터링 | 기상 변화·밀도 실시간 확인 | 대기 인력 현장 근접 배치 | [폭염] 그늘·음용수 추가 배치, 열사병 집중 모니터링, 피크타임 야외 자제 권고 | [우천] 미끄러짐 주의 안내, 낙뢰 위험 시설 대피, 우천 장비 점검",이상 징후(쓰러짐·발열·외상) 발견 즉시 위험 단계 상향,전망대 — 고소 추락·현기증 위험
F03,전망대,매우혼잡,폭염|한파,2,0.1368,주의,🟡,0.1058,0.7142,0.2714,0.0144,예방 모니터 1명 + 대기 요원 1명,"구급함, 무전기, 음용수, 그늘막","예방 순찰 30분 간격 강화 | 응급 대응 장비 위치·작동 상태 점검 | 고위험 방문객 (노약자·어린이·임산부) 적극 모니터링 | 기상 변화·밀도 실시간 확인 | 대기 인력 현장 근접 배치 | [폭염] 그늘·음용수 추가 배치, 열사병 집중 모니터링, 피크타임 야외 자제 권고 | [한파] 저체온증 위험 모니터링, 실내 대피 공간 운영, 동상 응급처치 키트 배치",이상 징후(쓰러짐·발열·외상) 발견 즉시 위험 단계 상향,전망대 — 고소 추락·현기증 위험
F03,전망대,매우혼잡,강풍|폭염,2,0.1368,주의,🟡,0.1058,0.7142,0.2714,0.0144,예방 모니터 1명 + 대기 요원 1명,"구급함, 무전기, 음용수, 그늘막","예방 순찰 30분 간격 강화 | 응급 대응 장비 위치·작동 상태 점검 | 고위험 방문객 (노약자·어린이·임산부) 적극 모니터링 | 기상 변화·밀도 실시간 확인 | 대기 인력 현장 근접 배치 | [폭염] 그늘·음용수 추가 배치, 열사병 집중 모니터링, 피크타임 야외 자제 권고 | [강풍] 낙하물 위험 구역 통제, 야외 구조물·천막 긴급 점검",이상 징후(쓰러짐·발열·외상) 발견 즉시 위험 단계 상향,전망대 — 고소 추락·현기증 위험
F03,전망대,매우혼잡,야간|폭염,2,0.1355,주의,🟡,0.1058,0.7561,0.2293,0.0146,예방 모니터 1명 + 대기 요원 1명,"구급함, 무전기, 음용수, 그늘막","예방 순찰 30분 간격 강화 | 응급 대응 장비 위치·작동 상태 점검 | 고위험 방문객 (노약자·어린이·임산부) 적극 모니터링 | 기상 변화·밀도 실시간 확인 | 대기 인력 현장 근접 배치 | [폭염] 그늘·음용수 추가 배치, 열사병 집중 모니터링, 피크타임 야외 자제 권고 | [야간] 조명 확보 및 시야 불량 구역 안전선 설치, 야간 순찰 강화",이상 징후(쓰러짐·발열·외상) 발견 즉시 위험 단계 상향,전망대 — 고소 추락·현기증 위험
F03,전망대,매우혼잡,폭염|피크타임,2,0.1318,주의,🟡,0.1058,0.8751,0.1093,0.0155,예방 모니터 1명 + 대기 요원 1명,"구급함, 무전기, 음용수, 그늘막","예방 순찰 30분 간격 강화 | 응급 대응 장비 위치·작동 상태 점검 | 고위험 방문객 (노약자·어린이·임산부) 적극 모니터링 | 기상 변화·밀도 실시간 확인 | 대기 인력 현장 근접 배치 | [폭염] 그늘·음용수 추가 배치, 열사병 집중 모니터링, 피크타임 야외 자제 권고",이상 징후(쓰러짐·발열·외상) 발견 즉시 위험 단계 상향,전망대 — 고소 추락·현기증 위험
F03,전망대,매우혼잡,우천|한파,2,0.1376,주의,🟡,0.0969,0.3962,0.5247,0.0792,예방 모니터 1명 + 대기 요원 1명,"구급함, 무전기, 음용수, 그늘막","예방 순찰 30분 간격 강화 | 응급 대응 장비 위치·작동 상태 점검 | 고위험 방문객 (노약자·어린이·임산부) 적극 모니터링 | 기상 변화·밀도 실시간 확인 | 대기 인력 현장 근접 배치 | [우천] 미끄러짐 주의 안내, 낙뢰 위험 시설 대피, 우천 장비 점검 | [한파] 저체온증 위험 모니터링, 실내 대피 공간 운영, 동상 응급처치 키트 배치",이상 징후(쓰러짐·발열·외상) 발견 즉시 위험 단계 상향,전망대 — 고소 추락·현기증 위험
F03,전망대,매우혼잡,강풍|우천,2,0.1308,주의,🟡,0.0969,0.5386,0.4365,0.0249,예방 모니터 1명 + 대기 요원 1명,"구급함, 무전기, 음용수, 그늘막","예방 순찰 30분 간격 강화 | 응급 대응 장비 위치·작동 상태 점검 | 고위험 방문객 (노약자·어린이·임산부) 적극 모니터링 | 기상 변화·밀도 실시간 확인 | 대기 인력 현장 근접 배치 | [우천] 미끄러짐 주의 안내, 낙뢰 위험 시설 대피, 우천 장비 점검 | [강풍] 낙하물 위험 구역 통제, 야외 구조물·천막 긴급 점검",이상 징후(쓰러짐·발열·외상) 발견 즉시 위험 단계 상향,전망대 — 고소 추락·현기증 위험
F03,전망대,매우혼잡,야간|우천,2,0.1363,주의,🟡,0.0969,0.3457,0.6318,0.0226,예방 모니터 1명 + 대기 요원 1명,"구급함, 무전기, 음용수, 그늘막","예방 순찰 30분 간격 강화 | 응급 대응 장비 위치·작동 상태 점검 | 고위험 방문객 (노약자·어린이·임산부) 적극 모니터링 | 기상 변화·밀도 실시간 확인 | 대기 인력 현장 근접 배치 | [우천] 미끄러짐 주의 안내, 낙뢰 위험 시설 대피, 우천 장비 점검 | [야간] 조명 확보 및 시야 불량 구역 안전선 설치, 야간 순찰 강화",이상 징후(쓰러짐·발열·외상) 발견 즉시 위험 단계 상향,전망대 — 고소 추락·현기증 위험
F03,전망대,매우혼잡,우천|피크타임,2,0.1236,주의,🟡,0.0969,0.7923,0.1803,0.0274,예방 모니터 1명 + 대기 요원 1명,"구급함, 무전기, 음용수, 그늘막","예방 순찰 30분 간격 강화 | 응급 대응 장비 위치·작동 상태 점검 | 고위험 방문객 (노약자·어린이·임산부) 적극 모니터링 | 기상 변화·밀도 실시간 확인 | 대기 인력 현장 근접 배치 | [우천] 미끄러짐 주의 안내, 낙뢰 위험 시설 대피, 우천 장비 점검",이상 징후(쓰러짐·발열·외상) 발견 즉시 위험 단계 상향,전망대 — 고소 추락·현기증 위험
F03,전망대,매우혼잡,강풍|한파,2,0.1388,주의,🟡,0.0969,0.3644,0.552,0.0837,예방 모니터 1명 + 대기 요원 1명,"구급함, 무전기, 음용수, 그늘막","예방 순찰 30분 간격 강화 | 응급 대응 장비 위치·작동 상태 점검 | 고위험 방문객 (노약자·어린이·임산부) 적극 모니터링 | 기상 변화·밀도 실시간 확인 | 대기 인력 현장 근접 배치 | [한파] 저체온증 위험 모니터링, 실내 대피 공간 운영, 동상 응급처치 키트 배치 | [강풍] 낙하물 위험 구역 통제, 야외 구조물·천막 긴급 점검",이상 징후(쓰러짐·발열·외상) 발견 즉시 위험 단계 상향,전망대 — 고소 추락·현기증 위험
F03,전망대,매우혼잡,야간|한파,2,0.1414,주의,🟡,0.0969,0.2461,0.6873,0.0667,예방 모니터 1명 + 대기 요원 1명,"구급함, 무전기, 음용수, 그늘막","예방 순찰 30분 간격 강화 | 응급 대응 장비 위치·작동 상태 점검 | 고위험 방문객 (노약자·어린이·임산부) 적극 모니터링 | 기상 변화·밀도 실시간 확인 | 대기 인력 현장 근접 배치 | [한파] 저체온증 위험 모니터링, 실내 대피 공간 운영, 동상 응급처치 키트 배치 | [야간] 조명 확보 및 시야 불량 구역 안전선 설치, 야간 순찰 강화",이상 징후(쓰러짐·발열·외상) 발견 즉시 위험 단계 상향,전망대 — 고소 추락·현기증 위험
F03,전망대,매우혼잡,피크타임|한파,2,0.1311,주의,🟡,0.0969,0.7228,0.1358,0.1414,예방 모니터 1명 + 대기 요원 1명,"구급함, 무전기, 음용수, 그늘막","예방 순찰 30분 간격 강화 | 응급 대응 장비 위치·작동 상태 점검 | 고위험 방문객 (노약자·어린이·임산부) 적극 모니터링 | 기상 변화·밀도 실시간 확인 | 대기 인력 현장 근접 배치 | [한파] 저체온증 위험 모니터링, 실내 대피 공간 운영, 동상 응급처치 키트 배치",이상 징후(쓰러짐·발열·외상) 발견 즉시 위험 단계 상향,전망대 — 고소 추락·현기증 위험
F03,전망대,매우혼잡,강풍|야간,2,0.1342,주의,🟡,0.0969,0.4163,0.5634,0.0203,예방 모니터 1명 + 대기 요원 1명,"구급함, 무전기, 음용수, 그늘막","예방 순찰 30분 간격 강화 | 응급 대응 장비 위치·작동 상태 점검 | 고위험 방문객 (노약자·어린이·임산부) 적극 모니터링 | 기상 변화·밀도 실시간 확인 | 대기 인력 현장 근접 배치 | [강풍] 낙하물 위험 구역 통제, 야외 구조물·천막 긴급 점검 | [야간] 조명 확보 및 시야 불량 구역 안전선 설치, 야간 순찰 강화",이상 징후(쓰러짐·발열·외상) 발견 즉시 위험 단계 상향,전망대 — 고소 추락·현기증 위험
F03,전망대,매우혼잡,강풍|피크타임,2,0.1199,주의,🟡,0.0969,0.9234,0.0466,0.03,예방 모니터 1명 + 대기 요원 1명,"구급함, 무전기, 음용수, 그늘막","예방 순찰 30분 간격 강화 | 응급 대응 장비 위치·작동 상태 점검 | 고위험 방문객 (노약자·어린이·임산부) 적극 모니터링 | 기상 변화·밀도 실시간 확인 | 대기 인력 현장 근접 배치 | [강풍] 낙하물 위험 구역 통제, 야외 구조물·천막 긴급 점검",이상 징후(쓰러짐·발열·외상) 발견 즉시 위험 단계 상향,전망대 — 고소 추락·현기증 위험
F03,전망대,매우혼잡,야간|피크타임,2,0.1354,주의,🟡,0.0969,0.3511,0.6423,0.0065,예방 모니터 1명 + 대기 요원 1명,"구급함, 무전기, 음용수, 그늘막","예방 순찰 30분 간격 강화 | 응급 대응 장비 위치·작동 상태 점검 | 고위험 방문객 (노약자·어린이·임산부) 적극 모니터링 | 기상 변화·밀도 실시간 확인 | 대기 인력 현장 근접 배치 | [야간] 조명 확보 및 시야 불량 구역 안전선 설치, 야간 순찰 강화",이상 징후(쓰러짐·발열·외상) 발견 즉시 위험 단계 상향,전망대 — 고소 추락·현기증 위험
F03,전망대,매우혼잡,우천|폭염|한파,3,0.1398,주의,🟡,0.1058,0.6734,0.2795,0.0471,예방 모니터 1명 + 대기 요원 1명,"구급함, 무전기, 음용수, 그늘막","예방 순찰 30분 간격 강화 | 응급 대응 장비 위치·작동 상태 점검 | 고위험 방문객 (노약자·어린이·임산부) 적극 모니터링 | 기상 변화·밀도 실시간 확인 | 대기 인력 현장 근접 배치 | [폭염] 그늘·음용수 추가 배치, 열사병 집중 모니터링, 피크타임 야외 자제 권고 | [우천] 미끄러짐 주의 안내, 낙뢰 위험 시설 대피, 우천 장비 점검 | [한파] 저체온증 위험 모니터링, 실내 대피 공간 운영, 동상 응급처치 키트 배치",이상 징후(쓰러짐·발열·외상) 발견 즉시 위험 단계 상향,전망대 — 고소 추락·현기증 위험
F03,전망대,매우혼잡,강풍|우천|폭염,3,0.1398,주의,🟡,0.1058,0.6734,0.2795,0.0471,예방 모니터 1명 + 대기 요원 1명,"구급함, 무전기, 음용수, 그늘막","예방 순찰 30분 간격 강화 | 응급 대응 장비 위치·작동 상태 점검 | 고위험 방문객 (노약자·어린이·임산부) 적극 모니터링 | 기상 변화·밀도 실시간 확인 | 대기 인력 현장 근접 배치 | [폭염] 그늘·음용수 추가 배치, 열사병 집중 모니터링, 피크타임 야외 자제 권고 | [우천] 미끄러짐 주의 안내, 낙뢰 위험 시설 대피, 우천 장비 점검 | [강풍] 낙하물 위험 구역 통제, 야외 구조물·천막 긴급 점검",이상 징후(쓰러짐·발열·외상) 발견 즉시 위험 단계 상향,전망대 — 고소 추락·현기증 위험
F03,전망대,매우혼잡,야간|우천|폭염,3,0.1362,주의,🟡,0.1058,0.772,0.1914,0.0366,예방 모니터 1명 + 대기 요원 1명,"구급함, 무전기, 음용수, 그늘막","예방 순찰 30분 간격 강화 | 응급 대응 장비 위치·작동 상태 점검 | 고위험 방문객 (노약자·어린이·임산부) 적극 모니터링 | 기상 변화·밀도 실시간 확인 | 대기 인력 현장 근접 배치 | [폭염] 그늘·음용수 추가 배치, 열사병 집중 모니터링, 피크타임 야외 자제 권고 | [우천] 미끄러짐 주의 안내, 낙뢰 위험 시설 대피, 우천 장비 점검 | [야간] 조명 확보 및 시야 불량 구역 안전선 설치, 야간 순찰 강화",이상 징후(쓰러짐·발열·외상) 발견 즉시 위험 단계 상향,전망대 — 고소 추락·현기증 위험
F03,전망대,매우혼잡,우천|폭염|피크타임,3,0.1347,주의,🟡,0.1058,0.8375,0.1143,0.0482,예방 모니터 1명 + 대기 요원 1명,"구급함, 무전기, 음용수, 그늘막","예방 순찰 30분 간격 강화 | 응급 대응 장비 위치·작동 상태 점검 | 고위험 방문객 (노약자·어린이·임산부) 적극 모니터링 | 기상 변화·밀도 실시간 확인 | 대기 인력 현장 근접 배치 | [폭염] 그늘·음용수 추가 배치, 열사병 집중 모니터링, 피크타임 야외 자제 권고 | [우천] 미끄러짐 주의 안내, 낙뢰 위험 시설 대피, 우천 장비 점검",이상 징후(쓰러짐·발열·외상) 발견 즉시 위험 단계 상향,전망대 — 고소 추락·현기증 위험
F03,전망대,매우혼잡,강풍|폭염|한파,3,0.1368,주의,🟡,0.1058,0.7142,0.2714,0.0144,예방 모니터 1명 + 대기 요원 1명,"구급함, 무전기, 음용수, 그늘막","예방 순찰 30분 간격 강화 | 응급 대응 장비 위치·작동 상태 점검 | 고위험 방문객 (노약자·어린이·임산부) 적극 모니터링 | 기상 변화·밀도 실시간 확인 | 대기 인력 현장 근접 배치 | [폭염] 그늘·음용수 추가 배치, 열사병 집중 모니터링, 피크타임 야외 자제 권고 | [한파] 저체온증 위험 모니터링, 실내 대피 공간 운영, 동상 응급처치 키트 배치 | [강풍] 낙하물 위험 구역 통제, 야외 구조물·천막 긴급 점검",이상 징후(쓰러짐·발열·외상) 발견 즉시 위험 단계 상향,전망대 — 고소 추락·현기증 위험
F03,전망대,매우혼잡,야간|폭염|한파,3,0.1355,주의,🟡,0.1058,0.7561,0.2293,0.0146,예방 모니터 1명 + 대기 요원 1명,"구급함, 무전기, 음용수, 그늘막","예방 순찰 30분 간격 강화 | 응급 대응 장비 위치·작동 상태 점검 | 고위험 방문객 (노약자·어린이·임산부) 적극 모니터링 | 기상 변화·밀도 실시간 확인 | 대기 인력 현장 근접 배치 | [폭염] 그늘·음용수 추가 배치, 열사병 집중 모니터링, 피크타임 야외 자제 권고 | [한파] 저체온증 위험 모니터링, 실내 대피 공간 운영, 동상 응급처치 키트 배치 | [야간] 조명 확보 및 시야 불량 구역 안전선 설치, 야간 순찰 강화",이상 징후(쓰러짐·발열·외상) 발견 즉시 위험 단계 상향,전망대 — 고소 추락·현기증 위험
F03,전망대,매우혼잡,폭염|피크타임|한파,3,0.1318,주의,🟡,0.1058,0.8751,0.1093,0.0155,예방 모니터 1명 + 대기 요원 1명,"구급함, 무전기, 음용수, 그늘막","예방 순찰 30분 간격 강화 | 응급 대응 장비 위치·작동 상태 점검 | 고위험 방문객 (노약자·어린이·임산부) 적극 모니터링 | 기상 변화·밀도 실시간 확인 | 대기 인력 현장 근접 배치 | [폭염] 그늘·음용수 추가 배치, 열사병 집중 모니터링, 피크타임 야외 자제 권고 | [한파] 저체온증 위험 모니터링, 실내 대피 공간 운영, 동상 응급처치 키트 배치",이상 징후(쓰러짐·발열·외상) 발견 즉시 위험 단계 상향,전망대 — 고소 추락·현기증 위험
F03,전망대,매우혼잡,강풍|야간|폭염,3,0.1355,주의,🟡,0.1058,0.7561,0.2293,0.0146,예방 모니터 1명 + 대기 요원 1명,"구급함, 무전기, 음용수, 그늘막","예방 순찰 30분 간격 강화 | 응급 대응 장비 위치·작동 상태 점검 | 고위험 방문객 (노약자·어린이·임산부) 적극 모니터링 | 기상 변화·밀도 실시간 확인 | 대기 인력 현장 근접 배치 | [폭염] 그늘·음용수 추가 배치, 열사병 집중 모니터링, 피크타임 야외 자제 권고 | [강풍] 낙하물 위험 구역 통제, 야외 구조물·천막 긴급 점검 | [야간] 조명 확보 및 시야 불량 구역 안전선 설치, 야간 순찰 강화",이상 징후(쓰러짐·발열·외상) 발견 즉시 위험 단계 상향,전망대 — 고소 추락·현기증 위험
F03,전망대,매우혼잡,강풍|폭염|피크타임,3,0.1318,주의,🟡,0.1058,0.8751,0.1093,0.0155,예방 모니터 1명 + 대기 요원 1명,"구급함, 무전기, 음용수, 그늘막","예방 순찰 30분 간격 강화 | 응급 대응 장비 위치·작동 상태 점검 | 고위험 방문객 (노약자·어린이·임산부) 적극 모니터링 | 기상 변화·밀도 실시간 확인 | 대기 인력 현장 근접 배치 | [폭염] 그늘·음용수 추가 배치, 열사병 집중 모니터링, 피크타임 야외 자제 권고 | [강풍] 낙하물 위험 구역 통제, 야외 구조물·천막 긴급 점검",이상 징후(쓰러짐·발열·외상) 발견 즉시 위험 단계 상향,전망대 — 고소 추락·현기증 위험
F03,전망대,매우혼잡,야간|폭염|피크타임,3,0.1355,주의,🟡,0.1058,0.7561,0.2293,0.0146,예방 모니터 1명 + 대기 요원 1명,"구급함, 무전기, 음용수, 그늘막","예방 순찰 30분 간격 강화 | 응급 대응 장비 위치·작동 상태 점검 | 고위험 방문객 (노약자·어린이·임산부) 적극 모니터링 | 기상 변화·밀도 실시간 확인 | 대기 인력 현장 근접 배치 | [폭염] 그늘·음용수 추가 배치, 열사병 집중 모니터링, 피크타임 야외 자제 권고 | [야간] 조명 확보 및 시야 불량 구역 안전선 설치, 야간 순찰 강화",이상 징후(쓰러짐·발열·외상) 발견 즉시 위험 단계 상향,전망대 — 고소 추락·현기증 위험
F03,전망대,매우혼잡,강풍|우천|한파,3,0.1376,주의,🟡,0.0969,0.3962,0.5247,0.0792,예방 모니터 1명 + 대기 요원 1명,"구급함, 무전기, 음용수, 그늘막","예방 순찰 30분 간격 강화 | 응급 대응 장비 위치·작동 상태 점검 | 고위험 방문객 (노약자·어린이·임산부) 적극 모니터링 | 기상 변화·밀도 실시간 확인 | 대기 인력 현장 근접 배치 | [우천] 미끄러짐 주의 안내, 낙뢰 위험 시설 대피, 우천 장비 점검 | [한파] 저체온증 위험 모니터링, 실내 대피 공간 운영, 동상 응급처치 키트 배치 | [강풍] 낙하물 위험 구역 통제, 야외 구조물·천막 긴급 점검",이상 징후(쓰러짐·발열·외상) 발견 즉시 위험 단계 상향,전망대 — 고소 추락·현기증 위험
F03,전망대,매우혼잡,야간|우천|한파,3,0.1368,주의,🟡,0.0969,0.4058,0.525,0.0692,예방 모니터 1명 + 대기 요원 1명,"구급함, 무전기, 음용수, 그늘막","예방 순찰 30분 간격 강화 | 응급 대응 장비 위치·작동 상태 점검 | 고위험 방문객 (노약자·어린이·임산부) 적극 모니터링 | 기상 변화·밀도 실시간 확인 | 대기 인력 현장 근접 배치 | [우천] 미끄러짐 주의 안내, 낙뢰 위험 시설 대피, 우천 장비 점검 | [한파] 저체온증 위험 모니터링, 실내 대피 공간 운영, 동상 응급처치 키트 배치 | [야간] 조명 확보 및 시야 불량 구역 안전선 설치, 야간 순찰 강화",이상 징후(쓰러짐·발열·외상) 발견 즉시 위험 단계 상향,전망대 — 고소 추락·현기증 위험
F03,전망대,매우혼잡,우천|피크타임|한파,3,0.1301,주의,🟡,0.0969,0.7341,0.1384,0.1275,예방 모니터 1명 + 대기 요원 1명,"구급함, 무전기, 음용수, 그늘막","예방 순찰 30분 간격 강화 | 응급 대응 장비 위치·작동 상태 점검 | 고위험 방문객 (노약자·어린이·임산부) 적극 모니터링 | 기상 변화·밀도 실시간 확인 | 대기 인력 현장 근접 배치 | [우천] 미끄러짐 주의 안내, 낙뢰 위험 시설 대피, 우천 장비 점검 | [한파] 저체온증 위험 모니터링, 실내 대피 공간 운영, 동상 응급처치 키트 배치",이상 징후(쓰러짐·발열·외상) 발견 즉시 위험 단계 상향,전망대 — 고소 추락·현기증 위험
F03,전망대,매우혼잡,강풍|야간|우천,3,0.1301,주의,🟡,0.0969,0.5565,0.4239,0.0196,예방 모니터 1명 + 대기 요원 1명,"구급함, 무전기, 음용수, 그늘막","예방 순찰 30분 간격 강화 | 응급 대응 장비 위치·작동 상태 점검 | 고위험 방문객 (노약자·어린이·임산부) 적극 모니터링 | 기상 변화·밀도 실시간 확인 | 대기 인력 현장 근접 배치 | [우천] 미끄러짐 주의 안내, 낙뢰 위험 시설 대피, 우천 장비 점검 | [강풍] 낙하물 위험 구역 통제, 야외 구조물·천막 긴급 점검 | [야간] 조명 확보 및 시야 불량 구역 안전선 설치, 야간 순찰 강화",이상 징후(쓰러짐·발열·외상) 발견 즉시 위험 단계 상향,전망대 — 고소 추락·현기증 위험
F03,전망대,매우혼잡,강풍|우천|피크타임,3,0.1205,주의,🟡,0.0969,0.9116,0.0538,0.0346,예방 모니터 1명 + 대기 요원 1명,"구급함, 무전기, 음용수, 그늘막","예방 순찰 30분 간격 강화 | 응급 대응 장비 위치·작동 상태 점검 | 고위험 방문객 (노약자·어린이·임산부) 적극 모니터링 | 기상 변화·밀도 실시간 확인 | 대기 인력 현장 근접 배치 | [우천] 미끄러짐 주의 안내, 낙뢰 위험 시설 대피, 우천 장비 점검 | [강풍] 낙하물 위험 구역 통제, 야외 구조물·천막 긴급 점검",이상 징후(쓰러짐·발열·외상) 발견 즉시 위험 단계 상향,전망대 — 고소 추락·현기증 위험
F03,전망대,매우혼잡,야간|우천|피크타임,3,0.1363,주의,🟡,0.0969,0.3457,0.6318,0.0226,예방 모니터 1명 + 대기 요원 1명,"구급함, 무전기, 음용수, 그늘막","예방 순찰 30분 간격 강화 | 응급 대응 장비 위치·작동 상태 점검 | 고위험 방문객 (노약자·어린이·임산부) 적극 모니터링 | 기상 변화·밀도 실시간 확인 | 대기 인력 현장 근접 배치 | [우천] 미끄러짐 주의 안내, 낙뢰 위험 시설 대피, 우천 장비 점검 | [야간] 조명 확보 및 시야 불량 구역 안전선 설치, 야간 순찰 강화",이상 징후(쓰러짐·발열·외상) 발견 즉시 위험 단계 상향,전망대 — 고소 추락·현기증 위험
F03,전망대,매우혼잡,강풍|야간|한파,3,0.1414,주의,🟡,0.0969,0.2461,0.6873,0.0667,예방 모니터 1명 + 대기 요원 1명,"구급함, 무전기, 음용수, 그늘막","예방 순찰 30분 간격 강화 | 응급 대응 장비 위치·작동 상태 점검 | 고위험 방문객 (노약자·어린이·임산부) 적극 모니터링 | 기상 변화·밀도 실시간 확인 | 대기 인력 현장 근접 배치 | [한파] 저체온증 위험 모니터링, 실내 대피 공간 운영, 동상 응급처치 키트 배치 | [강풍] 낙하물 위험 구역 통제, 야외 구조물·천막 긴급 점검 | [야간] 조명 확보 및 시야 불량 구역 안전선 설치, 야간 순찰 강화",이상 징후(쓰러짐·발열·외상) 발견 즉시 위험 단계 상향,전망대 — 고소 추락·현기증 위험
F03,전망대,매우혼잡,강풍|피크타임|한파,3,0.1311,주의,🟡,0.0969,0.7228,0.1358,0.1414,예방 모니터 1명 + 대기 요원 1명,"구급함, 무전기, 음용수, 그늘막","예방 순찰 30분 간격 강화 | 응급 대응 장비 위치·작동 상태 점검 | 고위험 방문객 (노약자·어린이·임산부) 적극 모니터링 | 기상 변화·밀도 실시간 확인 | 대기 인력 현장 근접 배치 | [한파] 저체온증 위험 모니터링, 실내 대피 공간 운영, 동상 응급처치 키트 배치 | [강풍] 낙하물 위험 구역 통제, 야외 구조물·천막 긴급 점검",이상 징후(쓰러짐·발열·외상) 발견 즉시 위험 단계 상향,전망대 — 고소 추락·현기증 위험
F03,전망대,매우혼잡,야간|피크타임|한파,3,0.1414,주의,🟡,0.0969,0.2461,0.6873,0.0667,예방 모니터 1명 + 대기 요원 1명,"구급함, 무전기, 음용수, 그늘막","예방 순찰 30분 간격 강화 | 응급 대응 장비 위치·작동 상태 점검 | 고위험 방문객 (노약자·어린이·임산부) 적극 모니터링 | 기상 변화·밀도 실시간 확인 | 대기 인력 현장 근접 배치 | [한파] 저체온증 위험 모니터링, 실내 대피 공간 운영, 동상 응급처치 키트 배치 | [야간] 조명 확보 및 시야 불량 구역 안전선 설치, 야간 순찰 강화",이상 징후(쓰러짐·발열·외상) 발견 즉시 위험 단계 상향,전망대 — 고소 추락·현기증 위험
F03,전망대,매우혼잡,강풍|야간|피크타임,3,0.1342,주의,🟡,0.0969,0.4163,0.5634,0.0203,예방 모니터 1명 + 대기 요원 1명,"구급함, 무전기, 음용수, 그늘막","예방 순찰 30분 간격 강화 | 응급 대응 장비 위치·작동 상태 점검 | 고위험 방문객 (노약자·어린이·임산부) 적극 모니터링 | 기상 변화·밀도 실시간 확인 | 대기 인력 현장 근접 배치 | [강풍] 낙하물 위험 구역 통제, 야외 구조물·천막 긴급 점검 | [야간] 조명 확보 및 시야 불량 구역 안전선 설치, 야간 순찰 강화",이상 징후(쓰러짐·발열·외상) 발견 즉시 위험 단계 상향,전망대 — 고소 추락·현기증 위험
F03,전망대,매우혼잡,강풍|우천|폭염|한파,4,0.1398,주의,🟡,0.1058,0.6734,0.2795,0.0471,예방 모니터 1명 + 대기 요원 1명,"구급함, 무전기, 음용수, 그늘막","예방 순찰 30분 간격 강화 | 응급 대응 장비 위치·작동 상태 점검 | 고위험 방문객 (노약자·어린이·임산부) 적극 모니터링 | 기상 변화·밀도 실시간 확인 | 대기 인력 현장 근접 배치 | [폭염] 그늘·음용수 추가 배치, 열사병 집중 모니터링, 피크타임 야외 자제 권고 | [우천] 미끄러짐 주의 안내, 낙뢰 위험 시설 대피, 우천 장비 점검 | [한파] 저체온증 위험 모니터링, 실내 대피 공간 운영, 동상 응급처치 키트 배치 | [강풍] 낙하물 위험 구역 통제, 야외 구조물·천막 긴급 점검",이상 징후(쓰러짐·발열·외상) 발견 즉시 위험 단계 상향,전망대 — 고소 추락·현기증 위험
F03,전망대,매우혼잡,야간|우천|폭염|한파,4,0.1362,주의,🟡,0.1058,0.772,0.1914,0.0366,예방 모니터 1명 + 대기 요원 1명,"구급함, 무전기, 음용수, 그늘막","예방 순찰 30분 간격 강화 | 응급 대응 장비 위치·작동 상태 점검 | 고위험 방문객 (노약자·어린이·임산부) 적극 모니터링 | 기상 변화·밀도 실시간 확인 | 대기 인력 현장 근접 배치 | [폭염] 그늘·음용수 추가 배치, 열사병 집중 모니터링, 피크타임 야외 자제 권고 | [우천] 미끄러짐 주의 안내, 낙뢰 위험 시설 대피, 우천 장비 점검 | [한파] 저체온증 위험 모니터링, 실내 대피 공간 운영, 동상 응급처치 키트 배치 | [야간] 조명 확보 및 시야 불량 구역 안전선 설치, 야간 순찰 강화",이상 징후(쓰러짐·발열·외상) 발견 즉시 위험 단계 상향,전망대 — 고소 추락·현기증 위험
F03,전망대,매우혼잡,우천|폭염|피크타임|한파,4,0.1347,주의,🟡,0.1058,0.8375,0.1143,0.0482,예방 모니터 1명 + 대기 요원 1명,"구급함, 무전기, 음용수, 그늘막","예방 순찰 30분 간격 강화 | 응급 대응 장비 위치·작동 상태 점검 | 고위험 방문객 (노약자·어린이·임산부) 적극 모니터링 | 기상 변화·밀도 실시간 확인 | 대기 인력 현장 근접 배치 | [폭염] 그늘·음용수 추가 배치, 열사병 집중 모니터링, 피크타임 야외 자제 권고 | [우천] 미끄러짐 주의 안내, 낙뢰 위험 시설 대피, 우천 장비 점검 | [한파] 저체온증 위험 모니터링, 실내 대피 공간 운영, 동상 응급처치 키트 배치",이상 징후(쓰러짐·발열·외상) 발견 즉시 위험 단계 상향,전망대 — 고소 추락·현기증 위험
F03,전망대,매우혼잡,강풍|야간|우천|폭염,4,0.1362,주의,🟡,0.1058,0.772,0.1914,0.0366,예방 모니터 1명 + 대기 요원 1명,"구급함, 무전기, 음용수, 그늘막","예방 순찰 30분 간격 강화 | 응급 대응 장비 위치·작동 상태 점검 | 고위험 방문객 (노약자·어린이·임산부) 적극 모니터링 | 기상 변화·밀도 실시간 확인 | 대기 인력 현장 근접 배치 | [폭염] 그늘·음용수 추가 배치, 열사병 집중 모니터링, 피크타임 야외 자제 권고 | [우천] 미끄러짐 주의 안내, 낙뢰 위험 시설 대피, 우천 장비 점검 | [강풍] 낙하물 위험 구역 통제, 야외 구조물·천막 긴급 점검 | [야간] 조명 확보 및 시야 불량 구역 안전선 설치, 야간 순찰 강화",이상 징후(쓰러짐·발열·외상) 발견 즉시 위험 단계 상향,전망대 — 고소 추락·현기증 위험
F03,전망대,매우혼잡,강풍|우천|폭염|피크타임,4,0.1347,주의,🟡,0.1058,0.8375,0.1143,0.0482,예방 모니터 1명 + 대기 요원 1명,"구급함, 무전기, 음용수, 그늘막","예방 순찰 30분 간격 강화 | 응급 대응 장비 위치·작동 상태 점검 | 고위험 방문객 (노약자·어린이·임산부) 적극 모니터링 | 기상 변화·밀도 실시간 확인 | 대기 인력 현장 근접 배치 | [폭염] 그늘·음용수 추가 배치, 열사병 집중 모니터링, 피크타임 야외 자제 권고 | [우천] 미끄러짐 주의 안내, 낙뢰 위험 시설 대피, 우천 장비 점검 | [강풍] 낙하물 위험 구역 통제, 야외 구조물·천막 긴급 점검",이상 징후(쓰러짐·발열·외상) 발견 즉시 위험 단계 상향,전망대 — 고소 추락·현기증 위험
F03,전망대,매우혼잡,야간|우천|폭염|피크타임,4,0.1362,주의,🟡,0.1058,0.772,0.1914,0.0366,예방 모니터 1명 + 대기 요원 1명,"구급함, 무전기, 음용수, 그늘막","예방 순찰 30분 간격 강화 | 응급 대응 장비 위치·작동 상태 점검 | 고위험 방문객 (노약자·어린이·임산부) 적극 모니터링 | 기상 변화·밀도 실시간 확인 | 대기 인력 현장 근접 배치 | [폭염] 그늘·음용수 추가 배치, 열사병 집중 모니터링, 피크타임 야외 자제 권고 | [우천] 미끄러짐 주의 안내, 낙뢰 위험 시설 대피, 우천 장비 점검 | [야간] 조명 확보 및 시야 불량 구역 안전선 설치, 야간 순찰 강화",이상 징후(쓰러짐·발열·외상) 발견 즉시 위험 단계 상향,전망대 — 고소 추락·현기증 위험
F03,전망대,매우혼잡,강풍|야간|폭염|한파,4,0.1355,주의,🟡,0.1058,0.7561,0.2293,0.0146,예방 모니터 1명 + 대기 요원 1명,"구급함, 무전기, 음용수, 그늘막","예방 순찰 30분 간격 강화 | 응급 대응 장비 위치·작동 상태 점검 | 고위험 방문객 (노약자·어린이·임산부) 적극 모니터링 | 기상 변화·밀도 실시간 확인 | 대기 인력 현장 근접 배치 | [폭염] 그늘·음용수 추가 배치, 열사병 집중 모니터링, 피크타임 야외 자제 권고 | [한파] 저체온증 위험 모니터링, 실내 대피 공간 운영, 동상 응급처치 키트 배치 | [강풍] 낙하물 위험 구역 통제, 야외 구조물·천막 긴급 점검 | [야간] 조명 확보 및 시야 불량 구역 안전선 설치, 야간 순찰 강화",이상 징후(쓰러짐·발열·외상) 발견 즉시 위험 단계 상향,전망대 — 고소 추락·현기증 위험
F03,전망대,매우혼잡,강풍|폭염|피크타임|한파,4,0.1318,주의,🟡,0.1058,0.8751,0.1093,0.0155,예방 모니터 1명 + 대기 요원 1명,"구급함, 무전기, 음용수, 그늘막","예방 순찰 30분 간격 강화 | 응급 대응 장비 위치·작동 상태 점검 | 고위험 방문객 (노약자·어린이·임산부) 적극 모니터링 | 기상 변화·밀도 실시간 확인 | 대기 인력 현장 근접 배치 | [폭염] 그늘·음용수 추가 배치, 열사병 집중 모니터링, 피크타임 야외 자제 권고 | [한파] 저체온증 위험 모니터링, 실내 대피 공간 운영, 동상 응급처치 키트 배치 | [강풍] 낙하물 위험 구역 통제, 야외 구조물·천막 긴급 점검",이상 징후(쓰러짐·발열·외상) 발견 즉시 위험 단계 상향,전망대 — 고소 추락·현기증 위험
F03,전망대,매우혼잡,야간|폭염|피크타임|한파,4,0.1355,주의,🟡,0.1058,0.7561,0.2293,0.0146,예방 모니터 1명 + 대기 요원 1명,"구급함, 무전기, 음용수, 그늘막","예방 순찰 30분 간격 강화 | 응급 대응 장비 위치·작동 상태 점검 | 고위험 방문객 (노약자·어린이·임산부) 적극 모니터링 | 기상 변화·밀도 실시간 확인 | 대기 인력 현장 근접 배치 | [폭염] 그늘·음용수 추가 배치, 열사병 집중 모니터링, 피크타임 야외 자제 권고 | [한파] 저체온증 위험 모니터링, 실내 대피 공간 운영, 동상 응급처치 키트 배치 | [야간] 조명 확보 및 시야 불량 구역 안전선 설치, 야간 순찰 강화",이상 징후(쓰러짐·발열·외상) 발견 즉시 위험 단계 상향,전망대 — 고소 추락·현기증 위험
F03,전망대,매우혼잡,강풍|야간|폭염|피크타임,4,0.1355,주의,🟡,0.1058,0.7561,0.2293,0.0146,예방 모니터 1명 + 대기 요원 1명,"구급함, 무전기, 음용수, 그늘막","예방 순찰 30분 간격 강화 | 응급 대응 장비 위치·작동 상태 점검 | 고위험 방문객 (노약자·어린이·임산부) 적극 모니터링 | 기상 변화·밀도 실시간 확인 | 대기 인력 현장 근접 배치 | [폭염] 그늘·음용수 추가 배치, 열사병 집중 모니터링, 피크타임 야외 자제 권고 | [강풍] 낙하물 위험 구역 통제, 야외 구조물·천막 긴급 점검 | [야간] 조명 확보 및 시야 불량 구역 안전선 설치, 야간 순찰 강화",이상 징후(쓰러짐·발열·외상) 발견 즉시 위험 단계 상향,전망대 — 고소 추락·현기증 위험
F03,전망대,매우혼잡,강풍|야간|우천|한파,4,0.1368,주의,🟡,0.0969,0.4058,0.525,0.0692,예방 모니터 1명 + 대기 요원 1명,"구급함, 무전기, 음용수, 그늘막","예방 순찰 30분 간격 강화 | 응급 대응 장비 위치·작동 상태 점검 | 고위험 방문객 (노약자·어린이·임산부) 적극 모니터링 | 기상 변화·밀도 실시간 확인 | 대기 인력 현장 근접 배치 | [우천] 미끄러짐 주의 안내, 낙뢰 위험 시설 대피, 우천 장비 점검 | [한파] 저체온증 위험 모니터링, 실내 대피 공간 운영, 동상 응급처치 키트 배치 | [강풍] 낙하물 위험 구역 통제, 야외 구조물·천막 긴급 점검 | [야간] 조명 확보 및 시야 불량 구역 안전선 설치, 야간 순찰 강화",이상 징후(쓰러짐·발열·외상) 발견 즉시 위험 단계 상향,전망대 — 고소 추락·현기증 위험
F03,전망대,매우혼잡,강풍|우천|피크타임|한파,4,0.1301,주의,🟡,0.0969,0.7341,0.1384,0.1275,예방 모니터 1명 + 대기 요원 1명,"구급함, 무전기, 음용수, 그늘막","예방 순찰 30분 간격 강화 | 응급 대응 장비 위치·작동 상태 점검 | 고위험 방문객 (노약자·어린이·임산부) 적극 모니터링 | 기상 변화·밀도 실시간 확인 | 대기 인력 현장 근접 배치 | [우천] 미끄러짐 주의 안내, 낙뢰 위험 시설 대피, 우천 장비 점검 | [한파] 저체온증 위험 모니터링, 실내 대피 공간 운영, 동상 응급처치 키트 배치 | [강풍] 낙하물 위험 구역 통제, 야외 구조물·천막 긴급 점검",이상 징후(쓰러짐·발열·외상) 발견 즉시 위험 단계 상향,전망대 — 고소 추락·현기증 위험
F03,전망대,매우혼잡,야간|우천|피크타임|한파,4,0.1368,주의,🟡,0.0969,0.4058,0.525,0.0692,예방 모니터 1명 + 대기 요원 1명,"구급함, 무전기, 음용수, 그늘막","예방 순찰 30분 간격 강화 | 응급 대응 장비 위치·작동 상태 점검 | 고위험 방문객 (노약자·어린이·임산부) 적극 모니터링 | 기상 변화·밀도 실시간 확인 | 대기 인력 현장 근접 배치 | [우천] 미끄러짐 주의 안내, 낙뢰 위험 시설 대피, 우천 장비 점검 | [한파] 저체온증 위험 모니터링, 실내 대피 공간 운영, 동상 응급처치 키트 배치 | [야간] 조명 확보 및 시야 불량 구역 안전선 설치, 야간 순찰 강화",이상 징후(쓰러짐·발열·외상) 발견 즉시 위험 단계 상향,전망대 — 고소 추락·현기증 위험
F03,전망대,매우혼잡,강풍|야간|우천|피크타임,4,0.1301,주의,🟡,0.0969,0.5565,0.4239,0.0196,예방 모니터 1명 + 대기 요원 1명,"구급함, 무전기, 음용수, 그늘막","예방 순찰 30분 간격 강화 | 응급 대응 장비 위치·작동 상태 점검 | 고위험 방문객 (노약자·어린이·임산부) 적극 모니터링 | 기상 변화·밀도 실시간 확인 | 대기 인력 현장 근접 배치 | [우천] 미끄러짐 주의 안내, 낙뢰 위험 시설 대피, 우천 장비 점검 | [강풍] 낙하물 위험 구역 통제, 야외 구조물·천막 긴급 점검 | [야간] 조명 확보 및 시야 불량 구역 안전선 설치, 야간 순찰 강화",이상 징후(쓰러짐·발열·외상) 발견 즉시 위험 단계 상향,전망대 — 고소 추락·현기증 위험
F03,전망대,매우혼잡,강풍|야간|피크타임|한파,4,0.1414,주의,🟡,0.0969,0.2461,0.6873,0.0667,예방 모니터 1명 + 대기 요원 1명,"구급함, 무전기, 음용수, 그늘막","예방 순찰 30분 간격 강화 | 응급 대응 장비 위치·작동 상태 점검 | 고위험 방문객 (노약자·어린이·임산부) 적극 모니터링 | 기상 변화·밀도 실시간 확인 | 대기 인력 현장 근접 배치 | [한파] 저체온증 위험 모니터링, 실내 대피 공간 운영, 동상 응급처치 키트 배치 | [강풍] 낙하물 위험 구역 통제, 야외 구조물·천막 긴급 점검 | [야간] 조명 확보 및 시야 불량 구역 안전선 설치, 야간 순찰 강화",이상 징후(쓰러짐·발열·외상) 발견 즉시 위험 단계 상향,전망대 — 고소 추락·현기증 위험
F03,전망대,매우혼잡,강풍|야간|우천|폭염|한파,5,0.1362,주의,🟡,0.1058,0.772,0.1914,0.0366,예방 모니터 1명 + 대기 요원 1명,"구급함, 무전기, 음용수, 그늘막","예방 순찰 30분 간격 강화 | 응급 대응 장비 위치·작동 상태 점검 | 고위험 방문객 (노약자·어린이·임산부) 적극 모니터링 | 기상 변화·밀도 실시간 확인 | 대기 인력 현장 근접 배치 | [폭염] 그늘·음용수 추가 배치, 열사병 집중 모니터링, 피크타임 야외 자제 권고 | [우천] 미끄러짐 주의 안내, 낙뢰 위험 시설 대피, 우천 장비 점검 | [한파] 저체온증 위험 모니터링, 실내 대피 공간 운영, 동상 응급처치 키트 배치 | [강풍] 낙하물 위험 구역 통제, 야외 구조물·천막 긴급 점검 | [야간] 조명 확보 및 시야 불량 구역 안전선 설치, 야간 순찰 강화",이상 징후(쓰러짐·발열·외상) 발견 즉시 위험 단계 상향,전망대 — 고소 추락·현기증 위험
F03,전망대,매우혼잡,강풍|우천|폭염|피크타임|한파,5,0.1347,주의,🟡,0.1058,0.8375,0.1143,0.0482,예방 모니터 1명 + 대기 요원 1명,"구급함, 무전기, 음용수, 그늘막","예방 순찰 30분 간격 강화 | 응급 대응 장비 위치·작동 상태 점검 | 고위험 방문객 (노약자·어린이·임산부) 적극 모니터링 | 기상 변화·밀도 실시간 확인 | 대기 인력 현장 근접 배치 | [폭염] 그늘·음용수 추가 배치, 열사병 집중 모니터링, 피크타임 야외 자제 권고 | [우천] 미끄러짐 주의 안내, 낙뢰 위험 시설 대피, 우천 장비 점검 | [한파] 저체온증 위험 모니터링, 실내 대피 공간 운영, 동상 응급처치 키트 배치 | [강풍] 낙하물 위험 구역 통제, 야외 구조물·천막 긴급 점검",이상 징후(쓰러짐·발열·외상) 발견 즉시 위험 단계 상향,전망대 — 고소 추락·현기증 위험
F03,전망대,매우혼잡,야간|우천|폭염|피크타임|한파,5,0.1362,주의,🟡,0.1058,0.772,0.1914,0.0366,예방 모니터 1명 + 대기 요원 1명,"구급함, 무전기, 음용수, 그늘막","예방 순찰 30분 간격 강화 | 응급 대응 장비 위치·작동 상태 점검 | 고위험 방문객 (노약자·어린이·임산부) 적극 모니터링 | 기상 변화·밀도 실시간 확인 | 대기 인력 현장 근접 배치 | [폭염] 그늘·음용수 추가 배치, 열사병 집중 모니터링, 피크타임 야외 자제 권고 | [우천] 미끄러짐 주의 안내, 낙뢰 위험 시설 대피, 우천 장비 점검 | [한파] 저체온증 위험 모니터링, 실내 대피 공간 운영, 동상 응급처치 키트 배치 | [야간] 조명 확보 및 시야 불량 구역 안전선 설치, 야간 순찰 강화",이상 징후(쓰러짐·발열·외상) 발견 즉시 위험 단계 상향,전망대 — 고소 추락·현기증 위험
F03,전망대,매우혼잡,강풍|야간|우천|폭염|피크타임,5,0.1362,주의,🟡,0.1058,0.772,0.1914,0.0366,예방 모니터 1명 + 대기 요원 1명,"구급함, 무전기, 음용수, 그늘막","예방 순찰 30분 간격 강화 | 응급 대응 장비 위치·작동 상태 점검 | 고위험 방문객 (노약자·어린이·임산부) 적극 모니터링 | 기상 변화·밀도 실시간 확인 | 대기 인력 현장 근접 배치 | [폭염] 그늘·음용수 추가 배치, 열사병 집중 모니터링, 피크타임 야외 자제 권고 | [우천] 미끄러짐 주의 안내, 낙뢰 위험 시설 대피, 우천 장비 점검 | [강풍] 낙하물 위험 구역 통제, 야외 구조물·천막 긴급 점검 | [야간] 조명 확보 및 시야 불량 구역 안전선 설치, 야간 순찰 강화",이상 징후(쓰러짐·발열·외상) 발견 즉시 위험 단계 상향,전망대 — 고소 추락·현기증 위험
F03,전망대,매우혼잡,강풍|야간|폭염|피크타임|한파,5,0.1355,주의,🟡,0.1058,0.7561,0.2293,0.0146,예방 모니터 1명 + 대기 요원 1명,"구급함, 무전기, 음용수, 그늘막","예방 순찰 30분 간격 강화 | 응급 대응 장비 위치·작동 상태 점검 | 고위험 방문객 (노약자·어린이·임산부) 적극 모니터링 | 기상 변화·밀도 실시간 확인 | 대기 인력 현장 근접 배치 | [폭염] 그늘·음용수 추가 배치, 열사병 집중 모니터링, 피크타임 야외 자제 권고 | [한파] 저체온증 위험 모니터링, 실내 대피 공간 운영, 동상 응급처치 키트 배치 | [강풍] 낙하물 위험 구역 통제, 야외 구조물·천막 긴급 점검 | [야간] 조명 확보 및 시야 불량 구역 안전선 설치, 야간 순찰 강화",이상 징후(쓰러짐·발열·외상) 발견 즉시 위험 단계 상향,전망대 — 고소 추락·현기증 위험
F03,전망대,매우혼잡,강풍|야간|우천|피크타임|한파,5,0.1368,주의,🟡,0.0969,0.4058,0.525,0.0692,예방 모니터 1명 + 대기 요원 1명,"구급함, 무전기, 음용수, 그늘막","예방 순찰 30분 간격 강화 | 응급 대응 장비 위치·작동 상태 점검 | 고위험 방문객 (노약자·어린이·임산부) 적극 모니터링 | 기상 변화·밀도 실시간 확인 | 대기 인력 현장 근접 배치 | [우천] 미끄러짐 주의 안내, 낙뢰 위험 시설 대피, 우천 장비 점검 | [한파] 저체온증 위험 모니터링, 실내 대피 공간 운영, 동상 응급처치 키트 배치 | [강풍] 낙하물 위험 구역 통제, 야외 구조물·천막 긴급 점검 | [야간] 조명 확보 및 시야 불량 구역 안전선 설치, 야간 순찰 강화",이상 징후(쓰러짐·발열·외상) 발견 즉시 위험 단계 상향,전망대 — 고소 추락·현기증 위험
F03,전망대,매우혼잡,강풍|야간|우천|폭염|피크타임|한파,6,0.1362,주의,🟡,0.1058,0.772,0.1914,0.0366,예방 모니터 1명 + 대기 요원 1명,"구급함, 무전기, 음용수, 그늘막","예방 순찰 30분 간격 강화 | 응급 대응 장비 위치·작동 상태 점검 | 고위험 방문객 (노약자·어린이·임산부) 적극 모니터링 | 기상 변화·밀도 실시간 확인 | 대기 인력 현장 근접 배치 | [폭염] 그늘·음용수 추가 배치, 열사병 집중 모니터링, 피크타임 야외 자제 권고 | [우천] 미끄러짐 주의 안내, 낙뢰 위험 시설 대피, 우천 장비 점검 | [한파] 저체온증 위험 모니터링, 실내 대피 공간 운영, 동상 응급처치 키트 배치 | [강풍] 낙하물 위험 구역 통제, 야외 구조물·천막 긴급 점검 | [야간] 조명 확보 및 시야 불량 구역 안전선 설치, 야간 순찰 강화",이상 징후(쓰러짐·발열·외상) 발견 즉시 위험 단계 상향,전망대 — 고소 추락·현기증 위험
F04,체험텃밭,여유,없음,0,0.0344,관찰,🔵,0.028,0.9255,0.0682,0.0062,순찰 요원 1명,"구급함, 무전기",일반 안전 순찰 60분 간격 유지 | 기상특보·예보 확인 | 방문객 밀도 추이 모니터링 | 비상 연락망 점검,기상특보 발령 또는 밀도 > 0.6 시 주의 단계 상향,체험장 — 활동 중 외상·골절 주의
F04,체험텃밭,여유,폭염,1,0.0368,관찰,🔵,0.028,0.8233,0.0584,0.1183,순찰 요원 1명,"구급함, 무전기","일반 안전 순찰 60분 간격 유지 | 기상특보·예보 확인 | 방문객 밀도 추이 모니터링 | 비상 연락망 점검 | [폭염] 그늘·음용수 추가 배치, 열사병 집중 모니터링, 피크타임 야외 자제 권고",기상특보 발령 또는 밀도 > 0.6 시 주의 단계 상향,체험장 — 활동 중 외상·골절 주의
F04,체험텃밭,여유,우천,1,0.0348,관찰,🔵,0.028,0.8676,0.1292,0.0031,순찰 요원 1명,"구급함, 무전기","일반 안전 순찰 60분 간격 유지 | 기상특보·예보 확인 | 방문객 밀도 추이 모니터링 | 비상 연락망 점검 | [우천] 미끄러짐 주의 안내, 낙뢰 위험 시설 대피, 우천 장비 점검",기상특보 발령 또는 밀도 > 0.6 시 주의 단계 상향,체험장 — 활동 중 외상·골절 주의
F04,체험텃밭,여유,한파,1,0.0396,관찰,🔵,0.028,0.6316,0.1618,0.2066,순찰 요원 1명,"구급함, 무전기","일반 안전 순찰 60분 간격 유지 | 기상특보·예보 확인 | 방문객 밀도 추이 모니터링 | 비상 연락망 점검 | [한파] 저체온증 위험 모니터링, 실내 대피 공간 운영, 동상 응급처치 키트 배치",기상특보 발령 또는 밀도 > 0.6 시 주의 단계 상향,체험장 — 활동 중 외상·골절 주의
F04,체험텃밭,여유,강풍,1,0.036,관찰,🔵,0.028,0.8112,0.1363,0.0525,순찰 요원 1명,"구급함, 무전기","일반 안전 순찰 60분 간격 유지 | 기상특보·예보 확인 | 방문객 밀도 추이 모니터링 | 비상 연락망 점검 | [강풍] 낙하물 위험 구역 통제, 야외 구조물·천막 긴급 점검",기상특보 발령 또는 밀도 > 0.6 시 주의 단계 상향,체험장 — 활동 중 외상·골절 주의
F04,체험텃밭,여유,야간,1,0.0356,관찰,🔵,0.028,0.8082,0.1648,0.027,순찰 요원 1명,"구급함, 무전기","일반 안전 순찰 60분 간격 유지 | 기상특보·예보 확인 | 방문객 밀도 추이 모니터링 | 비상 연락망 점검 | [야간] 조명 확보 및 시야 불량 구역 안전선 설치, 야간 순찰 강화",기상특보 발령 또는 밀도 > 0.6 시 주의 단계 상향,체험장 — 활동 중 외상·골절 주의
F04,체험텃밭,여유,피크타임,1,0.0347,관찰,🔵,0.028,0.9287,0.0368,0.0345,순찰 요원 1명,"구급함, 무전기",일반 안전 순찰 60분 간격 유지 | 기상특보·예보 확인 | 방문객 밀도 추이 모니터링 | 비상 연락망 점검,기상특보 발령 또는 밀도 > 0.6 시 주의 단계 상향,체험장 — 활동 중 외상·골절 주의
F04,체험텃밭,여유,우천|폭염,2,0.0359,관찰,🔵,0.028,0.8721,0.0423,0.0856,순찰 요원 1명,"구급함, 무전기","일반 안전 순찰 60분 간격 유지 | 기상특보·예보 확인 | 방문객 밀도 추이 모니터링 | 비상 연락망 점검 | [폭염] 그늘·음용수 추가 배치, 열사병 집중 모니터링, 피크타임 야외 자제 권고 | [우천] 미끄러짐 주의 안내, 낙뢰 위험 시설 대피, 우천 장비 점검",기상특보 발령 또는 밀도 > 0.6 시 주의 단계 상향,체험장 — 활동 중 외상·골절 주의
F04,체험텃밭,여유,폭염|한파,2,0.0368,관찰,🔵,0.028,0.8233,0.0584,0.1183,순찰 요원 1명,"구급함, 무전기","일반 안전 순찰 60분 간격 유지 | 기상특보·예보 확인 | 방문객 밀도 추이 모니터링 | 비상 연락망 점검 | [폭염] 그늘·음용수 추가 배치, 열사병 집중 모니터링, 피크타임 야외 자제 권고 | [한파] 저체온증 위험 모니터링, 실내 대피 공간 운영, 동상 응급처치 키트 배치",기상특보 발령 또는 밀도 > 0.6 시 주의 단계 상향,체험장 — 활동 중 외상·골절 주의
F04,체험텃밭,여유,강풍|폭염,2,0.0368,관찰,🔵,0.028,0.8233,0.0584,0.1183,순찰 요원 1명,"구급함, 무전기","일반 안전 순찰 60분 간격 유지 | 기상특보·예보 확인 | 방문객 밀도 추이 모니터링 | 비상 연락망 점검 | [폭염] 그늘·음용수 추가 배치, 열사병 집중 모니터링, 피크타임 야외 자제 권고 | [강풍] 낙하물 위험 구역 통제, 야외 구조물·천막 긴급 점검",기상특보 발령 또는 밀도 > 0.6 시 주의 단계 상향,체험장 — 활동 중 외상·골절 주의
F04,체험텃밭,여유,야간|폭염,2,0.0382,관찰,🔵,0.028,0.7616,0.0537,0.1847,순찰 요원 1명,"구급함, 무전기","일반 안전 순찰 60분 간격 유지 | 기상특보·예보 확인 | 방문객 밀도 추이 모니터링 | 비상 연락망 점검 | [폭염] 그늘·음용수 추가 배치, 열사병 집중 모니터링, 피크타임 야외 자제 권고 | [야간] 조명 확보 및 시야 불량 구역 안전선 설치, 야간 순찰 강화",기상특보 발령 또는 밀도 > 0.6 시 주의 단계 상향,체험장 — 활동 중 외상·골절 주의
F04,체험텃밭,여유,폭염|피크타임,2,0.0397,관찰,🔵,0.028,0.6892,0.064,0.2468,순찰 요원 1명,"구급함, 무전기","일반 안전 순찰 60분 간격 유지 | 기상특보·예보 확인 | 방문객 밀도 추이 모니터링 | 비상 연락망 점검 | [폭염] 그늘·음용수 추가 배치, 열사병 집중 모니터링, 피크타임 야외 자제 권고",기상특보 발령 또는 밀도 > 0.6 시 주의 단계 상향,체험장 — 활동 중 외상·골절 주의
F04,체험텃밭,여유,우천|한파,2,0.036,관찰,🔵,0.028,0.777,0.1909,0.0321,순찰 요원 1명,"구급함, 무전기","일반 안전 순찰 60분 간격 유지 | 기상특보·예보 확인 | 방문객 밀도 추이 모니터링 | 비상 연락망 점검 | [우천] 미끄러짐 주의 안내, 낙뢰 위험 시설 대피, 우천 장비 점검 | [한파] 저체온증 위험 모니터링, 실내 대피 공간 운영, 동상 응급처치 키트 배치",기상특보 발령 또는 밀도 > 0.6 시 주의 단계 상향,체험장 — 활동 중 외상·골절 주의
F04,체험텃밭,여유,강풍|우천,2,0.0346,관찰,🔵,0.028,0.8977,0.0938,0.0085,순찰 요원 1명,"구급함, 무전기","일반 안전 순찰 60분 간격 유지 | 기상특보·예보 확인 | 방문객 밀도 추이 모니터링 | 비상 연락망 점검 | [우천] 미끄러짐 주의 안내, 낙뢰 위험 시설 대피, 우천 장비 점검 | [강풍] 낙하물 위험 구역 통제, 야외 구조물·천막 긴급 점검",기상특보 발령 또는 밀도 > 0.6 시 주의 단계 상향,체험장 — 활동 중 외상·골절 주의
F04,체험텃밭,여유,야간|우천,2,0.0353,관찰,🔵,0.028,0.8143,0.176,0.0097,순찰 요원 1명,"구급함, 무전기","일반 안전 순찰 60분 간격 유지 | 기상특보·예보 확인 | 방문객 밀도 추이 모니터링 | 비상 연락망 점검 | [우천] 미끄러짐 주의 안내, 낙뢰 위험 시설 대피, 우천 장비 점검 | [야간] 조명 확보 및 시야 불량 구역 안전선 설치, 야간 순찰 강화",기상특보 발령 또는 밀도 > 0.6 시 주의 단계 상향,체험장 — 활동 중 외상·골절 주의
F04,체험텃밭,여유,우천|피크타임,2,0.0349,관찰,🔵,0.028,0.901,0.072,0.027,순찰 요원 1명,"구급함, 무전기","일반 안전 순찰 60분 간격 유지 | 기상특보·예보 확인 | 방문객 밀도 추이 모니터링 | 비상 연락망 점검 | [우천] 미끄러짐 주의 안내, 낙뢰 위험 시설 대피, 우천 장비 점검",기상특보 발령 또는 밀도 > 0.6 시 주의 단계 상향,체험장 — 활동 중 외상·골절 주의
F04,체험텃밭,여유,강풍|한파,2,0.0396,관찰,🔵,0.028,0.6316,0.1618,0.2066,순찰 요원 1명,"구급함, 무전기","일반 안전 순찰 60분 간격 유지 | 기상특보·예보 확인 | 방문객 밀도 추이 모니터링 | 비상 연락망 점검 | [한파] 저체온증 위험 모니터링, 실내 대피 공간 운영, 동상 응급처치 키트 배치 | [강풍] 낙하물 위험 구역 통제, 야외 구조물·천막 긴급 점검",기상특보 발령 또는 밀도 > 0.6 시 주의 단계 상향,체험장 — 활동 중 외상·골절 주의
F04,체험텃밭,여유,야간|한파,2,0.0436,관찰,🔵,0.028,0.271,0.4544,0.2746,순찰 요원 1명,"구급함, 무전기","일반 안전 순찰 60분 간격 유지 | 기상특보·예보 확인 | 방문객 밀도 추이 모니터링 | 비상 연락망 점검 | [한파] 저체온증 위험 모니터링, 실내 대피 공간 운영, 동상 응급처치 키트 배치 | [야간] 조명 확보 및 시야 불량 구역 안전선 설치, 야간 순찰 강화",기상특보 발령 또는 밀도 > 0.6 시 주의 단계 상향,체험장 — 활동 중 외상·골절 주의
F04,체험텃밭,여유,피크타임|한파,2,0.0436,관찰,🔵,0.028,0.5049,0.0798,0.4153,순찰 요원 1명,"구급함, 무전기","일반 안전 순찰 60분 간격 유지 | 기상특보·예보 확인 | 방문객 밀도 추이 모니터링 | 비상 연락망 점검 | [한파] 저체온증 위험 모니터링, 실내 대피 공간 운영, 동상 응급처치 키트 배치",기상특보 발령 또는 밀도 > 0.6 시 주의 단계 상향,체험장 — 활동 중 외상·골절 주의
F04,체험텃밭,여유,강풍|야간,2,0.04,관찰,🔵,0.028,0.3299,0.6199,0.0502,순찰 요원 1명,"구급함, 무전기","일반 안전 순찰 60분 간격 유지 | 기상특보·예보 확인 | 방문객 밀도 추이 모니터링 | 비상 연락망 점검 | [강풍] 낙하물 위험 구역 통제, 야외 구조물·천막 긴급 점검 | [야간] 조명 확보 및 시야 불량 구역 안전선 설치, 야간 순찰 강화",기상특보 발령 또는 밀도 > 0.6 시 주의 단계 상향,체험장 — 활동 중 외상·골절 주의
F04,체험텃밭,여유,강풍|피크타임,2,0.0378,관찰,🔵,0.028,0.7788,0.0604,0.1608,순찰 요원 1명,"구급함, 무전기","일반 안전 순찰 60분 간격 유지 | 기상특보·예보 확인 | 방문객 밀도 추이 모니터링 | 비상 연락망 점검 | [강풍] 낙하물 위험 구역 통제, 야외 구조물·천막 긴급 점검",기상특보 발령 또는 밀도 > 0.6 시 주의 단계 상향,체험장 — 활동 중 외상·골절 주의
F04,체험텃밭,여유,야간|피크타임,2,0.0356,관찰,🔵,0.028,0.8082,0.1648,0.027,순찰 요원 1명,"구급함, 무전기","일반 안전 순찰 60분 간격 유지 | 기상특보·예보 확인 | 방문객 밀도 추이 모니터링 | 비상 연락망 점검 | [야간] 조명 확보 및 시야 불량 구역 안전선 설치, 야간 순찰 강화",기상특보 발령 또는 밀도 > 0.6 시 주의 단계 상향,체험장 — 활동 중 외상·골절 주의
F04,체험텃밭,여유,우천|폭염|한파,3,0.0359,관찰,🔵,0.028,0.8721,0.0423,0.0856,순찰 요원 1명,"구급함, 무전기","일반 안전 순찰 60분 간격 유지 | 기상특보·예보 확인 | 방문객 밀도 추이 모니터링 | 비상 연락망 점검 | [폭염] 그늘·음용수 추가 배치, 열사병 집중 모니터링, 피크타임 야외 자제 권고 | [우천] 미끄러짐 주의 안내, 낙뢰 위험 시설 대피, 우천 장비 점검 | [한파] 저체온증 위험 모니터링, 실내 대피 공간 운영, 동상 응급처치 키트 배치",기상특보 발령 또는 밀도 > 0.6 시 주의 단계 상향,체험장 — 활동 중 외상·골절 주의
F04,체험텃밭,여유,강풍|우천|폭염,3,0.0359,관찰,🔵,0.028,0.8721,0.0423,0.0856,순찰 요원 1명,"구급함, 무전기","일반 안전 순찰 60분 간격 유지 | 기상특보·예보 확인 | 방문객 밀도 추이 모니터링 | 비상 연락망 점검 | [폭염] 그늘·음용수 추가 배치, 열사병 집중 모니터링, 피크타임 야외 자제 권고 | [우천] 미끄러짐 주의 안내, 낙뢰 위험 시설 대피, 우천 장비 점검 | [강풍] 낙하물 위험 구역 통제, 야외 구조물·천막 긴급 점검",기상특보 발령 또는 밀도 > 0.6 시 주의 단계 상향,체험장 — 활동 중 외상·골절 주의
F04,체험텃밭,여유,야간|우천|폭염,3,0.0363,관찰,🔵,0.028,0.8673,0.0222,0.1105,순찰 요원 1명,"구급함, 무전기","일반 안전 순찰 60분 간격 유지 | 기상특보·예보 확인 | 방문객 밀도 추이 모니터링 | 비상 연락망 점검 | [폭염] 그늘·음용수 추가 배치, 열사병 집중 모니터링, 피크타임 야외 자제 권고 | [우천] 미끄러짐 주의 안내, 낙뢰 위험 시설 대피, 우천 장비 점검 | [야간] 조명 확보 및 시야 불량 구역 안전선 설치, 야간 순찰 강화",기상특보 발령 또는 밀도 > 0.6 시 주의 단계 상향,체험장 — 활동 중 외상·골절 주의
F04,체험텃밭,여유,우천|폭염|피크타임,3,0.0391,관찰,🔵,0.028,0.7209,0.0547,0.2244,순찰 요원 1명,"구급함, 무전기","일반 안전 순찰 60분 간격 유지 | 기상특보·예보 확인 | 방문객 밀도 추이 모니터링 | 비상 연락망 점검 | [폭염] 그늘·음용수 추가 배치, 열사병 집중 모니터링, 피크타임 야외 자제 권고 | [우천] 미끄러짐 주의 안내, 낙뢰 위험 시설 대피, 우천 장비 점검",기상특보 발령 또는 밀도 > 0.6 시 주의 단계 상향,체험장 — 활동 중 외상·골절 주의
F04,체험텃밭,여유,강풍|폭염|한파,3,0.0368,관찰,🔵,0.028,0.8233,0.0584,0.1183,순찰 요원 1명,"구급함, 무전기","일반 안전 순찰 60분 간격 유지 | 기상특보·예보 확인 | 방문객 밀도 추이 모니터링 | 비상 연락망 점검 | [폭염] 그늘·음용수 추가 배치, 열사병 집중 모니터링, 피크타임 야외 자제 권고 | [한파] 저체온증 위험 모니터링, 실내 대피 공간 운영, 동상 응급처치 키트 배치 | [강풍] 낙하물 위험 구역 통제, 야외 구조물·천막 긴급 점검",기상특보 발령 또는 밀도 > 0.6 시 주의 단계 상향,체험장 — 활동 중 외상·골절 주의
F04,체험텃밭,여유,야간|폭염|한파,3,0.0382,관찰,🔵,0.028,0.7616,0.0537,0.1847,순찰 요원 1명,"구급함, 무전기","일반 안전 순찰 60분 간격 유지 | 기상특보·예보 확인 | 방문객 밀도 추이 모니터링 | 비상 연락망 점검 | [폭염] 그늘·음용수 추가 배치, 열사병 집중 모니터링, 피크타임 야외 자제 권고 | [한파] 저체온증 위험 모니터링, 실내 대피 공간 운영, 동상 응급처치 키트 배치 | [야간] 조명 확보 및 시야 불량 구역 안전선 설치, 야간 순찰 강화",기상특보 발령 또는 밀도 > 0.6 시 주의 단계 상향,체험장 — 활동 중 외상·골절 주의
F04,체험텃밭,여유,폭염|피크타임|한파,3,0.0397,관찰,🔵,0.028,0.6892,0.064,0.2468,순찰 요원 1명,"구급함, 무전기","일반 안전 순찰 60분 간격 유지 | 기상특보·예보 확인 | 방문객 밀도 추이 모니터링 | 비상 연락망 점검 | [폭염] 그늘·음용수 추가 배치, 열사병 집중 모니터링, 피크타임 야외 자제 권고 | [한파] 저체온증 위험 모니터링, 실내 대피 공간 운영, 동상 응급처치 키트 배치",기상특보 발령 또는 밀도 > 0.6 시 주의 단계 상향,체험장 — 활동 중 외상·골절 주의
F04,체험텃밭,여유,강풍|야간|폭염,3,0.0382,관찰,🔵,0.028,0.7616,0.0537,0.1847,순찰 요원 1명,"구급함, 무전기","일반 안전 순찰 60분 간격 유지 | 기상특보·예보 확인 | 방문객 밀도 추이 모니터링 | 비상 연락망 점검 | [폭염] 그늘·음용수 추가 배치, 열사병 집중 모니터링, 피크타임 야외 자제 권고 | [강풍] 낙하물 위험 구역 통제, 야외 구조물·천막 긴급 점검 | [야간] 조명 확보 및 시야 불량 구역 안전선 설치, 야간 순찰 강화",기상특보 발령 또는 밀도 > 0.6 시 주의 단계 상향,체험장 — 활동 중 외상·골절 주의
F04,체험텃밭,여유,강풍|폭염|피크타임,3,0.0397,관찰,🔵,0.028,0.6892,0.064,0.2468,순찰 요원 1명,"구급함, 무전기","일반 안전 순찰 60분 간격 유지 | 기상특보·예보 확인 | 방문객 밀도 추이 모니터링 | 비상 연락망 점검 | [폭염] 그늘·음용수 추가 배치, 열사병 집중 모니터링, 피크타임 야외 자제 권고 | [강풍] 낙하물 위험 구역 통제, 야외 구조물·천막 긴급 점검",기상특보 발령 또는 밀도 > 0.6 시 주의 단계 상향,체험장 — 활동 중 외상·골절 주의
F04,체험텃밭,여유,야간|폭염|피크타임,3,0.0382,관찰,🔵,0.028,0.7616,0.0537,0.1847,순찰 요원 1명,"구급함, 무전기","일반 안전 순찰 60분 간격 유지 | 기상특보·예보 확인 | 방문객 밀도 추이 모니터링 | 비상 연락망 점검 | [폭염] 그늘·음용수 추가 배치, 열사병 집중 모니터링, 피크타임 야외 자제 권고 | [야간] 조명 확보 및 시야 불량 구역 안전선 설치, 야간 순찰 강화",기상특보 발령 또는 밀도 > 0.6 시 주의 단계 상향,체험장 — 활동 중 외상·골절 주의
F04,체험텃밭,여유,강풍|우천|한파,3,0.036,관찰,🔵,0.028,0.777,0.1909,0.0321,순찰 요원 1명,"구급함, 무전기","일반 안전 순찰 60분 간격 유지 | 기상특보·예보 확인 | 방문객 밀도 추이 모니터링 | 비상 연락망 점검 | [우천] 미끄러짐 주의 안내, 낙뢰 위험 시설 대피, 우천 장비 점검 | [한파] 저체온증 위험 모니터링, 실내 대피 공간 운영, 동상 응급처치 키트 배치 | [강풍] 낙하물 위험 구역 통제, 야외 구조물·천막 긴급 점검",기상특보 발령 또는 밀도 > 0.6 시 주의 단계 상향,체험장 — 활동 중 외상·골절 주의
F04,체험텃밭,여유,야간|우천|한파,3,0.0383,관찰,🔵,0.028,0.5607,0.3717,0.0676,순찰 요원 1명,"구급함, 무전기","일반 안전 순찰 60분 간격 유지 | 기상특보·예보 확인 | 방문객 밀도 추이 모니터링 | 비상 연락망 점검 | [우천] 미끄러짐 주의 안내, 낙뢰 위험 시설 대피, 우천 장비 점검 | [한파] 저체온증 위험 모니터링, 실내 대피 공간 운영, 동상 응급처치 키트 배치 | [야간] 조명 확보 및 시야 불량 구역 안전선 설치, 야간 순찰 강화",기상특보 발령 또는 밀도 > 0.6 시 주의 단계 상향,체험장 — 활동 중 외상·골절 주의
F04,체험텃밭,여유,우천|피크타임|한파,3,0.0377,관찰,🔵,0.028,0.7322,0.1394,0.1284,순찰 요원 1명,"구급함, 무전기","일반 안전 순찰 60분 간격 유지 | 기상특보·예보 확인 | 방문객 밀도 추이 모니터링 | 비상 연락망 점검 | [우천] 미끄러짐 주의 안내, 낙뢰 위험 시설 대피, 우천 장비 점검 | [한파] 저체온증 위험 모니터링, 실내 대피 공간 운영, 동상 응급처치 키트 배치",기상특보 발령 또는 밀도 > 0.6 시 주의 단계 상향,체험장 — 활동 중 외상·골절 주의
F04,체험텃밭,여유,강풍|야간|우천,3,0.0367,관찰,🔵,0.028,0.6568,0.3284,0.0149,순찰 요원 1명,"구급함, 무전기","일반 안전 순찰 60분 간격 유지 | 기상특보·예보 확인 | 방문객 밀도 추이 모니터링 | 비상 연락망 점검 | [우천] 미끄러짐 주의 안내, 낙뢰 위험 시설 대피, 우천 장비 점검 | [강풍] 낙하물 위험 구역 통제, 야외 구조물·천막 긴급 점검 | [야간] 조명 확보 및 시야 불량 구역 안전선 설치, 야간 순찰 강화",기상특보 발령 또는 밀도 > 0.6 시 주의 단계 상향,체험장 — 활동 중 외상·골절 주의
F04,체험텃밭,여유,강풍|우천|피크타임,3,0.035,관찰,🔵,0.028,0.9105,0.0471,0.0424,순찰 요원 1명,"구급함, 무전기","일반 안전 순찰 60분 간격 유지 | 기상특보·예보 확인 | 방문객 밀도 추이 모니터링 | 비상 연락망 점검 | [우천] 미끄러짐 주의 안내, 낙뢰 위험 시설 대피, 우천 장비 점검 | [강풍] 낙하물 위험 구역 통제, 야외 구조물·천막 긴급 점검",기상특보 발령 또는 밀도 > 0.6 시 주의 단계 상향,체험장 — 활동 중 외상·골절 주의
F04,체험텃밭,여유,야간|우천|피크타임,3,0.0353,관찰,🔵,0.028,0.8143,0.176,0.0097,순찰 요원 1명,"구급함, 무전기","일반 안전 순찰 60분 간격 유지 | 기상특보·예보 확인 | 방문객 밀도 추이 모니터링 | 비상 연락망 점검 | [우천] 미끄러짐 주의 안내, 낙뢰 위험 시설 대피, 우천 장비 점검 | [야간] 조명 확보 및 시야 불량 구역 안전선 설치, 야간 순찰 강화",기상특보 발령 또는 밀도 > 0.6 시 주의 단계 상향,체험장 — 활동 중 외상·골절 주의
F04,체험텃밭,여유,강풍|야간|한파,3,0.0436,관찰,🔵,0.028,0.271,0.4544,0.2746,순찰 요원 1명,"구급함, 무전기","일반 안전 순찰 60분 간격 유지 | 기상특보·예보 확인 | 방문객 밀도 추이 모니터링 | 비상 연락망 점검 | [한파] 저체온증 위험 모니터링, 실내 대피 공간 운영, 동상 응급처치 키트 배치 | [강풍] 낙하물 위험 구역 통제, 야외 구조물·천막 긴급 점검 | [야간] 조명 확보 및 시야 불량 구역 안전선 설치, 야간 순찰 강화",기상특보 발령 또는 밀도 > 0.6 시 주의 단계 상향,체험장 — 활동 중 외상·골절 주의
F04,체험텃밭,여유,강풍|피크타임|한파,3,0.0436,관찰,🔵,0.028,0.5049,0.0798,0.4153,순찰 요원 1명,"구급함, 무전기","일반 안전 순찰 60분 간격 유지 | 기상특보·예보 확인 | 방문객 밀도 추이 모니터링 | 비상 연락망 점검 | [한파] 저체온증 위험 모니터링, 실내 대피 공간 운영, 동상 응급처치 키트 배치 | [강풍] 낙하물 위험 구역 통제, 야외 구조물·천막 긴급 점검",기상특보 발령 또는 밀도 > 0.6 시 주의 단계 상향,체험장 — 활동 중 외상·골절 주의
F04,체험텃밭,여유,야간|피크타임|한파,3,0.0436,관찰,🔵,0.028,0.271,0.4544,0.2746,순찰 요원 1명,"구급함, 무전기","일반 안전 순찰 60분 간격 유지 | 기상특보·예보 확인 | 방문객 밀도 추이 모니터링 | 비상 연락망 점검 | [한파] 저체온증 위험 모니터링, 실내 대피 공간 운영, 동상 응급처치 키트 배치 | [야간] 조명 확보 및 시야 불량 구역 안전선 설치, 야간 순찰 강화",기상특보 발령 또는 밀도 > 0.6 시 주의 단계 상향,체험장 — 활동 중 외상·골절 주의
F04,체험텃밭,여유,강풍|야간|피크타임,3,0.04,관찰,🔵,0.028,0.3299,0.6199,0.0502,순찰 요원 1명,"구급함, 무전기","일반 안전 순찰 60분 간격 유지 | 기상특보·예보 확인 | 방문객 밀도 추이 모니터링 | 비상 연락망 점검 | [강풍] 낙하물 위험 구역 통제, 야외 구조물·천막 긴급 점검 | [야간] 조명 확보 및 시야 불량 구역 안전선 설치, 야간 순찰 강화",기상특보 발령 또는 밀도 > 0.6 시 주의 단계 상향,체험장 — 활동 중 외상·골절 주의
F04,체험텃밭,여유,강풍|우천|폭염|한파,4,0.0359,관찰,🔵,0.028,0.8721,0.0423,0.0856,순찰 요원 1명,"구급함, 무전기","일반 안전 순찰 60분 간격 유지 | 기상특보·예보 확인 | 방문객 밀도 추이 모니터링 | 비상 연락망 점검 | [폭염] 그늘·음용수 추가 배치, 열사병 집중 모니터링, 피크타임 야외 자제 권고 | [우천] 미끄러짐 주의 안내, 낙뢰 위험 시설 대피, 우천 장비 점검 | [한파] 저체온증 위험 모니터링, 실내 대피 공간 운영, 동상 응급처치 키트 배치 | [강풍] 낙하물 위험 구역 통제, 야외 구조물·천막 긴급 점검",기상특보 발령 또는 밀도 > 0.6 시 주의 단계 상향,체험장 — 활동 중 외상·골절 주의
F04,체험텃밭,여유,야간|우천|폭염|한파,4,0.0363,관찰,🔵,0.028,0.8673,0.0222,0.1105,순찰 요원 1명,"구급함, 무전기","일반 안전 순찰 60분 간격 유지 | 기상특보·예보 확인 | 방문객 밀도 추이 모니터링 | 비상 연락망 점검 | [폭염] 그늘·음용수 추가 배치, 열사병 집중 모니터링, 피크타임 야외 자제 권고 | [우천] 미끄러짐 주의 안내, 낙뢰 위험 시설 대피, 우천 장비 점검 | [한파] 저체온증 위험 모니터링, 실내 대피 공간 운영, 동상 응급처치 키트 배치 | [야간] 조명 확보 및 시야 불량 구역 안전선 설치, 야간 순찰 강화",기상특보 발령 또는 밀도 > 0.6 시 주의 단계 상향,체험장 — 활동 중 외상·골절 주의
F04,체험텃밭,여유,우천|폭염|피크타임|한파,4,0.0391,관찰,🔵,0.028,0.7209,0.0547,0.2244,순찰 요원 1명,"구급함, 무전기","일반 안전 순찰 60분 간격 유지 | 기상특보·예보 확인 | 방문객 밀도 추이 모니터링 | 비상 연락망 점검 | [폭염] 그늘·음용수 추가 배치, 열사병 집중 모니터링, 피크타임 야외 자제 권고 | [우천] 미끄러짐 주의 안내, 낙뢰 위험 시설 대피, 우천 장비 점검 | [한파] 저체온증 위험 모니터링, 실내 대피 공간 운영, 동상 응급처치 키트 배치",기상특보 발령 또는 밀도 > 0.6 시 주의 단계 상향,체험장 — 활동 중 외상·골절 주의
F04,체험텃밭,여유,강풍|야간|우천|폭염,4,0.0363,관찰,🔵,0.028,0.8673,0.0222,0.1105,순찰 요원 1명,"구급함, 무전기","일반 안전 순찰 60분 간격 유지 | 기상특보·예보 확인 | 방문객 밀도 추이 모니터링 | 비상 연락망 점검 | [폭염] 그늘·음용수 추가 배치, 열사병 집중 모니터링, 피크타임 야외 자제 권고 | [우천] 미끄러짐 주의 안내, 낙뢰 위험 시설 대피, 우천 장비 점검 | [강풍] 낙하물 위험 구역 통제, 야외 구조물·천막 긴급 점검 | [야간] 조명 확보 및 시야 불량 구역 안전선 설치, 야간 순찰 강화",기상특보 발령 또는 밀도 > 0.6 시 주의 단계 상향,체험장 — 활동 중 외상·골절 주의
F04,체험텃밭,여유,강풍|우천|폭염|피크타임,4,0.0391,관찰,🔵,0.028,0.7209,0.0547,0.2244,순찰 요원 1명,"구급함, 무전기","일반 안전 순찰 60분 간격 유지 | 기상특보·예보 확인 | 방문객 밀도 추이 모니터링 | 비상 연락망 점검 | [폭염] 그늘·음용수 추가 배치, 열사병 집중 모니터링, 피크타임 야외 자제 권고 | [우천] 미끄러짐 주의 안내, 낙뢰 위험 시설 대피, 우천 장비 점검 | [강풍] 낙하물 위험 구역 통제, 야외 구조물·천막 긴급 점검",기상특보 발령 또는 밀도 > 0.6 시 주의 단계 상향,체험장 — 활동 중 외상·골절 주의
F04,체험텃밭,여유,야간|우천|폭염|피크타임,4,0.0363,관찰,🔵,0.028,0.8673,0.0222,0.1105,순찰 요원 1명,"구급함, 무전기","일반 안전 순찰 60분 간격 유지 | 기상특보·예보 확인 | 방문객 밀도 추이 모니터링 | 비상 연락망 점검 | [폭염] 그늘·음용수 추가 배치, 열사병 집중 모니터링, 피크타임 야외 자제 권고 | [우천] 미끄러짐 주의 안내, 낙뢰 위험 시설 대피, 우천 장비 점검 | [야간] 조명 확보 및 시야 불량 구역 안전선 설치, 야간 순찰 강화",기상특보 발령 또는 밀도 > 0.6 시 주의 단계 상향,체험장 — 활동 중 외상·골절 주의
F04,체험텃밭,여유,강풍|야간|폭염|한파,4,0.0382,관찰,🔵,0.028,0.7616,0.0537,0.1847,순찰 요원 1명,"구급함, 무전기","일반 안전 순찰 60분 간격 유지 | 기상특보·예보 확인 | 방문객 밀도 추이 모니터링 | 비상 연락망 점검 | [폭염] 그늘·음용수 추가 배치, 열사병 집중 모니터링, 피크타임 야외 자제 권고 | [한파] 저체온증 위험 모니터링, 실내 대피 공간 운영, 동상 응급처치 키트 배치 | [강풍] 낙하물 위험 구역 통제, 야외 구조물·천막 긴급 점검 | [야간] 조명 확보 및 시야 불량 구역 안전선 설치, 야간 순찰 강화",기상특보 발령 또는 밀도 > 0.6 시 주의 단계 상향,체험장 — 활동 중 외상·골절 주의
F04,체험텃밭,여유,강풍|폭염|피크타임|한파,4,0.0397,관찰,🔵,0.028,0.6892,0.064,0.2468,순찰 요원 1명,"구급함, 무전기","일반 안전 순찰 60분 간격 유지 | 기상특보·예보 확인 | 방문객 밀도 추이 모니터링 | 비상 연락망 점검 | [폭염] 그늘·음용수 추가 배치, 열사병 집중 모니터링, 피크타임 야외 자제 권고 | [한파] 저체온증 위험 모니터링, 실내 대피 공간 운영, 동상 응급처치 키트 배치 | [강풍] 낙하물 위험 구역 통제, 야외 구조물·천막 긴급 점검",기상특보 발령 또는 밀도 > 0.6 시 주의 단계 상향,체험장 — 활동 중 외상·골절 주의
F04,체험텃밭,여유,야간|폭염|피크타임|한파,4,0.0382,관찰,🔵,0.028,0.7616,0.0537,0.1847,순찰 요원 1명,"구급함, 무전기","일반 안전 순찰 60분 간격 유지 | 기상특보·예보 확인 | 방문객 밀도 추이 모니터링 | 비상 연락망 점검 | [폭염] 그늘·음용수 추가 배치, 열사병 집중 모니터링, 피크타임 야외 자제 권고 | [한파] 저체온증 위험 모니터링, 실내 대피 공간 운영, 동상 응급처치 키트 배치 | [야간] 조명 확보 및 시야 불량 구역 안전선 설치, 야간 순찰 강화",기상특보 발령 또는 밀도 > 0.6 시 주의 단계 상향,체험장 — 활동 중 외상·골절 주의
F04,체험텃밭,여유,강풍|야간|폭염|피크타임,4,0.0382,관찰,🔵,0.028,0.7616,0.0537,0.1847,순찰 요원 1명,"구급함, 무전기","일반 안전 순찰 60분 간격 유지 | 기상특보·예보 확인 | 방문객 밀도 추이 모니터링 | 비상 연락망 점검 | [폭염] 그늘·음용수 추가 배치, 열사병 집중 모니터링, 피크타임 야외 자제 권고 | [강풍] 낙하물 위험 구역 통제, 야외 구조물·천막 긴급 점검 | [야간] 조명 확보 및 시야 불량 구역 안전선 설치, 야간 순찰 강화",기상특보 발령 또는 밀도 > 0.6 시 주의 단계 상향,체험장 — 활동 중 외상·골절 주의
F04,체험텃밭,여유,강풍|야간|우천|한파,4,0.0383,관찰,🔵,0.028,0.5607,0.3717,0.0676,순찰 요원 1명,"구급함, 무전기","일반 안전 순찰 60분 간격 유지 | 기상특보·예보 확인 | 방문객 밀도 추이 모니터링 | 비상 연락망 점검 | [우천] 미끄러짐 주의 안내, 낙뢰 위험 시설 대피, 우천 장비 점검 | [한파] 저체온증 위험 모니터링, 실내 대피 공간 운영, 동상 응급처치 키트 배치 | [강풍] 낙하물 위험 구역 통제, 야외 구조물·천막 긴급 점검 | [야간] 조명 확보 및 시야 불량 구역 안전선 설치, 야간 순찰 강화",기상특보 발령 또는 밀도 > 0.6 시 주의 단계 상향,체험장 — 활동 중 외상·골절 주의
F04,체험텃밭,여유,강풍|우천|피크타임|한파,4,0.0377,관찰,🔵,0.028,0.7322,0.1394,0.1284,순찰 요원 1명,"구급함, 무전기","일반 안전 순찰 60분 간격 유지 | 기상특보·예보 확인 | 방문객 밀도 추이 모니터링 | 비상 연락망 점검 | [우천] 미끄러짐 주의 안내, 낙뢰 위험 시설 대피, 우천 장비 점검 | [한파] 저체온증 위험 모니터링, 실내 대피 공간 운영, 동상 응급처치 키트 배치 | [강풍] 낙하물 위험 구역 통제, 야외 구조물·천막 긴급 점검",기상특보 발령 또는 밀도 > 0.6 시 주의 단계 상향,체험장 — 활동 중 외상·골절 주의
F04,체험텃밭,여유,야간|우천|피크타임|한파,4,0.0383,관찰,🔵,0.028,0.5607,0.3717,0.0676,순찰 요원 1명,"구급함, 무전기","일반 안전 순찰 60분 간격 유지 | 기상특보·예보 확인 | 방문객 밀도 추이 모니터링 | 비상 연락망 점검 | [우천] 미끄러짐 주의 안내, 낙뢰 위험 시설 대피, 우천 장비 점검 | [한파] 저체온증 위험 모니터링, 실내 대피 공간 운영, 동상 응급처치 키트 배치 | [야간] 조명 확보 및 시야 불량 구역 안전선 설치, 야간 순찰 강화",기상특보 발령 또는 밀도 > 0.6 시 주의 단계 상향,체험장 — 활동 중 외상·골절 주의
F04,체험텃밭,여유,강풍|야간|우천|피크타임,4,0.0367,관찰,🔵,0.028,0.6568,0.3284,0.0149,순찰 요원 1명,"구급함, 무전기","일반 안전 순찰 60분 간격 유지 | 기상특보·예보 확인 | 방문객 밀도 추이 모니터링 | 비상 연락망 점검 | [우천] 미끄러짐 주의 안내, 낙뢰 위험 시설 대피, 우천 장비 점검 | [강풍] 낙하물 위험 구역 통제, 야외 구조물·천막 긴급 점검 | [야간] 조명 확보 및 시야 불량 구역 안전선 설치, 야간 순찰 강화",기상특보 발령 또는 밀도 > 0.6 시 주의 단계 상향,체험장 — 활동 중 외상·골절 주의
F04,체험텃밭,여유,강풍|야간|피크타임|한파,4,0.0436,관찰,🔵,0.028,0.271,0.4544,0.2746,순찰 요원 1명,"구급함, 무전기","일반 안전 순찰 60분 간격 유지 | 기상특보·예보 확인 | 방문객 밀도 추이 모니터링 | 비상 연락망 점검 | [한파] 저체온증 위험 모니터링, 실내 대피 공간 운영, 동상 응급처치 키트 배치 | [강풍] 낙하물 위험 구역 통제, 야외 구조물·천막 긴급 점검 | [야간] 조명 확보 및 시야 불량 구역 안전선 설치, 야간 순찰 강화",기상특보 발령 또는 밀도 > 0.6 시 주의 단계 상향,체험장 — 활동 중 외상·골절 주의
F04,체험텃밭,여유,강풍|야간|우천|폭염|한파,5,0.0363,관찰,🔵,0.028,0.8673,0.0222,0.1105,순찰 요원 1명,"구급함, 무전기","일반 안전 순찰 60분 간격 유지 | 기상특보·예보 확인 | 방문객 밀도 추이 모니터링 | 비상 연락망 점검 | [폭염] 그늘·음용수 추가 배치, 열사병 집중 모니터링, 피크타임 야외 자제 권고 | [우천] 미끄러짐 주의 안내, 낙뢰 위험 시설 대피, 우천 장비 점검 | [한파] 저체온증 위험 모니터링, 실내 대피 공간 운영, 동상 응급처치 키트 배치 | [강풍] 낙하물 위험 구역 통제, 야외 구조물·천막 긴급 점검 | [야간] 조명 확보 및 시야 불량 구역 안전선 설치, 야간 순찰 강화",기상특보 발령 또는 밀도 > 0.6 시 주의 단계 상향,체험장 — 활동 중 외상·골절 주의
F04,체험텃밭,여유,강풍|우천|폭염|피크타임|한파,5,0.0391,관찰,🔵,0.028,0.7209,0.0547,0.2244,순찰 요원 1명,"구급함, 무전기","일반 안전 순찰 60분 간격 유지 | 기상특보·예보 확인 | 방문객 밀도 추이 모니터링 | 비상 연락망 점검 | [폭염] 그늘·음용수 추가 배치, 열사병 집중 모니터링, 피크타임 야외 자제 권고 | [우천] 미끄러짐 주의 안내, 낙뢰 위험 시설 대피, 우천 장비 점검 | [한파] 저체온증 위험 모니터링, 실내 대피 공간 운영, 동상 응급처치 키트 배치 | [강풍] 낙하물 위험 구역 통제, 야외 구조물·천막 긴급 점검",기상특보 발령 또는 밀도 > 0.6 시 주의 단계 상향,체험장 — 활동 중 외상·골절 주의
F04,체험텃밭,여유,야간|우천|폭염|피크타임|한파,5,0.0363,관찰,🔵,0.028,0.8673,0.0222,0.1105,순찰 요원 1명,"구급함, 무전기","일반 안전 순찰 60분 간격 유지 | 기상특보·예보 확인 | 방문객 밀도 추이 모니터링 | 비상 연락망 점검 | [폭염] 그늘·음용수 추가 배치, 열사병 집중 모니터링, 피크타임 야외 자제 권고 | [우천] 미끄러짐 주의 안내, 낙뢰 위험 시설 대피, 우천 장비 점검 | [한파] 저체온증 위험 모니터링, 실내 대피 공간 운영, 동상 응급처치 키트 배치 | [야간] 조명 확보 및 시야 불량 구역 안전선 설치, 야간 순찰 강화",기상특보 발령 또는 밀도 > 0.6 시 주의 단계 상향,체험장 — 활동 중 외상·골절 주의
F04,체험텃밭,여유,강풍|야간|우천|폭염|피크타임,5,0.0363,관찰,🔵,0.028,0.8673,0.0222,0.1105,순찰 요원 1명,"구급함, 무전기","일반 안전 순찰 60분 간격 유지 | 기상특보·예보 확인 | 방문객 밀도 추이 모니터링 | 비상 연락망 점검 | [폭염] 그늘·음용수 추가 배치, 열사병 집중 모니터링, 피크타임 야외 자제 권고 | [우천] 미끄러짐 주의 안내, 낙뢰 위험 시설 대피, 우천 장비 점검 | [강풍] 낙하물 위험 구역 통제, 야외 구조물·천막 긴급 점검 | [야간] 조명 확보 및 시야 불량 구역 안전선 설치, 야간 순찰 강화",기상특보 발령 또는 밀도 > 0.6 시 주의 단계 상향,체험장 — 활동 중 외상·골절 주의
F04,체험텃밭,여유,강풍|야간|폭염|피크타임|한파,5,0.0382,관찰,🔵,0.028,0.7616,0.0537,0.1847,순찰 요원 1명,"구급함, 무전기","일반 안전 순찰 60분 간격 유지 | 기상특보·예보 확인 | 방문객 밀도 추이 모니터링 | 비상 연락망 점검 | [폭염] 그늘·음용수 추가 배치, 열사병 집중 모니터링, 피크타임 야외 자제 권고 | [한파] 저체온증 위험 모니터링, 실내 대피 공간 운영, 동상 응급처치 키트 배치 | [강풍] 낙하물 위험 구역 통제, 야외 구조물·천막 긴급 점검 | [야간] 조명 확보 및 시야 불량 구역 안전선 설치, 야간 순찰 강화",기상특보 발령 또는 밀도 > 0.6 시 주의 단계 상향,체험장 — 활동 중 외상·골절 주의
F04,체험텃밭,여유,강풍|야간|우천|피크타임|한파,5,0.0383,관찰,🔵,0.028,0.5607,0.3717,0.0676,순찰 요원 1명,"구급함, 무전기","일반 안전 순찰 60분 간격 유지 | 기상특보·예보 확인 | 방문객 밀도 추이 모니터링 | 비상 연락망 점검 | [우천] 미끄러짐 주의 안내, 낙뢰 위험 시설 대피, 우천 장비 점검 | [한파] 저체온증 위험 모니터링, 실내 대피 공간 운영, 동상 응급처치 키트 배치 | [강풍] 낙하물 위험 구역 통제, 야외 구조물·천막 긴급 점검 | [야간] 조명 확보 및 시야 불량 구역 안전선 설치, 야간 순찰 강화",기상특보 발령 또는 밀도 > 0.6 시 주의 단계 상향,체험장 — 활동 중 외상·골절 주의
F04,체험텃밭,여유,강풍|야간|우천|폭염|피크타임|한파,6,0.0363,관찰,🔵,0.028,0.8673,0.0222,0.1105,순찰 요원 1명,"구급함, 무전기","일반 안전 순찰 60분 간격 유지 | 기상특보·예보 확인 | 방문객 밀도 추이 모니터링 | 비상 연락망 점검 | [폭염] 그늘·음용수 추가 배치, 열사병 집중 모니터링, 피크타임 야외 자제 권고 | [우천] 미끄러짐 주의 안내, 낙뢰 위험 시설 대피, 우천 장비 점검 | [한파] 저체온증 위험 모니터링, 실내 대피 공간 운영, 동상 응급처치 키트 배치 | [강풍] 낙하물 위험 구역 통제, 야외 구조물·천막 긴급 점검 | [야간] 조명 확보 및 시야 불량 구역 안전선 설치, 야간 순찰 강화",기상특보 발령 또는 밀도 > 0.6 시 주의 단계 상향,체험장 — 활동 중 외상·골절 주의
F04,체험텃밭,보통,없음,0,0.0781,주의,🟡,0.0606,0.7165,0.277,0.0065,예방 모니터 1명 + 대기 요원 1명,"구급함, 무전기, 음용수, 그늘막",예방 순찰 30분 간격 강화 | 응급 대응 장비 위치·작동 상태 점검 | 고위험 방문객 (노약자·어린이·임산부) 적극 모니터링 | 기상 변화·밀도 실시간 확인 | 대기 인력 현장 근접 배치,이상 징후(쓰러짐·발열·외상) 발견 즉시 위험 단계 상향,체험장 — 활동 중 외상·골절 주의
F04,체험텃밭,보통,폭염,1,0.0351,관찰,🔵,0.028,0.9091,0.0381,0.0528,순찰 요원 1명,"구급함, 무전기","일반 안전 순찰 60분 간격 유지 | 기상특보·예보 확인 | 방문객 밀도 추이 모니터링 | 비상 연락망 점검 | [폭염] 그늘·음용수 추가 배치, 열사병 집중 모니터링, 피크타임 야외 자제 권고",기상특보 발령 또는 밀도 > 0.6 시 주의 단계 상향,체험장 — 활동 중 외상·골절 주의
F04,체험텃밭,보통,우천,1,0.093,주의,🟡,0.0606,0.4937,0.1404,0.3659,예방 모니터 1명 + 대기 요원 1명,"구급함, 무전기, 음용수, 그늘막","예방 순찰 30분 간격 강화 | 응급 대응 장비 위치·작동 상태 점검 | 고위험 방문객 (노약자·어린이·임산부) 적극 모니터링 | 기상 변화·밀도 실시간 확인 | 대기 인력 현장 근접 배치 | [우천] 미끄러짐 주의 안내, 낙뢰 위험 시설 대피, 우천 장비 점검",이상 징후(쓰러짐·발열·외상) 발견 즉시 위험 단계 상향,체험장 — 활동 중 외상·골절 주의
F04,체험텃밭,보통,한파,1,0.0416,관찰,🔵,0.0336,0.8737,0.1226,0.0038,순찰 요원 1명,"구급함, 무전기","일반 안전 순찰 60분 간격 유지 | 기상특보·예보 확인 | 방문객 밀도 추이 모니터링 | 비상 연락망 점검 | [한파] 저체온증 위험 모니터링, 실내 대피 공간 운영, 동상 응급처치 키트 배치",기상특보 발령 또는 밀도 > 0.6 시 주의 단계 상향,체험장 — 활동 중 외상·골절 주의
F04,체험텃밭,보통,강풍,1,0.0751,주의,🟡,0.0606,0.8724,0.1274,0.0002,예방 모니터 1명 + 대기 요원 1명,"구급함, 무전기, 음용수, 그늘막","예방 순찰 30분 간격 강화 | 응급 대응 장비 위치·작동 상태 점검 | 고위험 방문객 (노약자·어린이·임산부) 적극 모니터링 | 기상 변화·밀도 실시간 확인 | 대기 인력 현장 근접 배치 | [강풍] 낙하물 위험 구역 통제, 야외 구조물·천막 긴급 점검",이상 징후(쓰러짐·발열·외상) 발견 즉시 위험 단계 상향,체험장 — 활동 중 외상·골절 주의
F04,체험텃밭,보통,야간,1,0.0808,주의,🟡,0.0606,0.5681,0.4248,0.0072,예방 모니터 1명 + 대기 요원 1명,"구급함, 무전기, 음용수, 그늘막","예방 순찰 30분 간격 강화 | 응급 대응 장비 위치·작동 상태 점검 | 고위험 방문객 (노약자·어린이·임산부) 적극 모니터링 | 기상 변화·밀도 실시간 확인 | 대기 인력 현장 근접 배치 | [야간] 조명 확보 및 시야 불량 구역 안전선 설치, 야간 순찰 강화",이상 징후(쓰러짐·발열·외상) 발견 즉시 위험 단계 상향,체험장 — 활동 중 외상·골절 주의
F04,체험텃밭,보통,피크타임,1,0.0797,주의,🟡,0.0606,0.7896,0.1064,0.104,예방 모니터 1명 + 대기 요원 1명,"구급함, 무전기, 음용수, 그늘막",예방 순찰 30분 간격 강화 | 응급 대응 장비 위치·작동 상태 점검 | 고위험 방문객 (노약자·어린이·임산부) 적극 모니터링 | 기상 변화·밀도 실시간 확인 | 대기 인력 현장 근접 배치,이상 징후(쓰러짐·발열·외상) 발견 즉시 위험 단계 상향,체험장 — 활동 중 외상·골절 주의
F04,체험텃밭,보통,우천|폭염,2,0.0512,관찰,🔵,0.028,0.2077,0.0119,0.7804,순찰 요원 1명,"구급함, 무전기","일반 안전 순찰 60분 간격 유지 | 기상특보·예보 확인 | 방문객 밀도 추이 모니터링 | 비상 연락망 점검 | [폭염] 그늘·음용수 추가 배치, 열사병 집중 모니터링, 피크타임 야외 자제 권고 | [우천] 미끄러짐 주의 안내, 낙뢰 위험 시설 대피, 우천 장비 점검",기상특보 발령 또는 밀도 > 0.6 시 주의 단계 상향,체험장 — 활동 중 외상·골절 주의
F04,체험텃밭,보통,폭염|한파,2,0.0351,관찰,🔵,0.028,0.9091,0.0381,0.0528,순찰 요원 1명,"구급함, 무전기","일반 안전 순찰 60분 간격 유지 | 기상특보·예보 확인 | 방문객 밀도 추이 모니터링 | 비상 연락망 점검 | [폭염] 그늘·음용수 추가 배치, 열사병 집중 모니터링, 피크타임 야외 자제 권고 | [한파] 저체온증 위험 모니터링, 실내 대피 공간 운영, 동상 응급처치 키트 배치",기상특보 발령 또는 밀도 > 0.6 시 주의 단계 상향,체험장 — 활동 중 외상·골절 주의
F04,체험텃밭,보통,강풍|폭염,2,0.0351,관찰,🔵,0.028,0.9091,0.0381,0.0528,순찰 요원 1명,"구급함, 무전기","일반 안전 순찰 60분 간격 유지 | 기상특보·예보 확인 | 방문객 밀도 추이 모니터링 | 비상 연락망 점검 | [폭염] 그늘·음용수 추가 배치, 열사병 집중 모니터링, 피크타임 야외 자제 권고 | [강풍] 낙하물 위험 구역 통제, 야외 구조물·천막 긴급 점검",기상특보 발령 또는 밀도 > 0.6 시 주의 단계 상향,체험장 — 활동 중 외상·골절 주의
F04,체험텃밭,보통,야간|폭염,2,0.0342,관찰,🔵,0.028,0.9662,0.0111,0.0227,순찰 요원 1명,"구급함, 무전기","일반 안전 순찰 60분 간격 유지 | 기상특보·예보 확인 | 방문객 밀도 추이 모니터링 | 비상 연락망 점검 | [폭염] 그늘·음용수 추가 배치, 열사병 집중 모니터링, 피크타임 야외 자제 권고 | [야간] 조명 확보 및 시야 불량 구역 안전선 설치, 야간 순찰 강화",기상특보 발령 또는 밀도 > 0.6 시 주의 단계 상향,체험장 — 활동 중 외상·골절 주의
F04,체험텃밭,보통,폭염|피크타임,2,0.1309,주의,🟡,0.0969,0.789,0.0337,0.1773,예방 모니터 1명 + 대기 요원 1명,"구급함, 무전기, 음용수, 그늘막","예방 순찰 30분 간격 강화 | 응급 대응 장비 위치·작동 상태 점검 | 고위험 방문객 (노약자·어린이·임산부) 적극 모니터링 | 기상 변화·밀도 실시간 확인 | 대기 인력 현장 근접 배치 | [폭염] 그늘·음용수 추가 배치, 열사병 집중 모니터링, 피크타임 야외 자제 권고",이상 징후(쓰러짐·발열·외상) 발견 즉시 위험 단계 상향,체험장 — 활동 중 외상·골절 주의
F04,체험텃밭,보통,우천|한파,2,0.086,주의,🟡,0.0606,0.6619,0.1019,0.2361,예방 모니터 1명 + 대기 요원 1명,"구급함, 무전기, 음용수, 그늘막","예방 순찰 30분 간격 강화 | 응급 대응 장비 위치·작동 상태 점검 | 고위험 방문객 (노약자·어린이·임산부) 적극 모니터링 | 기상 변화·밀도 실시간 확인 | 대기 인력 현장 근접 배치 | [우천] 미끄러짐 주의 안내, 낙뢰 위험 시설 대피, 우천 장비 점검 | [한파] 저체온증 위험 모니터링, 실내 대피 공간 운영, 동상 응급처치 키트 배치",이상 징후(쓰러짐·발열·외상) 발견 즉시 위험 단계 상향,체험장 — 활동 중 외상·골절 주의
F04,체험텃밭,보통,강풍|우천,2,0.0774,주의,🟡,0.0606,0.8294,0.1201,0.0504,예방 모니터 1명 + 대기 요원 1명,"구급함, 무전기, 음용수, 그늘막","예방 순찰 30분 간격 강화 | 응급 대응 장비 위치·작동 상태 점검 | 고위험 방문객 (노약자·어린이·임산부) 적극 모니터링 | 기상 변화·밀도 실시간 확인 | 대기 인력 현장 근접 배치 | [우천] 미끄러짐 주의 안내, 낙뢰 위험 시설 대피, 우천 장비 점검 | [강풍] 낙하물 위험 구역 통제, 야외 구조물·천막 긴급 점검",이상 징후(쓰러짐·발열·외상) 발견 즉시 위험 단계 상향,체험장 — 활동 중 외상·골절 주의
F04,체험텃밭,보통,야간|우천,2,0.0932,주의,🟡,0.0606,0.516,0.0988,0.3852,예방 모니터 1명 + 대기 요원 1명,"구급함, 무전기, 음용수, 그늘막","예방 순찰 30분 간격 강화 | 응급 대응 장비 위치·작동 상태 점검 | 고위험 방문객 (노약자·어린이·임산부) 적극 모니터링 | 기상 변화·밀도 실시간 확인 | 대기 인력 현장 근접 배치 | [우천] 미끄러짐 주의 안내, 낙뢰 위험 시설 대피, 우천 장비 점검 | [야간] 조명 확보 및 시야 불량 구역 안전선 설치, 야간 순찰 강화",이상 징후(쓰러짐·발열·외상) 발견 즉시 위험 단계 상향,체험장 — 활동 중 외상·골절 주의
F04,체험텃밭,보통,우천|피크타임,2,0.1149,주의,🟡,0.0606,0.1194,0.016,0.8646,예방 모니터 1명 + 대기 요원 1명,"구급함, 무전기, 음용수, 그늘막","예방 순찰 30분 간격 강화 | 응급 대응 장비 위치·작동 상태 점검 | 고위험 방문객 (노약자·어린이·임산부) 적극 모니터링 | 기상 변화·밀도 실시간 확인 | 대기 인력 현장 근접 배치 | [우천] 미끄러짐 주의 안내, 낙뢰 위험 시설 대피, 우천 장비 점검",이상 징후(쓰러짐·발열·외상) 발견 즉시 위험 단계 상향,체험장 — 활동 중 외상·골절 주의
F04,체험텃밭,보통,강풍|한파,2,0.0416,관찰,🔵,0.0336,0.8737,0.1226,0.0038,순찰 요원 1명,"구급함, 무전기","일반 안전 순찰 60분 간격 유지 | 기상특보·예보 확인 | 방문객 밀도 추이 모니터링 | 비상 연락망 점검 | [한파] 저체온증 위험 모니터링, 실내 대피 공간 운영, 동상 응급처치 키트 배치 | [강풍] 낙하물 위험 구역 통제, 야외 구조물·천막 긴급 점검",기상특보 발령 또는 밀도 > 0.6 시 주의 단계 상향,체험장 — 활동 중 외상·골절 주의
F04,체험텃밭,보통,야간|한파,2,0.044,관찰,🔵,0.0336,0.6411,0.3537,0.0052,순찰 요원 1명,"구급함, 무전기","일반 안전 순찰 60분 간격 유지 | 기상특보·예보 확인 | 방문객 밀도 추이 모니터링 | 비상 연락망 점검 | [한파] 저체온증 위험 모니터링, 실내 대피 공간 운영, 동상 응급처치 키트 배치 | [야간] 조명 확보 및 시야 불량 구역 안전선 설치, 야간 순찰 강화",기상특보 발령 또는 밀도 > 0.6 시 주의 단계 상향,체험장 — 활동 중 외상·골절 주의
F04,체험텃밭,보통,피크타임|한파,2,0.0416,관찰,🔵,0.0336,0.913,0.0647,0.0223,순찰 요원 1명,"구급함, 무전기","일반 안전 순찰 60분 간격 유지 | 기상특보·예보 확인 | 방문객 밀도 추이 모니터링 | 비상 연락망 점검 | [한파] 저체온증 위험 모니터링, 실내 대피 공간 운영, 동상 응급처치 키트 배치",기상특보 발령 또는 밀도 > 0.6 시 주의 단계 상향,체험장 — 활동 중 외상·골절 주의
F04,체험텃밭,보통,강풍|야간,2,0.0776,주의,🟡,0.0606,0.7326,0.2671,0.0002,예방 모니터 1명 + 대기 요원 1명,"구급함, 무전기, 음용수, 그늘막","예방 순찰 30분 간격 강화 | 응급 대응 장비 위치·작동 상태 점검 | 고위험 방문객 (노약자·어린이·임산부) 적극 모니터링 | 기상 변화·밀도 실시간 확인 | 대기 인력 현장 근접 배치 | [강풍] 낙하물 위험 구역 통제, 야외 구조물·천막 긴급 점검 | [야간] 조명 확보 및 시야 불량 구역 안전선 설치, 야간 순찰 강화",이상 징후(쓰러짐·발열·외상) 발견 즉시 위험 단계 상향,체험장 — 활동 중 외상·골절 주의
F04,체험텃밭,보통,강풍|피크타임,2,0.0736,주의,🟡,0.0606,0.9553,0.0423,0.0024,예방 모니터 1명 + 대기 요원 1명,"구급함, 무전기, 음용수, 그늘막","예방 순찰 30분 간격 강화 | 응급 대응 장비 위치·작동 상태 점검 | 고위험 방문객 (노약자·어린이·임산부) 적극 모니터링 | 기상 변화·밀도 실시간 확인 | 대기 인력 현장 근접 배치 | [강풍] 낙하물 위험 구역 통제, 야외 구조물·천막 긴급 점검",이상 징후(쓰러짐·발열·외상) 발견 즉시 위험 단계 상향,체험장 — 활동 중 외상·골절 주의
F04,체험텃밭,보통,야간|피크타임,2,0.0808,주의,🟡,0.0606,0.5681,0.4248,0.0072,예방 모니터 1명 + 대기 요원 1명,"구급함, 무전기, 음용수, 그늘막","예방 순찰 30분 간격 강화 | 응급 대응 장비 위치·작동 상태 점검 | 고위험 방문객 (노약자·어린이·임산부) 적극 모니터링 | 기상 변화·밀도 실시간 확인 | 대기 인력 현장 근접 배치 | [야간] 조명 확보 및 시야 불량 구역 안전선 설치, 야간 순찰 강화",이상 징후(쓰러짐·발열·외상) 발견 즉시 위험 단계 상향,체험장 — 활동 중 외상·골절 주의
F04,체험텃밭,보통,우천|폭염|한파,3,0.0512,관찰,🔵,0.028,0.2077,0.0119,0.7804,순찰 요원 1명,"구급함, 무전기","일반 안전 순찰 60분 간격 유지 | 기상특보·예보 확인 | 방문객 밀도 추이 모니터링 | 비상 연락망 점검 | [폭염] 그늘·음용수 추가 배치, 열사병 집중 모니터링, 피크타임 야외 자제 권고 | [우천] 미끄러짐 주의 안내, 낙뢰 위험 시설 대피, 우천 장비 점검 | [한파] 저체온증 위험 모니터링, 실내 대피 공간 운영, 동상 응급처치 키트 배치",기상특보 발령 또는 밀도 > 0.6 시 주의 단계 상향,체험장 — 활동 중 외상·골절 주의
F04,체험텃밭,보통,강풍|우천|폭염,3,0.0512,관찰,🔵,0.028,0.2077,0.0119,0.7804,순찰 요원 1명,"구급함, 무전기","일반 안전 순찰 60분 간격 유지 | 기상특보·예보 확인 | 방문객 밀도 추이 모니터링 | 비상 연락망 점검 | [폭염] 그늘·음용수 추가 배치, 열사병 집중 모니터링, 피크타임 야외 자제 권고 | [우천] 미끄러짐 주의 안내, 낙뢰 위험 시설 대피, 우천 장비 점검 | [강풍] 낙하물 위험 구역 통제, 야외 구조물·천막 긴급 점검",기상특보 발령 또는 밀도 > 0.6 시 주의 단계 상향,체험장 — 활동 중 외상·골절 주의
F04,체험텃밭,보통,야간|우천|폭염,3,0.0468,관찰,🔵,0.028,0.4119,0.0049,0.5832,순찰 요원 1명,"구급함, 무전기","일반 안전 순찰 60분 간격 유지 | 기상특보·예보 확인 | 방문객 밀도 추이 모니터링 | 비상 연락망 점검 | [폭염] 그늘·음용수 추가 배치, 열사병 집중 모니터링, 피크타임 야외 자제 권고 | [우천] 미끄러짐 주의 안내, 낙뢰 위험 시설 대피, 우천 장비 점검 | [야간] 조명 확보 및 시야 불량 구역 안전선 설치, 야간 순찰 강화",기상특보 발령 또는 밀도 > 0.6 시 주의 단계 상향,체험장 — 활동 중 외상·골절 주의
F04,체험텃밭,보통,우천|폭염|피크타임,3,0.1872,위험,🔴,0.0969,0.081,0.0047,0.9143,대응팀장 1명 + 응급처치 요원 2명 이상,"AED, 들것, 응급의약품, 무전기, 안전펜스","응급 대응팀 즉시 현장 파견 | 응급 장비 준비 (AED, 들것, 응급의약품 키트) | 방문객 안전구역 유도 및 해당 시설 일시 폐쇄 검토 | 119 사전 연락 및 대기 지시 | 관리자·시설장 즉시 보고 | [폭염] 그늘·음용수 추가 배치, 열사병 집중 모니터링, 피크타임 야외 자제 권고 | [우천] 미끄러짐 주의 안내, 낙뢰 위험 시설 대피, 우천 장비 점검",P(중증) > 0.30 → 119 즉시 출동 요청 / 의식 불명 → 헬기 이송 검토,체험장 — 활동 중 외상·골절 주의
F04,체험텃밭,보통,강풍|폭염|한파,3,0.0351,관찰,🔵,0.028,0.9091,0.0381,0.0528,순찰 요원 1명,"구급함, 무전기","일반 안전 순찰 60분 간격 유지 | 기상특보·예보 확인 | 방문객 밀도 추이 모니터링 | 비상 연락망 점검 | [폭염] 그늘·음용수 추가 배치, 열사병 집중 모니터링, 피크타임 야외 자제 권고 | [한파] 저체온증 위험 모니터링, 실내 대피 공간 운영, 동상 응급처치 키트 배치 | [강풍] 낙하물 위험 구역 통제, 야외 구조물·천막 긴급 점검",기상특보 발령 또는 밀도 > 0.6 시 주의 단계 상향,체험장 — 활동 중 외상·골절 주의
F04,체험텃밭,보통,야간|폭염|한파,3,0.0342,관찰,🔵,0.028,0.9662,0.0111,0.0227,순찰 요원 1명,"구급함, 무전기","일반 안전 순찰 60분 간격 유지 | 기상특보·예보 확인 | 방문객 밀도 추이 모니터링 | 비상 연락망 점검 | [폭염] 그늘·음용수 추가 배치, 열사병 집중 모니터링, 피크타임 야외 자제 권고 | [한파] 저체온증 위험 모니터링, 실내 대피 공간 운영, 동상 응급처치 키트 배치 | [야간] 조명 확보 및 시야 불량 구역 안전선 설치, 야간 순찰 강화",기상특보 발령 또는 밀도 > 0.6 시 주의 단계 상향,체험장 — 활동 중 외상·골절 주의
F04,체험텃밭,보통,폭염|피크타임|한파,3,0.1309,주의,🟡,0.0969,0.789,0.0337,0.1773,예방 모니터 1명 + 대기 요원 1명,"구급함, 무전기, 음용수, 그늘막","예방 순찰 30분 간격 강화 | 응급 대응 장비 위치·작동 상태 점검 | 고위험 방문객 (노약자·어린이·임산부) 적극 모니터링 | 기상 변화·밀도 실시간 확인 | 대기 인력 현장 근접 배치 | [폭염] 그늘·음용수 추가 배치, 열사병 집중 모니터링, 피크타임 야외 자제 권고 | [한파] 저체온증 위험 모니터링, 실내 대피 공간 운영, 동상 응급처치 키트 배치",이상 징후(쓰러짐·발열·외상) 발견 즉시 위험 단계 상향,체험장 — 활동 중 외상·골절 주의
F04,체험텃밭,보통,강풍|야간|폭염,3,0.0342,관찰,🔵,0.028,0.9662,0.0111,0.0227,순찰 요원 1명,"구급함, 무전기","일반 안전 순찰 60분 간격 유지 | 기상특보·예보 확인 | 방문객 밀도 추이 모니터링 | 비상 연락망 점검 | [폭염] 그늘·음용수 추가 배치, 열사병 집중 모니터링, 피크타임 야외 자제 권고 | [강풍] 낙하물 위험 구역 통제, 야외 구조물·천막 긴급 점검 | [야간] 조명 확보 및 시야 불량 구역 안전선 설치, 야간 순찰 강화",기상특보 발령 또는 밀도 > 0.6 시 주의 단계 상향,체험장 — 활동 중 외상·골절 주의
F04,체험텃밭,보통,강풍|폭염|피크타임,3,0.1309,주의,🟡,0.0969,0.789,0.0337,0.1773,예방 모니터 1명 + 대기 요원 1명,"구급함, 무전기, 음용수, 그늘막","예방 순찰 30분 간격 강화 | 응급 대응 장비 위치·작동 상태 점검 | 고위험 방문객 (노약자·어린이·임산부) 적극 모니터링 | 기상 변화·밀도 실시간 확인 | 대기 인력 현장 근접 배치 | [폭염] 그늘·음용수 추가 배치, 열사병 집중 모니터링, 피크타임 야외 자제 권고 | [강풍] 낙하물 위험 구역 통제, 야외 구조물·천막 긴급 점검",이상 징후(쓰러짐·발열·외상) 발견 즉시 위험 단계 상향,체험장 — 활동 중 외상·골절 주의
F04,체험텃밭,보통,야간|폭염|피크타임,3,0.0342,관찰,🔵,0.028,0.9662,0.0111,0.0227,순찰 요원 1명,"구급함, 무전기","일반 안전 순찰 60분 간격 유지 | 기상특보·예보 확인 | 방문객 밀도 추이 모니터링 | 비상 연락망 점검 | [폭염] 그늘·음용수 추가 배치, 열사병 집중 모니터링, 피크타임 야외 자제 권고 | [야간] 조명 확보 및 시야 불량 구역 안전선 설치, 야간 순찰 강화",기상특보 발령 또는 밀도 > 0.6 시 주의 단계 상향,체험장 — 활동 중 외상·골절 주의
F04,체험텃밭,보통,강풍|우천|한파,3,0.086,주의,🟡,0.0606,0.6619,0.1019,0.2361,예방 모니터 1명 + 대기 요원 1명,"구급함, 무전기, 음용수, 그늘막","예방 순찰 30분 간격 강화 | 응급 대응 장비 위치·작동 상태 점검 | 고위험 방문객 (노약자·어린이·임산부) 적극 모니터링 | 기상 변화·밀도 실시간 확인 | 대기 인력 현장 근접 배치 | [우천] 미끄러짐 주의 안내, 낙뢰 위험 시설 대피, 우천 장비 점검 | [한파] 저체온증 위험 모니터링, 실내 대피 공간 운영, 동상 응급처치 키트 배치 | [강풍] 낙하물 위험 구역 통제, 야외 구조물·천막 긴급 점검",이상 징후(쓰러짐·발열·외상) 발견 즉시 위험 단계 상향,체험장 — 활동 중 외상·골절 주의
F04,체험텃밭,보통,야간|우천|한파,3,0.0906,주의,🟡,0.0606,0.5439,0.1383,0.3178,예방 모니터 1명 + 대기 요원 1명,"구급함, 무전기, 음용수, 그늘막","예방 순찰 30분 간격 강화 | 응급 대응 장비 위치·작동 상태 점검 | 고위험 방문객 (노약자·어린이·임산부) 적극 모니터링 | 기상 변화·밀도 실시간 확인 | 대기 인력 현장 근접 배치 | [우천] 미끄러짐 주의 안내, 낙뢰 위험 시설 대피, 우천 장비 점검 | [한파] 저체온증 위험 모니터링, 실내 대피 공간 운영, 동상 응급처치 키트 배치 | [야간] 조명 확보 및 시야 불량 구역 안전선 설치, 야간 순찰 강화",이상 징후(쓰러짐·발열·외상) 발견 즉시 위험 단계 상향,체험장 — 활동 중 외상·골절 주의
F04,체험텃밭,보통,우천|피크타임|한파,3,0.1037,주의,🟡,0.0606,0.342,0.0299,0.6281,예방 모니터 1명 + 대기 요원 1명,"구급함, 무전기, 음용수, 그늘막","예방 순찰 30분 간격 강화 | 응급 대응 장비 위치·작동 상태 점검 | 고위험 방문객 (노약자·어린이·임산부) 적극 모니터링 | 기상 변화·밀도 실시간 확인 | 대기 인력 현장 근접 배치 | [우천] 미끄러짐 주의 안내, 낙뢰 위험 시설 대피, 우천 장비 점검 | [한파] 저체온증 위험 모니터링, 실내 대피 공간 운영, 동상 응급처치 키트 배치",이상 징후(쓰러짐·발열·외상) 발견 즉시 위험 단계 상향,체험장 — 활동 중 외상·골절 주의
F04,체험텃밭,보통,강풍|야간|우천,3,0.0786,주의,🟡,0.0606,0.7742,0.1662,0.0595,예방 모니터 1명 + 대기 요원 1명,"구급함, 무전기, 음용수, 그늘막","예방 순찰 30분 간격 강화 | 응급 대응 장비 위치·작동 상태 점검 | 고위험 방문객 (노약자·어린이·임산부) 적극 모니터링 | 기상 변화·밀도 실시간 확인 | 대기 인력 현장 근접 배치 | [우천] 미끄러짐 주의 안내, 낙뢰 위험 시설 대피, 우천 장비 점검 | [강풍] 낙하물 위험 구역 통제, 야외 구조물·천막 긴급 점검 | [야간] 조명 확보 및 시야 불량 구역 안전선 설치, 야간 순찰 강화",이상 징후(쓰러짐·발열·외상) 발견 즉시 위험 단계 상향,체험장 — 활동 중 외상·골절 주의
F04,체험텃밭,보통,강풍|우천|피크타임,3,0.0901,주의,🟡,0.0606,0.6123,0.0458,0.3419,예방 모니터 1명 + 대기 요원 1명,"구급함, 무전기, 음용수, 그늘막","예방 순찰 30분 간격 강화 | 응급 대응 장비 위치·작동 상태 점검 | 고위험 방문객 (노약자·어린이·임산부) 적극 모니터링 | 기상 변화·밀도 실시간 확인 | 대기 인력 현장 근접 배치 | [우천] 미끄러짐 주의 안내, 낙뢰 위험 시설 대피, 우천 장비 점검 | [강풍] 낙하물 위험 구역 통제, 야외 구조물·천막 긴급 점검",이상 징후(쓰러짐·발열·외상) 발견 즉시 위험 단계 상향,체험장 — 활동 중 외상·골절 주의
F04,체험텃밭,보통,야간|우천|피크타임,3,0.0932,주의,🟡,0.0606,0.516,0.0988,0.3852,예방 모니터 1명 + 대기 요원 1명,"구급함, 무전기, 음용수, 그늘막","예방 순찰 30분 간격 강화 | 응급 대응 장비 위치·작동 상태 점검 | 고위험 방문객 (노약자·어린이·임산부) 적극 모니터링 | 기상 변화·밀도 실시간 확인 | 대기 인력 현장 근접 배치 | [우천] 미끄러짐 주의 안내, 낙뢰 위험 시설 대피, 우천 장비 점검 | [야간] 조명 확보 및 시야 불량 구역 안전선 설치, 야간 순찰 강화",이상 징후(쓰러짐·발열·외상) 발견 즉시 위험 단계 상향,체험장 — 활동 중 외상·골절 주의
F04,체험텃밭,보통,강풍|야간|한파,3,0.044,관찰,🔵,0.0336,0.6411,0.3537,0.0052,순찰 요원 1명,"구급함, 무전기","일반 안전 순찰 60분 간격 유지 | 기상특보·예보 확인 | 방문객 밀도 추이 모니터링 | 비상 연락망 점검 | [한파] 저체온증 위험 모니터링, 실내 대피 공간 운영, 동상 응급처치 키트 배치 | [강풍] 낙하물 위험 구역 통제, 야외 구조물·천막 긴급 점검 | [야간] 조명 확보 및 시야 불량 구역 안전선 설치, 야간 순찰 강화",기상특보 발령 또는 밀도 > 0.6 시 주의 단계 상향,체험장 — 활동 중 외상·골절 주의
F04,체험텃밭,보통,강풍|피크타임|한파,3,0.0416,관찰,🔵,0.0336,0.913,0.0647,0.0223,순찰 요원 1명,"구급함, 무전기","일반 안전 순찰 60분 간격 유지 | 기상특보·예보 확인 | 방문객 밀도 추이 모니터링 | 비상 연락망 점검 | [한파] 저체온증 위험 모니터링, 실내 대피 공간 운영, 동상 응급처치 키트 배치 | [강풍] 낙하물 위험 구역 통제, 야외 구조물·천막 긴급 점검",기상특보 발령 또는 밀도 > 0.6 시 주의 단계 상향,체험장 — 활동 중 외상·골절 주의
F04,체험텃밭,보통,야간|피크타임|한파,3,0.044,관찰,🔵,0.0336,0.6411,0.3537,0.0052,순찰 요원 1명,"구급함, 무전기","일반 안전 순찰 60분 간격 유지 | 기상특보·예보 확인 | 방문객 밀도 추이 모니터링 | 비상 연락망 점검 | [한파] 저체온증 위험 모니터링, 실내 대피 공간 운영, 동상 응급처치 키트 배치 | [야간] 조명 확보 및 시야 불량 구역 안전선 설치, 야간 순찰 강화",기상특보 발령 또는 밀도 > 0.6 시 주의 단계 상향,체험장 — 활동 중 외상·골절 주의
F04,체험텃밭,보통,강풍|야간|피크타임,3,0.0776,주의,🟡,0.0606,0.7326,0.2671,0.0002,예방 모니터 1명 + 대기 요원 1명,"구급함, 무전기, 음용수, 그늘막","예방 순찰 30분 간격 강화 | 응급 대응 장비 위치·작동 상태 점검 | 고위험 방문객 (노약자·어린이·임산부) 적극 모니터링 | 기상 변화·밀도 실시간 확인 | 대기 인력 현장 근접 배치 | [강풍] 낙하물 위험 구역 통제, 야외 구조물·천막 긴급 점검 | [야간] 조명 확보 및 시야 불량 구역 안전선 설치, 야간 순찰 강화",이상 징후(쓰러짐·발열·외상) 발견 즉시 위험 단계 상향,체험장 — 활동 중 외상·골절 주의
F04,체험텃밭,보통,강풍|우천|폭염|한파,4,0.0512,관찰,🔵,0.028,0.2077,0.0119,0.7804,순찰 요원 1명,"구급함, 무전기","일반 안전 순찰 60분 간격 유지 | 기상특보·예보 확인 | 방문객 밀도 추이 모니터링 | 비상 연락망 점검 | [폭염] 그늘·음용수 추가 배치, 열사병 집중 모니터링, 피크타임 야외 자제 권고 | [우천] 미끄러짐 주의 안내, 낙뢰 위험 시설 대피, 우천 장비 점검 | [한파] 저체온증 위험 모니터링, 실내 대피 공간 운영, 동상 응급처치 키트 배치 | [강풍] 낙하물 위험 구역 통제, 야외 구조물·천막 긴급 점검",기상특보 발령 또는 밀도 > 0.6 시 주의 단계 상향,체험장 — 활동 중 외상·골절 주의
F04,체험텃밭,보통,야간|우천|폭염|한파,4,0.0468,관찰,🔵,0.028,0.4119,0.0049,0.5832,순찰 요원 1명,"구급함, 무전기","일반 안전 순찰 60분 간격 유지 | 기상특보·예보 확인 | 방문객 밀도 추이 모니터링 | 비상 연락망 점검 | [폭염] 그늘·음용수 추가 배치, 열사병 집중 모니터링, 피크타임 야외 자제 권고 | [우천] 미끄러짐 주의 안내, 낙뢰 위험 시설 대피, 우천 장비 점검 | [한파] 저체온증 위험 모니터링, 실내 대피 공간 운영, 동상 응급처치 키트 배치 | [야간] 조명 확보 및 시야 불량 구역 안전선 설치, 야간 순찰 강화",기상특보 발령 또는 밀도 > 0.6 시 주의 단계 상향,체험장 — 활동 중 외상·골절 주의
F04,체험텃밭,보통,우천|폭염|피크타임|한파,4,0.1872,위험,🔴,0.0969,0.081,0.0047,0.9143,대응팀장 1명 + 응급처치 요원 2명 이상,"AED, 들것, 응급의약품, 무전기, 안전펜스","응급 대응팀 즉시 현장 파견 | 응급 장비 준비 (AED, 들것, 응급의약품 키트) | 방문객 안전구역 유도 및 해당 시설 일시 폐쇄 검토 | 119 사전 연락 및 대기 지시 | 관리자·시설장 즉시 보고 | [폭염] 그늘·음용수 추가 배치, 열사병 집중 모니터링, 피크타임 야외 자제 권고 | [우천] 미끄러짐 주의 안내, 낙뢰 위험 시설 대피, 우천 장비 점검 | [한파] 저체온증 위험 모니터링, 실내 대피 공간 운영, 동상 응급처치 키트 배치",P(중증) > 0.30 → 119 즉시 출동 요청 / 의식 불명 → 헬기 이송 검토,체험장 — 활동 중 외상·골절 주의
F04,체험텃밭,보통,강풍|야간|우천|폭염,4,0.0468,관찰,🔵,0.028,0.4119,0.0049,0.5832,순찰 요원 1명,"구급함, 무전기","일반 안전 순찰 60분 간격 유지 | 기상특보·예보 확인 | 방문객 밀도 추이 모니터링 | 비상 연락망 점검 | [폭염] 그늘·음용수 추가 배치, 열사병 집중 모니터링, 피크타임 야외 자제 권고 | [우천] 미끄러짐 주의 안내, 낙뢰 위험 시설 대피, 우천 장비 점검 | [강풍] 낙하물 위험 구역 통제, 야외 구조물·천막 긴급 점검 | [야간] 조명 확보 및 시야 불량 구역 안전선 설치, 야간 순찰 강화",기상특보 발령 또는 밀도 > 0.6 시 주의 단계 상향,체험장 — 활동 중 외상·골절 주의
F04,체험텃밭,보통,강풍|우천|폭염|피크타임,4,0.1872,위험,🔴,0.0969,0.081,0.0047,0.9143,대응팀장 1명 + 응급처치 요원 2명 이상,"AED, 들것, 응급의약품, 무전기, 안전펜스","응급 대응팀 즉시 현장 파견 | 응급 장비 준비 (AED, 들것, 응급의약품 키트) | 방문객 안전구역 유도 및 해당 시설 일시 폐쇄 검토 | 119 사전 연락 및 대기 지시 | 관리자·시설장 즉시 보고 | [폭염] 그늘·음용수 추가 배치, 열사병 집중 모니터링, 피크타임 야외 자제 권고 | [우천] 미끄러짐 주의 안내, 낙뢰 위험 시설 대피, 우천 장비 점검 | [강풍] 낙하물 위험 구역 통제, 야외 구조물·천막 긴급 점검",P(중증) > 0.30 → 119 즉시 출동 요청 / 의식 불명 → 헬기 이송 검토,체험장 — 활동 중 외상·골절 주의
F04,체험텃밭,보통,야간|우천|폭염|피크타임,4,0.0468,관찰,🔵,0.028,0.4119,0.0049,0.5832,순찰 요원 1명,"구급함, 무전기","일반 안전 순찰 60분 간격 유지 | 기상특보·예보 확인 | 방문객 밀도 추이 모니터링 | 비상 연락망 점검 | [폭염] 그늘·음용수 추가 배치, 열사병 집중 모니터링, 피크타임 야외 자제 권고 | [우천] 미끄러짐 주의 안내, 낙뢰 위험 시설 대피, 우천 장비 점검 | [야간] 조명 확보 및 시야 불량 구역 안전선 설치, 야간 순찰 강화",기상특보 발령 또는 밀도 > 0.6 시 주의 단계 상향,체험장 — 활동 중 외상·골절 주의
F04,체험텃밭,보통,강풍|야간|폭염|한파,4,0.0342,관찰,🔵,0.028,0.9662,0.0111,0.0227,순찰 요원 1명,"구급함, 무전기","일반 안전 순찰 60분 간격 유지 | 기상특보·예보 확인 | 방문객 밀도 추이 모니터링 | 비상 연락망 점검 | [폭염] 그늘·음용수 추가 배치, 열사병 집중 모니터링, 피크타임 야외 자제 권고 | [한파] 저체온증 위험 모니터링, 실내 대피 공간 운영, 동상 응급처치 키트 배치 | [강풍] 낙하물 위험 구역 통제, 야외 구조물·천막 긴급 점검 | [야간] 조명 확보 및 시야 불량 구역 안전선 설치, 야간 순찰 강화",기상특보 발령 또는 밀도 > 0.6 시 주의 단계 상향,체험장 — 활동 중 외상·골절 주의
F04,체험텃밭,보통,강풍|폭염|피크타임|한파,4,0.1309,주의,🟡,0.0969,0.789,0.0337,0.1773,예방 모니터 1명 + 대기 요원 1명,"구급함, 무전기, 음용수, 그늘막","예방 순찰 30분 간격 강화 | 응급 대응 장비 위치·작동 상태 점검 | 고위험 방문객 (노약자·어린이·임산부) 적극 모니터링 | 기상 변화·밀도 실시간 확인 | 대기 인력 현장 근접 배치 | [폭염] 그늘·음용수 추가 배치, 열사병 집중 모니터링, 피크타임 야외 자제 권고 | [한파] 저체온증 위험 모니터링, 실내 대피 공간 운영, 동상 응급처치 키트 배치 | [강풍] 낙하물 위험 구역 통제, 야외 구조물·천막 긴급 점검",이상 징후(쓰러짐·발열·외상) 발견 즉시 위험 단계 상향,체험장 — 활동 중 외상·골절 주의
F04,체험텃밭,보통,야간|폭염|피크타임|한파,4,0.0342,관찰,🔵,0.028,0.9662,0.0111,0.0227,순찰 요원 1명,"구급함, 무전기","일반 안전 순찰 60분 간격 유지 | 기상특보·예보 확인 | 방문객 밀도 추이 모니터링 | 비상 연락망 점검 | [폭염] 그늘·음용수 추가 배치, 열사병 집중 모니터링, 피크타임 야외 자제 권고 | [한파] 저체온증 위험 모니터링, 실내 대피 공간 운영, 동상 응급처치 키트 배치 | [야간] 조명 확보 및 시야 불량 구역 안전선 설치, 야간 순찰 강화",기상특보 발령 또는 밀도 > 0.6 시 주의 단계 상향,체험장 — 활동 중 외상·골절 주의
F04,체험텃밭,보통,강풍|야간|폭염|피크타임,4,0.0342,관찰,🔵,0.028,0.9662,0.0111,0.0227,순찰 요원 1명,"구급함, 무전기","일반 안전 순찰 60분 간격 유지 | 기상특보·예보 확인 | 방문객 밀도 추이 모니터링 | 비상 연락망 점검 | [폭염] 그늘·음용수 추가 배치, 열사병 집중 모니터링, 피크타임 야외 자제 권고 | [강풍] 낙하물 위험 구역 통제, 야외 구조물·천막 긴급 점검 | [야간] 조명 확보 및 시야 불량 구역 안전선 설치, 야간 순찰 강화",기상특보 발령 또는 밀도 > 0.6 시 주의 단계 상향,체험장 — 활동 중 외상·골절 주의
F04,체험텃밭,보통,강풍|야간|우천|한파,4,0.0906,주의,🟡,0.0606,0.5439,0.1383,0.3178,예방 모니터 1명 + 대기 요원 1명,"구급함, 무전기, 음용수, 그늘막","예방 순찰 30분 간격 강화 | 응급 대응 장비 위치·작동 상태 점검 | 고위험 방문객 (노약자·어린이·임산부) 적극 모니터링 | 기상 변화·밀도 실시간 확인 | 대기 인력 현장 근접 배치 | [우천] 미끄러짐 주의 안내, 낙뢰 위험 시설 대피, 우천 장비 점검 | [한파] 저체온증 위험 모니터링, 실내 대피 공간 운영, 동상 응급처치 키트 배치 | [강풍] 낙하물 위험 구역 통제, 야외 구조물·천막 긴급 점검 | [야간] 조명 확보 및 시야 불량 구역 안전선 설치, 야간 순찰 강화",이상 징후(쓰러짐·발열·외상) 발견 즉시 위험 단계 상향,체험장 — 활동 중 외상·골절 주의
F04,체험텃밭,보통,강풍|우천|피크타임|한파,4,0.1037,주의,🟡,0.0606,0.342,0.0299,0.6281,예방 모니터 1명 + 대기 요원 1명,"구급함, 무전기, 음용수, 그늘막","예방 순찰 30분 간격 강화 | 응급 대응 장비 위치·작동 상태 점검 | 고위험 방문객 (노약자·어린이·임산부) 적극 모니터링 | 기상 변화·밀도 실시간 확인 | 대기 인력 현장 근접 배치 | [우천] 미끄러짐 주의 안내, 낙뢰 위험 시설 대피, 우천 장비 점검 | [한파] 저체온증 위험 모니터링, 실내 대피 공간 운영, 동상 응급처치 키트 배치 | [강풍] 낙하물 위험 구역 통제, 야외 구조물·천막 긴급 점검",이상 징후(쓰러짐·발열·외상) 발견 즉시 위험 단계 상향,체험장 — 활동 중 외상·골절 주의
F04,체험텃밭,보통,야간|우천|피크타임|한파,4,0.0906,주의,🟡,0.0606,0.5439,0.1383,0.3178,예방 모니터 1명 + 대기 요원 1명,"구급함, 무전기, 음용수, 그늘막","예방 순찰 30분 간격 강화 | 응급 대응 장비 위치·작동 상태 점검 | 고위험 방문객 (노약자·어린이·임산부) 적극 모니터링 | 기상 변화·밀도 실시간 확인 | 대기 인력 현장 근접 배치 | [우천] 미끄러짐 주의 안내, 낙뢰 위험 시설 대피, 우천 장비 점검 | [한파] 저체온증 위험 모니터링, 실내 대피 공간 운영, 동상 응급처치 키트 배치 | [야간] 조명 확보 및 시야 불량 구역 안전선 설치, 야간 순찰 강화",이상 징후(쓰러짐·발열·외상) 발견 즉시 위험 단계 상향,체험장 — 활동 중 외상·골절 주의
F04,체험텃밭,보통,강풍|야간|우천|피크타임,4,0.0786,주의,🟡,0.0606,0.7742,0.1662,0.0595,예방 모니터 1명 + 대기 요원 1명,"구급함, 무전기, 음용수, 그늘막","예방 순찰 30분 간격 강화 | 응급 대응 장비 위치·작동 상태 점검 | 고위험 방문객 (노약자·어린이·임산부) 적극 모니터링 | 기상 변화·밀도 실시간 확인 | 대기 인력 현장 근접 배치 | [우천] 미끄러짐 주의 안내, 낙뢰 위험 시설 대피, 우천 장비 점검 | [강풍] 낙하물 위험 구역 통제, 야외 구조물·천막 긴급 점검 | [야간] 조명 확보 및 시야 불량 구역 안전선 설치, 야간 순찰 강화",이상 징후(쓰러짐·발열·외상) 발견 즉시 위험 단계 상향,체험장 — 활동 중 외상·골절 주의
F04,체험텃밭,보통,강풍|야간|피크타임|한파,4,0.044,관찰,🔵,0.0336,0.6411,0.3537,0.0052,순찰 요원 1명,"구급함, 무전기","일반 안전 순찰 60분 간격 유지 | 기상특보·예보 확인 | 방문객 밀도 추이 모니터링 | 비상 연락망 점검 | [한파] 저체온증 위험 모니터링, 실내 대피 공간 운영, 동상 응급처치 키트 배치 | [강풍] 낙하물 위험 구역 통제, 야외 구조물·천막 긴급 점검 | [야간] 조명 확보 및 시야 불량 구역 안전선 설치, 야간 순찰 강화",기상특보 발령 또는 밀도 > 0.6 시 주의 단계 상향,체험장 — 활동 중 외상·골절 주의
F04,체험텃밭,보통,강풍|야간|우천|폭염|한파,5,0.0468,관찰,🔵,0.028,0.4119,0.0049,0.5832,순찰 요원 1명,"구급함, 무전기","일반 안전 순찰 60분 간격 유지 | 기상특보·예보 확인 | 방문객 밀도 추이 모니터링 | 비상 연락망 점검 | [폭염] 그늘·음용수 추가 배치, 열사병 집중 모니터링, 피크타임 야외 자제 권고 | [우천] 미끄러짐 주의 안내, 낙뢰 위험 시설 대피, 우천 장비 점검 | [한파] 저체온증 위험 모니터링, 실내 대피 공간 운영, 동상 응급처치 키트 배치 | [강풍] 낙하물 위험 구역 통제, 야외 구조물·천막 긴급 점검 | [야간] 조명 확보 및 시야 불량 구역 안전선 설치, 야간 순찰 강화",기상특보 발령 또는 밀도 > 0.6 시 주의 단계 상향,체험장 — 활동 중 외상·골절 주의
F04,체험텃밭,보통,강풍|우천|폭염|피크타임|한파,5,0.1872,위험,🔴,0.0969,0.081,0.0047,0.9143,대응팀장 1명 + 응급처치 요원 2명 이상,"AED, 들것, 응급의약품, 무전기, 안전펜스","응급 대응팀 즉시 현장 파견 | 응급 장비 준비 (AED, 들것, 응급의약품 키트) | 방문객 안전구역 유도 및 해당 시설 일시 폐쇄 검토 | 119 사전 연락 및 대기 지시 | 관리자·시설장 즉시 보고 | [폭염] 그늘·음용수 추가 배치, 열사병 집중 모니터링, 피크타임 야외 자제 권고 | [우천] 미끄러짐 주의 안내, 낙뢰 위험 시설 대피, 우천 장비 점검 | [한파] 저체온증 위험 모니터링, 실내 대피 공간 운영, 동상 응급처치 키트 배치 | [강풍] 낙하물 위험 구역 통제, 야외 구조물·천막 긴급 점검",P(중증) > 0.30 → 119 즉시 출동 요청 / 의식 불명 → 헬기 이송 검토,체험장 — 활동 중 외상·골절 주의
F04,체험텃밭,보통,야간|우천|폭염|피크타임|한파,5,0.0468,관찰,🔵,0.028,0.4119,0.0049,0.5832,순찰 요원 1명,"구급함, 무전기","일반 안전 순찰 60분 간격 유지 | 기상특보·예보 확인 | 방문객 밀도 추이 모니터링 | 비상 연락망 점검 | [폭염] 그늘·음용수 추가 배치, 열사병 집중 모니터링, 피크타임 야외 자제 권고 | [우천] 미끄러짐 주의 안내, 낙뢰 위험 시설 대피, 우천 장비 점검 | [한파] 저체온증 위험 모니터링, 실내 대피 공간 운영, 동상 응급처치 키트 배치 | [야간] 조명 확보 및 시야 불량 구역 안전선 설치, 야간 순찰 강화",기상특보 발령 또는 밀도 > 0.6 시 주의 단계 상향,체험장 — 활동 중 외상·골절 주의
F04,체험텃밭,보통,강풍|야간|우천|폭염|피크타임,5,0.0468,관찰,🔵,0.028,0.4119,0.0049,0.5832,순찰 요원 1명,"구급함, 무전기","일반 안전 순찰 60분 간격 유지 | 기상특보·예보 확인 | 방문객 밀도 추이 모니터링 | 비상 연락망 점검 | [폭염] 그늘·음용수 추가 배치, 열사병 집중 모니터링, 피크타임 야외 자제 권고 | [우천] 미끄러짐 주의 안내, 낙뢰 위험 시설 대피, 우천 장비 점검 | [강풍] 낙하물 위험 구역 통제, 야외 구조물·천막 긴급 점검 | [야간] 조명 확보 및 시야 불량 구역 안전선 설치, 야간 순찰 강화",기상특보 발령 또는 밀도 > 0.6 시 주의 단계 상향,체험장 — 활동 중 외상·골절 주의
F04,체험텃밭,보통,강풍|야간|폭염|피크타임|한파,5,0.0342,관찰,🔵,0.028,0.9662,0.0111,0.0227,순찰 요원 1명,"구급함, 무전기","일반 안전 순찰 60분 간격 유지 | 기상특보·예보 확인 | 방문객 밀도 추이 모니터링 | 비상 연락망 점검 | [폭염] 그늘·음용수 추가 배치, 열사병 집중 모니터링, 피크타임 야외 자제 권고 | [한파] 저체온증 위험 모니터링, 실내 대피 공간 운영, 동상 응급처치 키트 배치 | [강풍] 낙하물 위험 구역 통제, 야외 구조물·천막 긴급 점검 | [야간] 조명 확보 및 시야 불량 구역 안전선 설치, 야간 순찰 강화",기상특보 발령 또는 밀도 > 0.6 시 주의 단계 상향,체험장 — 활동 중 외상·골절 주의
F04,체험텃밭,보통,강풍|야간|우천|피크타임|한파,5,0.0906,주의,🟡,0.0606,0.5439,0.1383,0.3178,예방 모니터 1명 + 대기 요원 1명,"구급함, 무전기, 음용수, 그늘막","예방 순찰 30분 간격 강화 | 응급 대응 장비 위치·작동 상태 점검 | 고위험 방문객 (노약자·어린이·임산부) 적극 모니터링 | 기상 변화·밀도 실시간 확인 | 대기 인력 현장 근접 배치 | [우천] 미끄러짐 주의 안내, 낙뢰 위험 시설 대피, 우천 장비 점검 | [한파] 저체온증 위험 모니터링, 실내 대피 공간 운영, 동상 응급처치 키트 배치 | [강풍] 낙하물 위험 구역 통제, 야외 구조물·천막 긴급 점검 | [야간] 조명 확보 및 시야 불량 구역 안전선 설치, 야간 순찰 강화",이상 징후(쓰러짐·발열·외상) 발견 즉시 위험 단계 상향,체험장 — 활동 중 외상·골절 주의
F04,체험텃밭,보통,강풍|야간|우천|폭염|피크타임|한파,6,0.0468,관찰,🔵,0.028,0.4119,0.0049,0.5832,순찰 요원 1명,"구급함, 무전기","일반 안전 순찰 60분 간격 유지 | 기상특보·예보 확인 | 방문객 밀도 추이 모니터링 | 비상 연락망 점검 | [폭염] 그늘·음용수 추가 배치, 열사병 집중 모니터링, 피크타임 야외 자제 권고 | [우천] 미끄러짐 주의 안내, 낙뢰 위험 시설 대피, 우천 장비 점검 | [한파] 저체온증 위험 모니터링, 실내 대피 공간 운영, 동상 응급처치 키트 배치 | [강풍] 낙하물 위험 구역 통제, 야외 구조물·천막 긴급 점검 | [야간] 조명 확보 및 시야 불량 구역 안전선 설치, 야간 순찰 강화",기상특보 발령 또는 밀도 > 0.6 시 주의 단계 상향,체험장 — 활동 중 외상·골절 주의
F04,체험텃밭,혼잡,없음,0,0.0754,주의,🟡,0.0606,0.8744,0.1142,0.0114,예방 모니터 1명 + 대기 요원 1명,"구급함, 무전기, 음용수, 그늘막",예방 순찰 30분 간격 강화 | 응급 대응 장비 위치·작동 상태 점검 | 고위험 방문객 (노약자·어린이·임산부) 적극 모니터링 | 기상 변화·밀도 실시간 확인 | 대기 인력 현장 근접 배치,이상 징후(쓰러짐·발열·외상) 발견 즉시 위험 단계 상향,체험장 — 활동 중 외상·골절 주의
F04,체험텃밭,혼잡,폭염,1,0.0351,관찰,🔵,0.028,0.8973,0.0586,0.0441,순찰 요원 1명,"구급함, 무전기","일반 안전 순찰 60분 간격 유지 | 기상특보·예보 확인 | 방문객 밀도 추이 모니터링 | 비상 연락망 점검 | [폭염] 그늘·음용수 추가 배치, 열사병 집중 모니터링, 피크타임 야외 자제 권고",기상특보 발령 또는 밀도 > 0.6 시 주의 단계 상향,체험장 — 활동 중 외상·골절 주의
F04,체험텃밭,혼잡,우천,1,0.0798,주의,🟡,0.0606,0.7841,0.1124,0.1035,예방 모니터 1명 + 대기 요원 1명,"구급함, 무전기, 음용수, 그늘막","예방 순찰 30분 간격 강화 | 응급 대응 장비 위치·작동 상태 점검 | 고위험 방문객 (노약자·어린이·임산부) 적극 모니터링 | 기상 변화·밀도 실시간 확인 | 대기 인력 현장 근접 배치 | [우천] 미끄러짐 주의 안내, 낙뢰 위험 시설 대피, 우천 장비 점검",이상 징후(쓰러짐·발열·외상) 발견 즉시 위험 단계 상향,체험장 — 활동 중 외상·골절 주의
F04,체험텃밭,혼잡,한파,1,0.0429,관찰,🔵,0.0336,0.8362,0.1058,0.058,순찰 요원 1명,"구급함, 무전기","일반 안전 순찰 60분 간격 유지 | 기상특보·예보 확인 | 방문객 밀도 추이 모니터링 | 비상 연락망 점검 | [한파] 저체온증 위험 모니터링, 실내 대피 공간 운영, 동상 응급처치 키트 배치",기상특보 발령 또는 밀도 > 0.6 시 주의 단계 상향,체험장 — 활동 중 외상·골절 주의
F04,체험텃밭,혼잡,강풍,1,0.0754,주의,🟡,0.0606,0.876,0.1118,0.0122,예방 모니터 1명 + 대기 요원 1명,"구급함, 무전기, 음용수, 그늘막","예방 순찰 30분 간격 강화 | 응급 대응 장비 위치·작동 상태 점검 | 고위험 방문객 (노약자·어린이·임산부) 적극 모니터링 | 기상 변화·밀도 실시간 확인 | 대기 인력 현장 근접 배치 | [강풍] 낙하물 위험 구역 통제, 야외 구조물·천막 긴급 점검",이상 징후(쓰러짐·발열·외상) 발견 즉시 위험 단계 상향,체험장 — 활동 중 외상·골절 주의
F04,체험텃밭,혼잡,야간,1,0.085,주의,🟡,0.0606,0.3717,0.6004,0.0278,예방 모니터 1명 + 대기 요원 1명,"구급함, 무전기, 음용수, 그늘막","예방 순찰 30분 간격 강화 | 응급 대응 장비 위치·작동 상태 점검 | 고위험 방문객 (노약자·어린이·임산부) 적극 모니터링 | 기상 변화·밀도 실시간 확인 | 대기 인력 현장 근접 배치 | [야간] 조명 확보 및 시야 불량 구역 안전선 설치, 야간 순찰 강화",이상 징후(쓰러짐·발열·외상) 발견 즉시 위험 단계 상향,체험장 — 활동 중 외상·골절 주의
F04,체험텃밭,혼잡,피크타임,1,0.0741,주의,🟡,0.0606,0.9495,0.036,0.0146,예방 모니터 1명 + 대기 요원 1명,"구급함, 무전기, 음용수, 그늘막",예방 순찰 30분 간격 강화 | 응급 대응 장비 위치·작동 상태 점검 | 고위험 방문객 (노약자·어린이·임산부) 적극 모니터링 | 기상 변화·밀도 실시간 확인 | 대기 인력 현장 근접 배치,이상 징후(쓰러짐·발열·외상) 발견 즉시 위험 단계 상향,체험장 — 활동 중 외상·골절 주의
F04,체험텃밭,혼잡,우천|폭염,2,0.0384,관찰,🔵,0.028,0.7552,0.0513,0.1935,순찰 요원 1명,"구급함, 무전기","일반 안전 순찰 60분 간격 유지 | 기상특보·예보 확인 | 방문객 밀도 추이 모니터링 | 비상 연락망 점검 | [폭염] 그늘·음용수 추가 배치, 열사병 집중 모니터링, 피크타임 야외 자제 권고 | [우천] 미끄러짐 주의 안내, 낙뢰 위험 시설 대피, 우천 장비 점검",기상특보 발령 또는 밀도 > 0.6 시 주의 단계 상향,체험장 — 활동 중 외상·골절 주의
F04,체험텃밭,혼잡,폭염|한파,2,0.0351,관찰,🔵,0.028,0.8973,0.0586,0.0441,순찰 요원 1명,"구급함, 무전기","일반 안전 순찰 60분 간격 유지 | 기상특보·예보 확인 | 방문객 밀도 추이 모니터링 | 비상 연락망 점검 | [폭염] 그늘·음용수 추가 배치, 열사병 집중 모니터링, 피크타임 야외 자제 권고 | [한파] 저체온증 위험 모니터링, 실내 대피 공간 운영, 동상 응급처치 키트 배치",기상특보 발령 또는 밀도 > 0.6 시 주의 단계 상향,체험장 — 활동 중 외상·골절 주의
F04,체험텃밭,혼잡,강풍|폭염,2,0.0351,관찰,🔵,0.028,0.8973,0.0586,0.0441,순찰 요원 1명,"구급함, 무전기","일반 안전 순찰 60분 간격 유지 | 기상특보·예보 확인 | 방문객 밀도 추이 모니터링 | 비상 연락망 점검 | [폭염] 그늘·음용수 추가 배치, 열사병 집중 모니터링, 피크타임 야외 자제 권고 | [강풍] 낙하물 위험 구역 통제, 야외 구조물·천막 긴급 점검",기상특보 발령 또는 밀도 > 0.6 시 주의 단계 상향,체험장 — 활동 중 외상·골절 주의
F04,체험텃밭,혼잡,야간|폭염,2,0.036,관찰,🔵,0.028,0.8002,0.1547,0.0451,순찰 요원 1명,"구급함, 무전기","일반 안전 순찰 60분 간격 유지 | 기상특보·예보 확인 | 방문객 밀도 추이 모니터링 | 비상 연락망 점검 | [폭염] 그늘·음용수 추가 배치, 열사병 집중 모니터링, 피크타임 야외 자제 권고 | [야간] 조명 확보 및 시야 불량 구역 안전선 설치, 야간 순찰 강화",기상특보 발령 또는 밀도 > 0.6 시 주의 단계 상향,체험장 — 활동 중 외상·골절 주의
F04,체험텃밭,혼잡,폭염|피크타임,2,0.1197,주의,🟡,0.0969,0.9308,0.0382,0.031,예방 모니터 1명 + 대기 요원 1명,"구급함, 무전기, 음용수, 그늘막","예방 순찰 30분 간격 강화 | 응급 대응 장비 위치·작동 상태 점검 | 고위험 방문객 (노약자·어린이·임산부) 적극 모니터링 | 기상 변화·밀도 실시간 확인 | 대기 인력 현장 근접 배치 | [폭염] 그늘·음용수 추가 배치, 열사병 집중 모니터링, 피크타임 야외 자제 권고",이상 징후(쓰러짐·발열·외상) 발견 즉시 위험 단계 상향,체험장 — 활동 중 외상·골절 주의
F04,체험텃밭,혼잡,우천|한파,2,0.0841,주의,🟡,0.0606,0.725,0.0655,0.2095,예방 모니터 1명 + 대기 요원 1명,"구급함, 무전기, 음용수, 그늘막","예방 순찰 30분 간격 강화 | 응급 대응 장비 위치·작동 상태 점검 | 고위험 방문객 (노약자·어린이·임산부) 적극 모니터링 | 기상 변화·밀도 실시간 확인 | 대기 인력 현장 근접 배치 | [우천] 미끄러짐 주의 안내, 낙뢰 위험 시설 대피, 우천 장비 점검 | [한파] 저체온증 위험 모니터링, 실내 대피 공간 운영, 동상 응급처치 키트 배치",이상 징후(쓰러짐·발열·외상) 발견 즉시 위험 단계 상향,체험장 — 활동 중 외상·골절 주의
F04,체험텃밭,혼잡,강풍|우천,2,0.0775,주의,🟡,0.0606,0.863,0.0604,0.0767,예방 모니터 1명 + 대기 요원 1명,"구급함, 무전기, 음용수, 그늘막","예방 순찰 30분 간격 강화 | 응급 대응 장비 위치·작동 상태 점검 | 고위험 방문객 (노약자·어린이·임산부) 적극 모니터링 | 기상 변화·밀도 실시간 확인 | 대기 인력 현장 근접 배치 | [우천] 미끄러짐 주의 안내, 낙뢰 위험 시설 대피, 우천 장비 점검 | [강풍] 낙하물 위험 구역 통제, 야외 구조물·천막 긴급 점검",이상 징후(쓰러짐·발열·외상) 발견 즉시 위험 단계 상향,체험장 — 활동 중 외상·골절 주의
F04,체험텃밭,혼잡,야간|우천,2,0.0902,주의,🟡,0.0606,0.4535,0.2986,0.2479,예방 모니터 1명 + 대기 요원 1명,"구급함, 무전기, 음용수, 그늘막","예방 순찰 30분 간격 강화 | 응급 대응 장비 위치·작동 상태 점검 | 고위험 방문객 (노약자·어린이·임산부) 적극 모니터링 | 기상 변화·밀도 실시간 확인 | 대기 인력 현장 근접 배치 | [우천] 미끄러짐 주의 안내, 낙뢰 위험 시설 대피, 우천 장비 점검 | [야간] 조명 확보 및 시야 불량 구역 안전선 설치, 야간 순찰 강화",이상 징후(쓰러짐·발열·외상) 발견 즉시 위험 단계 상향,체험장 — 활동 중 외상·골절 주의
F04,체험텃밭,혼잡,우천|피크타임,2,0.081,주의,🟡,0.0606,0.7919,0.0608,0.1474,예방 모니터 1명 + 대기 요원 1명,"구급함, 무전기, 음용수, 그늘막","예방 순찰 30분 간격 강화 | 응급 대응 장비 위치·작동 상태 점검 | 고위험 방문객 (노약자·어린이·임산부) 적극 모니터링 | 기상 변화·밀도 실시간 확인 | 대기 인력 현장 근접 배치 | [우천] 미끄러짐 주의 안내, 낙뢰 위험 시설 대피, 우천 장비 점검",이상 징후(쓰러짐·발열·외상) 발견 즉시 위험 단계 상향,체험장 — 활동 중 외상·골절 주의
F04,체험텃밭,혼잡,강풍|한파,2,0.0429,관찰,🔵,0.0336,0.8362,0.1058,0.058,순찰 요원 1명,"구급함, 무전기","일반 안전 순찰 60분 간격 유지 | 기상특보·예보 확인 | 방문객 밀도 추이 모니터링 | 비상 연락망 점검 | [한파] 저체온증 위험 모니터링, 실내 대피 공간 운영, 동상 응급처치 키트 배치 | [강풍] 낙하물 위험 구역 통제, 야외 구조물·천막 긴급 점검",기상특보 발령 또는 밀도 > 0.6 시 주의 단계 상향,체험장 — 활동 중 외상·골절 주의
F04,체험텃밭,혼잡,야간|한파,2,0.0485,관찰,🔵,0.0336,0.3038,0.6245,0.0716,순찰 요원 1명,"구급함, 무전기","일반 안전 순찰 60분 간격 유지 | 기상특보·예보 확인 | 방문객 밀도 추이 모니터링 | 비상 연락망 점검 | [한파] 저체온증 위험 모니터링, 실내 대피 공간 운영, 동상 응급처치 키트 배치 | [야간] 조명 확보 및 시야 불량 구역 안전선 설치, 야간 순찰 강화",기상특보 발령 또는 밀도 > 0.6 시 주의 단계 상향,체험장 — 활동 중 외상·골절 주의
F04,체험텃밭,혼잡,피크타임|한파,2,0.0432,관찰,🔵,0.0336,0.8322,0.098,0.0698,순찰 요원 1명,"구급함, 무전기","일반 안전 순찰 60분 간격 유지 | 기상특보·예보 확인 | 방문객 밀도 추이 모니터링 | 비상 연락망 점검 | [한파] 저체온증 위험 모니터링, 실내 대피 공간 운영, 동상 응급처치 키트 배치",기상특보 발령 또는 밀도 > 0.6 시 주의 단계 상향,체험장 — 활동 중 외상·골절 주의
F04,체험텃밭,혼잡,강풍|야간,2,0.0841,주의,🟡,0.0606,0.3983,0.5886,0.0132,예방 모니터 1명 + 대기 요원 1명,"구급함, 무전기, 음용수, 그늘막","예방 순찰 30분 간격 강화 | 응급 대응 장비 위치·작동 상태 점검 | 고위험 방문객 (노약자·어린이·임산부) 적극 모니터링 | 기상 변화·밀도 실시간 확인 | 대기 인력 현장 근접 배치 | [강풍] 낙하물 위험 구역 통제, 야외 구조물·천막 긴급 점검 | [야간] 조명 확보 및 시야 불량 구역 안전선 설치, 야간 순찰 강화",이상 징후(쓰러짐·발열·외상) 발견 즉시 위험 단계 상향,체험장 — 활동 중 외상·골절 주의
F04,체험텃밭,혼잡,강풍|피크타임,2,0.074,주의,🟡,0.0606,0.9545,0.0319,0.0136,예방 모니터 1명 + 대기 요원 1명,"구급함, 무전기, 음용수, 그늘막","예방 순찰 30분 간격 강화 | 응급 대응 장비 위치·작동 상태 점검 | 고위험 방문객 (노약자·어린이·임산부) 적극 모니터링 | 기상 변화·밀도 실시간 확인 | 대기 인력 현장 근접 배치 | [강풍] 낙하물 위험 구역 통제, 야외 구조물·천막 긴급 점검",이상 징후(쓰러짐·발열·외상) 발견 즉시 위험 단계 상향,체험장 — 활동 중 외상·골절 주의
F04,체험텃밭,혼잡,야간|피크타임,2,0.085,주의,🟡,0.0606,0.3717,0.6004,0.0278,예방 모니터 1명 + 대기 요원 1명,"구급함, 무전기, 음용수, 그늘막","예방 순찰 30분 간격 강화 | 응급 대응 장비 위치·작동 상태 점검 | 고위험 방문객 (노약자·어린이·임산부) 적극 모니터링 | 기상 변화·밀도 실시간 확인 | 대기 인력 현장 근접 배치 | [야간] 조명 확보 및 시야 불량 구역 안전선 설치, 야간 순찰 강화",이상 징후(쓰러짐·발열·외상) 발견 즉시 위험 단계 상향,체험장 — 활동 중 외상·골절 주의
F04,체험텃밭,혼잡,우천|폭염|한파,3,0.0384,관찰,🔵,0.028,0.7552,0.0513,0.1935,순찰 요원 1명,"구급함, 무전기","일반 안전 순찰 60분 간격 유지 | 기상특보·예보 확인 | 방문객 밀도 추이 모니터링 | 비상 연락망 점검 | [폭염] 그늘·음용수 추가 배치, 열사병 집중 모니터링, 피크타임 야외 자제 권고 | [우천] 미끄러짐 주의 안내, 낙뢰 위험 시설 대피, 우천 장비 점검 | [한파] 저체온증 위험 모니터링, 실내 대피 공간 운영, 동상 응급처치 키트 배치",기상특보 발령 또는 밀도 > 0.6 시 주의 단계 상향,체험장 — 활동 중 외상·골절 주의
F04,체험텃밭,혼잡,강풍|우천|폭염,3,0.0384,관찰,🔵,0.028,0.7552,0.0513,0.1935,순찰 요원 1명,"구급함, 무전기","일반 안전 순찰 60분 간격 유지 | 기상특보·예보 확인 | 방문객 밀도 추이 모니터링 | 비상 연락망 점검 | [폭염] 그늘·음용수 추가 배치, 열사병 집중 모니터링, 피크타임 야외 자제 권고 | [우천] 미끄러짐 주의 안내, 낙뢰 위험 시설 대피, 우천 장비 점검 | [강풍] 낙하물 위험 구역 통제, 야외 구조물·천막 긴급 점검",기상특보 발령 또는 밀도 > 0.6 시 주의 단계 상향,체험장 — 활동 중 외상·골절 주의
F04,체험텃밭,혼잡,야간|우천|폭염,3,0.0383,관찰,🔵,0.028,0.725,0.1071,0.1679,순찰 요원 1명,"구급함, 무전기","일반 안전 순찰 60분 간격 유지 | 기상특보·예보 확인 | 방문객 밀도 추이 모니터링 | 비상 연락망 점검 | [폭염] 그늘·음용수 추가 배치, 열사병 집중 모니터링, 피크타임 야외 자제 권고 | [우천] 미끄러짐 주의 안내, 낙뢰 위험 시설 대피, 우천 장비 점검 | [야간] 조명 확보 및 시야 불량 구역 안전선 설치, 야간 순찰 강화",기상특보 발령 또는 밀도 > 0.6 시 주의 단계 상향,체험장 — 활동 중 외상·골절 주의
F04,체험텃밭,혼잡,우천|폭염|피크타임,3,0.1287,주의,🟡,0.0969,0.8175,0.0351,0.1474,예방 모니터 1명 + 대기 요원 1명,"구급함, 무전기, 음용수, 그늘막","예방 순찰 30분 간격 강화 | 응급 대응 장비 위치·작동 상태 점검 | 고위험 방문객 (노약자·어린이·임산부) 적극 모니터링 | 기상 변화·밀도 실시간 확인 | 대기 인력 현장 근접 배치 | [폭염] 그늘·음용수 추가 배치, 열사병 집중 모니터링, 피크타임 야외 자제 권고 | [우천] 미끄러짐 주의 안내, 낙뢰 위험 시설 대피, 우천 장비 점검",이상 징후(쓰러짐·발열·외상) 발견 즉시 위험 단계 상향,체험장 — 활동 중 외상·골절 주의
F04,체험텃밭,혼잡,강풍|폭염|한파,3,0.0351,관찰,🔵,0.028,0.8973,0.0586,0.0441,순찰 요원 1명,"구급함, 무전기","일반 안전 순찰 60분 간격 유지 | 기상특보·예보 확인 | 방문객 밀도 추이 모니터링 | 비상 연락망 점검 | [폭염] 그늘·음용수 추가 배치, 열사병 집중 모니터링, 피크타임 야외 자제 권고 | [한파] 저체온증 위험 모니터링, 실내 대피 공간 운영, 동상 응급처치 키트 배치 | [강풍] 낙하물 위험 구역 통제, 야외 구조물·천막 긴급 점검",기상특보 발령 또는 밀도 > 0.6 시 주의 단계 상향,체험장 — 활동 중 외상·골절 주의
F04,체험텃밭,혼잡,야간|폭염|한파,3,0.036,관찰,🔵,0.028,0.8002,0.1547,0.0451,순찰 요원 1명,"구급함, 무전기","일반 안전 순찰 60분 간격 유지 | 기상특보·예보 확인 | 방문객 밀도 추이 모니터링 | 비상 연락망 점검 | [폭염] 그늘·음용수 추가 배치, 열사병 집중 모니터링, 피크타임 야외 자제 권고 | [한파] 저체온증 위험 모니터링, 실내 대피 공간 운영, 동상 응급처치 키트 배치 | [야간] 조명 확보 및 시야 불량 구역 안전선 설치, 야간 순찰 강화",기상특보 발령 또는 밀도 > 0.6 시 주의 단계 상향,체험장 — 활동 중 외상·골절 주의
F04,체험텃밭,혼잡,폭염|피크타임|한파,3,0.1197,주의,🟡,0.0969,0.9308,0.0382,0.031,예방 모니터 1명 + 대기 요원 1명,"구급함, 무전기, 음용수, 그늘막","예방 순찰 30분 간격 강화 | 응급 대응 장비 위치·작동 상태 점검 | 고위험 방문객 (노약자·어린이·임산부) 적극 모니터링 | 기상 변화·밀도 실시간 확인 | 대기 인력 현장 근접 배치 | [폭염] 그늘·음용수 추가 배치, 열사병 집중 모니터링, 피크타임 야외 자제 권고 | [한파] 저체온증 위험 모니터링, 실내 대피 공간 운영, 동상 응급처치 키트 배치",이상 징후(쓰러짐·발열·외상) 발견 즉시 위험 단계 상향,체험장 — 활동 중 외상·골절 주의
F04,체험텃밭,혼잡,강풍|야간|폭염,3,0.036,관찰,🔵,0.028,0.8002,0.1547,0.0451,순찰 요원 1명,"구급함, 무전기","일반 안전 순찰 60분 간격 유지 | 기상특보·예보 확인 | 방문객 밀도 추이 모니터링 | 비상 연락망 점검 | [폭염] 그늘·음용수 추가 배치, 열사병 집중 모니터링, 피크타임 야외 자제 권고 | [강풍] 낙하물 위험 구역 통제, 야외 구조물·천막 긴급 점검 | [야간] 조명 확보 및 시야 불량 구역 안전선 설치, 야간 순찰 강화",기상특보 발령 또는 밀도 > 0.6 시 주의 단계 상향,체험장 — 활동 중 외상·골절 주의
F04,체험텃밭,혼잡,강풍|폭염|피크타임,3,0.1197,주의,🟡,0.0969,0.9308,0.0382,0.031,예방 모니터 1명 + 대기 요원 1명,"구급함, 무전기, 음용수, 그늘막","예방 순찰 30분 간격 강화 | 응급 대응 장비 위치·작동 상태 점검 | 고위험 방문객 (노약자·어린이·임산부) 적극 모니터링 | 기상 변화·밀도 실시간 확인 | 대기 인력 현장 근접 배치 | [폭염] 그늘·음용수 추가 배치, 열사병 집중 모니터링, 피크타임 야외 자제 권고 | [강풍] 낙하물 위험 구역 통제, 야외 구조물·천막 긴급 점검",이상 징후(쓰러짐·발열·외상) 발견 즉시 위험 단계 상향,체험장 — 활동 중 외상·골절 주의
F04,체험텃밭,혼잡,야간|폭염|피크타임,3,0.036,관찰,🔵,0.028,0.8002,0.1547,0.0451,순찰 요원 1명,"구급함, 무전기","일반 안전 순찰 60분 간격 유지 | 기상특보·예보 확인 | 방문객 밀도 추이 모니터링 | 비상 연락망 점검 | [폭염] 그늘·음용수 추가 배치, 열사병 집중 모니터링, 피크타임 야외 자제 권고 | [야간] 조명 확보 및 시야 불량 구역 안전선 설치, 야간 순찰 강화",기상특보 발령 또는 밀도 > 0.6 시 주의 단계 상향,체험장 — 활동 중 외상·골절 주의
F04,체험텃밭,혼잡,강풍|우천|한파,3,0.0841,주의,🟡,0.0606,0.725,0.0655,0.2095,예방 모니터 1명 + 대기 요원 1명,"구급함, 무전기, 음용수, 그늘막","예방 순찰 30분 간격 강화 | 응급 대응 장비 위치·작동 상태 점검 | 고위험 방문객 (노약자·어린이·임산부) 적극 모니터링 | 기상 변화·밀도 실시간 확인 | 대기 인력 현장 근접 배치 | [우천] 미끄러짐 주의 안내, 낙뢰 위험 시설 대피, 우천 장비 점검 | [한파] 저체온증 위험 모니터링, 실내 대피 공간 운영, 동상 응급처치 키트 배치 | [강풍] 낙하물 위험 구역 통제, 야외 구조물·천막 긴급 점검",이상 징후(쓰러짐·발열·외상) 발견 즉시 위험 단계 상향,체험장 — 활동 중 외상·골절 주의
F04,체험텃밭,혼잡,야간|우천|한파,3,0.0919,주의,🟡,0.0606,0.4631,0.2255,0.3114,예방 모니터 1명 + 대기 요원 1명,"구급함, 무전기, 음용수, 그늘막","예방 순찰 30분 간격 강화 | 응급 대응 장비 위치·작동 상태 점검 | 고위험 방문객 (노약자·어린이·임산부) 적극 모니터링 | 기상 변화·밀도 실시간 확인 | 대기 인력 현장 근접 배치 | [우천] 미끄러짐 주의 안내, 낙뢰 위험 시설 대피, 우천 장비 점검 | [한파] 저체온증 위험 모니터링, 실내 대피 공간 운영, 동상 응급처치 키트 배치 | [야간] 조명 확보 및 시야 불량 구역 안전선 설치, 야간 순찰 강화",이상 징후(쓰러짐·발열·외상) 발견 즉시 위험 단계 상향,체험장 — 활동 중 외상·골절 주의
F04,체험텃밭,혼잡,우천|피크타임|한파,3,0.086,주의,🟡,0.0606,0.6896,0.0592,0.2511,예방 모니터 1명 + 대기 요원 1명,"구급함, 무전기, 음용수, 그늘막","예방 순찰 30분 간격 강화 | 응급 대응 장비 위치·작동 상태 점검 | 고위험 방문객 (노약자·어린이·임산부) 적극 모니터링 | 기상 변화·밀도 실시간 확인 | 대기 인력 현장 근접 배치 | [우천] 미끄러짐 주의 안내, 낙뢰 위험 시설 대피, 우천 장비 점검 | [한파] 저체온증 위험 모니터링, 실내 대피 공간 운영, 동상 응급처치 키트 배치",이상 징후(쓰러짐·발열·외상) 발견 즉시 위험 단계 상향,체험장 — 활동 중 외상·골절 주의
F04,체험텃밭,혼잡,강풍|야간|우천,3,0.082,주의,🟡,0.0606,0.6485,0.2551,0.0964,예방 모니터 1명 + 대기 요원 1명,"구급함, 무전기, 음용수, 그늘막","예방 순찰 30분 간격 강화 | 응급 대응 장비 위치·작동 상태 점검 | 고위험 방문객 (노약자·어린이·임산부) 적극 모니터링 | 기상 변화·밀도 실시간 확인 | 대기 인력 현장 근접 배치 | [우천] 미끄러짐 주의 안내, 낙뢰 위험 시설 대피, 우천 장비 점검 | [강풍] 낙하물 위험 구역 통제, 야외 구조물·천막 긴급 점검 | [야간] 조명 확보 및 시야 불량 구역 안전선 설치, 야간 순찰 강화",이상 징후(쓰러짐·발열·외상) 발견 즉시 위험 단계 상향,체험장 — 활동 중 외상·골절 주의
F04,체험텃밭,혼잡,강풍|우천|피크타임,3,0.0772,주의,🟡,0.0606,0.89,0.0272,0.0828,예방 모니터 1명 + 대기 요원 1명,"구급함, 무전기, 음용수, 그늘막","예방 순찰 30분 간격 강화 | 응급 대응 장비 위치·작동 상태 점검 | 고위험 방문객 (노약자·어린이·임산부) 적극 모니터링 | 기상 변화·밀도 실시간 확인 | 대기 인력 현장 근접 배치 | [우천] 미끄러짐 주의 안내, 낙뢰 위험 시설 대피, 우천 장비 점검 | [강풍] 낙하물 위험 구역 통제, 야외 구조물·천막 긴급 점검",이상 징후(쓰러짐·발열·외상) 발견 즉시 위험 단계 상향,체험장 — 활동 중 외상·골절 주의
F04,체험텃밭,혼잡,야간|우천|피크타임,3,0.0902,주의,🟡,0.0606,0.4535,0.2986,0.2479,예방 모니터 1명 + 대기 요원 1명,"구급함, 무전기, 음용수, 그늘막","예방 순찰 30분 간격 강화 | 응급 대응 장비 위치·작동 상태 점검 | 고위험 방문객 (노약자·어린이·임산부) 적극 모니터링 | 기상 변화·밀도 실시간 확인 | 대기 인력 현장 근접 배치 | [우천] 미끄러짐 주의 안내, 낙뢰 위험 시설 대피, 우천 장비 점검 | [야간] 조명 확보 및 시야 불량 구역 안전선 설치, 야간 순찰 강화",이상 징후(쓰러짐·발열·외상) 발견 즉시 위험 단계 상향,체험장 — 활동 중 외상·골절 주의
F04,체험텃밭,혼잡,강풍|야간|한파,3,0.0485,관찰,🔵,0.0336,0.3038,0.6245,0.0716,순찰 요원 1명,"구급함, 무전기","일반 안전 순찰 60분 간격 유지 | 기상특보·예보 확인 | 방문객 밀도 추이 모니터링 | 비상 연락망 점검 | [한파] 저체온증 위험 모니터링, 실내 대피 공간 운영, 동상 응급처치 키트 배치 | [강풍] 낙하물 위험 구역 통제, 야외 구조물·천막 긴급 점검 | [야간] 조명 확보 및 시야 불량 구역 안전선 설치, 야간 순찰 강화",기상특보 발령 또는 밀도 > 0.6 시 주의 단계 상향,체험장 — 활동 중 외상·골절 주의
F04,체험텃밭,혼잡,강풍|피크타임|한파,3,0.0432,관찰,🔵,0.0336,0.8322,0.098,0.0698,순찰 요원 1명,"구급함, 무전기","일반 안전 순찰 60분 간격 유지 | 기상특보·예보 확인 | 방문객 밀도 추이 모니터링 | 비상 연락망 점검 | [한파] 저체온증 위험 모니터링, 실내 대피 공간 운영, 동상 응급처치 키트 배치 | [강풍] 낙하물 위험 구역 통제, 야외 구조물·천막 긴급 점검",기상특보 발령 또는 밀도 > 0.6 시 주의 단계 상향,체험장 — 활동 중 외상·골절 주의
F04,체험텃밭,혼잡,야간|피크타임|한파,3,0.0485,관찰,🔵,0.0336,0.3038,0.6245,0.0716,순찰 요원 1명,"구급함, 무전기","일반 안전 순찰 60분 간격 유지 | 기상특보·예보 확인 | 방문객 밀도 추이 모니터링 | 비상 연락망 점검 | [한파] 저체온증 위험 모니터링, 실내 대피 공간 운영, 동상 응급처치 키트 배치 | [야간] 조명 확보 및 시야 불량 구역 안전선 설치, 야간 순찰 강화",기상특보 발령 또는 밀도 > 0.6 시 주의 단계 상향,체험장 — 활동 중 외상·골절 주의
F04,체험텃밭,혼잡,강풍|야간|피크타임,3,0.0841,주의,🟡,0.0606,0.3983,0.5886,0.0132,예방 모니터 1명 + 대기 요원 1명,"구급함, 무전기, 음용수, 그늘막","예방 순찰 30분 간격 강화 | 응급 대응 장비 위치·작동 상태 점검 | 고위험 방문객 (노약자·어린이·임산부) 적극 모니터링 | 기상 변화·밀도 실시간 확인 | 대기 인력 현장 근접 배치 | [강풍] 낙하물 위험 구역 통제, 야외 구조물·천막 긴급 점검 | [야간] 조명 확보 및 시야 불량 구역 안전선 설치, 야간 순찰 강화",이상 징후(쓰러짐·발열·외상) 발견 즉시 위험 단계 상향,체험장 — 활동 중 외상·골절 주의
F04,체험텃밭,혼잡,강풍|우천|폭염|한파,4,0.0384,관찰,🔵,0.028,0.7552,0.0513,0.1935,순찰 요원 1명,"구급함, 무전기","일반 안전 순찰 60분 간격 유지 | 기상특보·예보 확인 | 방문객 밀도 추이 모니터링 | 비상 연락망 점검 | [폭염] 그늘·음용수 추가 배치, 열사병 집중 모니터링, 피크타임 야외 자제 권고 | [우천] 미끄러짐 주의 안내, 낙뢰 위험 시설 대피, 우천 장비 점검 | [한파] 저체온증 위험 모니터링, 실내 대피 공간 운영, 동상 응급처치 키트 배치 | [강풍] 낙하물 위험 구역 통제, 야외 구조물·천막 긴급 점검",기상특보 발령 또는 밀도 > 0.6 시 주의 단계 상향,체험장 — 활동 중 외상·골절 주의
F04,체험텃밭,혼잡,야간|우천|폭염|한파,4,0.0383,관찰,🔵,0.028,0.725,0.1071,0.1679,순찰 요원 1명,"구급함, 무전기","일반 안전 순찰 60분 간격 유지 | 기상특보·예보 확인 | 방문객 밀도 추이 모니터링 | 비상 연락망 점검 | [폭염] 그늘·음용수 추가 배치, 열사병 집중 모니터링, 피크타임 야외 자제 권고 | [우천] 미끄러짐 주의 안내, 낙뢰 위험 시설 대피, 우천 장비 점검 | [한파] 저체온증 위험 모니터링, 실내 대피 공간 운영, 동상 응급처치 키트 배치 | [야간] 조명 확보 및 시야 불량 구역 안전선 설치, 야간 순찰 강화",기상특보 발령 또는 밀도 > 0.6 시 주의 단계 상향,체험장 — 활동 중 외상·골절 주의
F04,체험텃밭,혼잡,우천|폭염|피크타임|한파,4,0.1287,주의,🟡,0.0969,0.8175,0.0351,0.1474,예방 모니터 1명 + 대기 요원 1명,"구급함, 무전기, 음용수, 그늘막","예방 순찰 30분 간격 강화 | 응급 대응 장비 위치·작동 상태 점검 | 고위험 방문객 (노약자·어린이·임산부) 적극 모니터링 | 기상 변화·밀도 실시간 확인 | 대기 인력 현장 근접 배치 | [폭염] 그늘·음용수 추가 배치, 열사병 집중 모니터링, 피크타임 야외 자제 권고 | [우천] 미끄러짐 주의 안내, 낙뢰 위험 시설 대피, 우천 장비 점검 | [한파] 저체온증 위험 모니터링, 실내 대피 공간 운영, 동상 응급처치 키트 배치",이상 징후(쓰러짐·발열·외상) 발견 즉시 위험 단계 상향,체험장 — 활동 중 외상·골절 주의
F04,체험텃밭,혼잡,강풍|야간|우천|폭염,4,0.0383,관찰,🔵,0.028,0.725,0.1071,0.1679,순찰 요원 1명,"구급함, 무전기","일반 안전 순찰 60분 간격 유지 | 기상특보·예보 확인 | 방문객 밀도 추이 모니터링 | 비상 연락망 점검 | [폭염] 그늘·음용수 추가 배치, 열사병 집중 모니터링, 피크타임 야외 자제 권고 | [우천] 미끄러짐 주의 안내, 낙뢰 위험 시설 대피, 우천 장비 점검 | [강풍] 낙하물 위험 구역 통제, 야외 구조물·천막 긴급 점검 | [야간] 조명 확보 및 시야 불량 구역 안전선 설치, 야간 순찰 강화",기상특보 발령 또는 밀도 > 0.6 시 주의 단계 상향,체험장 — 활동 중 외상·골절 주의
F04,체험텃밭,혼잡,강풍|우천|폭염|피크타임,4,0.1287,주의,🟡,0.0969,0.8175,0.0351,0.1474,예방 모니터 1명 + 대기 요원 1명,"구급함, 무전기, 음용수, 그늘막","예방 순찰 30분 간격 강화 | 응급 대응 장비 위치·작동 상태 점검 | 고위험 방문객 (노약자·어린이·임산부) 적극 모니터링 | 기상 변화·밀도 실시간 확인 | 대기 인력 현장 근접 배치 | [폭염] 그늘·음용수 추가 배치, 열사병 집중 모니터링, 피크타임 야외 자제 권고 | [우천] 미끄러짐 주의 안내, 낙뢰 위험 시설 대피, 우천 장비 점검 | [강풍] 낙하물 위험 구역 통제, 야외 구조물·천막 긴급 점검",이상 징후(쓰러짐·발열·외상) 발견 즉시 위험 단계 상향,체험장 — 활동 중 외상·골절 주의
F04,체험텃밭,혼잡,야간|우천|폭염|피크타임,4,0.0383,관찰,🔵,0.028,0.725,0.1071,0.1679,순찰 요원 1명,"구급함, 무전기","일반 안전 순찰 60분 간격 유지 | 기상특보·예보 확인 | 방문객 밀도 추이 모니터링 | 비상 연락망 점검 | [폭염] 그늘·음용수 추가 배치, 열사병 집중 모니터링, 피크타임 야외 자제 권고 | [우천] 미끄러짐 주의 안내, 낙뢰 위험 시설 대피, 우천 장비 점검 | [야간] 조명 확보 및 시야 불량 구역 안전선 설치, 야간 순찰 강화",기상특보 발령 또는 밀도 > 0.6 시 주의 단계 상향,체험장 — 활동 중 외상·골절 주의
F04,체험텃밭,혼잡,강풍|야간|폭염|한파,4,0.036,관찰,🔵,0.028,0.8002,0.1547,0.0451,순찰 요원 1명,"구급함, 무전기","일반 안전 순찰 60분 간격 유지 | 기상특보·예보 확인 | 방문객 밀도 추이 모니터링 | 비상 연락망 점검 | [폭염] 그늘·음용수 추가 배치, 열사병 집중 모니터링, 피크타임 야외 자제 권고 | [한파] 저체온증 위험 모니터링, 실내 대피 공간 운영, 동상 응급처치 키트 배치 | [강풍] 낙하물 위험 구역 통제, 야외 구조물·천막 긴급 점검 | [야간] 조명 확보 및 시야 불량 구역 안전선 설치, 야간 순찰 강화",기상특보 발령 또는 밀도 > 0.6 시 주의 단계 상향,체험장 — 활동 중 외상·골절 주의
F04,체험텃밭,혼잡,강풍|폭염|피크타임|한파,4,0.1197,주의,🟡,0.0969,0.9308,0.0382,0.031,예방 모니터 1명 + 대기 요원 1명,"구급함, 무전기, 음용수, 그늘막","예방 순찰 30분 간격 강화 | 응급 대응 장비 위치·작동 상태 점검 | 고위험 방문객 (노약자·어린이·임산부) 적극 모니터링 | 기상 변화·밀도 실시간 확인 | 대기 인력 현장 근접 배치 | [폭염] 그늘·음용수 추가 배치, 열사병 집중 모니터링, 피크타임 야외 자제 권고 | [한파] 저체온증 위험 모니터링, 실내 대피 공간 운영, 동상 응급처치 키트 배치 | [강풍] 낙하물 위험 구역 통제, 야외 구조물·천막 긴급 점검",이상 징후(쓰러짐·발열·외상) 발견 즉시 위험 단계 상향,체험장 — 활동 중 외상·골절 주의
F04,체험텃밭,혼잡,야간|폭염|피크타임|한파,4,0.036,관찰,🔵,0.028,0.8002,0.1547,0.0451,순찰 요원 1명,"구급함, 무전기","일반 안전 순찰 60분 간격 유지 | 기상특보·예보 확인 | 방문객 밀도 추이 모니터링 | 비상 연락망 점검 | [폭염] 그늘·음용수 추가 배치, 열사병 집중 모니터링, 피크타임 야외 자제 권고 | [한파] 저체온증 위험 모니터링, 실내 대피 공간 운영, 동상 응급처치 키트 배치 | [야간] 조명 확보 및 시야 불량 구역 안전선 설치, 야간 순찰 강화",기상특보 발령 또는 밀도 > 0.6 시 주의 단계 상향,체험장 — 활동 중 외상·골절 주의
F04,체험텃밭,혼잡,강풍|야간|폭염|피크타임,4,0.036,관찰,🔵,0.028,0.8002,0.1547,0.0451,순찰 요원 1명,"구급함, 무전기","일반 안전 순찰 60분 간격 유지 | 기상특보·예보 확인 | 방문객 밀도 추이 모니터링 | 비상 연락망 점검 | [폭염] 그늘·음용수 추가 배치, 열사병 집중 모니터링, 피크타임 야외 자제 권고 | [강풍] 낙하물 위험 구역 통제, 야외 구조물·천막 긴급 점검 | [야간] 조명 확보 및 시야 불량 구역 안전선 설치, 야간 순찰 강화",기상특보 발령 또는 밀도 > 0.6 시 주의 단계 상향,체험장 — 활동 중 외상·골절 주의
F04,체험텃밭,혼잡,강풍|야간|우천|한파,4,0.0919,주의,🟡,0.0606,0.4631,0.2255,0.3114,예방 모니터 1명 + 대기 요원 1명,"구급함, 무전기, 음용수, 그늘막","예방 순찰 30분 간격 강화 | 응급 대응 장비 위치·작동 상태 점검 | 고위험 방문객 (노약자·어린이·임산부) 적극 모니터링 | 기상 변화·밀도 실시간 확인 | 대기 인력 현장 근접 배치 | [우천] 미끄러짐 주의 안내, 낙뢰 위험 시설 대피, 우천 장비 점검 | [한파] 저체온증 위험 모니터링, 실내 대피 공간 운영, 동상 응급처치 키트 배치 | [강풍] 낙하물 위험 구역 통제, 야외 구조물·천막 긴급 점검 | [야간] 조명 확보 및 시야 불량 구역 안전선 설치, 야간 순찰 강화",이상 징후(쓰러짐·발열·외상) 발견 즉시 위험 단계 상향,체험장 — 활동 중 외상·골절 주의
F04,체험텃밭,혼잡,강풍|우천|피크타임|한파,4,0.086,주의,🟡,0.0606,0.6896,0.0592,0.2511,예방 모니터 1명 + 대기 요원 1명,"구급함, 무전기, 음용수, 그늘막","예방 순찰 30분 간격 강화 | 응급 대응 장비 위치·작동 상태 점검 | 고위험 방문객 (노약자·어린이·임산부) 적극 모니터링 | 기상 변화·밀도 실시간 확인 | 대기 인력 현장 근접 배치 | [우천] 미끄러짐 주의 안내, 낙뢰 위험 시설 대피, 우천 장비 점검 | [한파] 저체온증 위험 모니터링, 실내 대피 공간 운영, 동상 응급처치 키트 배치 | [강풍] 낙하물 위험 구역 통제, 야외 구조물·천막 긴급 점검",이상 징후(쓰러짐·발열·외상) 발견 즉시 위험 단계 상향,체험장 — 활동 중 외상·골절 주의
F04,체험텃밭,혼잡,야간|우천|피크타임|한파,4,0.0919,주의,🟡,0.0606,0.4631,0.2255,0.3114,예방 모니터 1명 + 대기 요원 1명,"구급함, 무전기, 음용수, 그늘막","예방 순찰 30분 간격 강화 | 응급 대응 장비 위치·작동 상태 점검 | 고위험 방문객 (노약자·어린이·임산부) 적극 모니터링 | 기상 변화·밀도 실시간 확인 | 대기 인력 현장 근접 배치 | [우천] 미끄러짐 주의 안내, 낙뢰 위험 시설 대피, 우천 장비 점검 | [한파] 저체온증 위험 모니터링, 실내 대피 공간 운영, 동상 응급처치 키트 배치 | [야간] 조명 확보 및 시야 불량 구역 안전선 설치, 야간 순찰 강화",이상 징후(쓰러짐·발열·외상) 발견 즉시 위험 단계 상향,체험장 — 활동 중 외상·골절 주의
F04,체험텃밭,혼잡,강풍|야간|우천|피크타임,4,0.082,주의,🟡,0.0606,0.6485,0.2551,0.0964,예방 모니터 1명 + 대기 요원 1명,"구급함, 무전기, 음용수, 그늘막","예방 순찰 30분 간격 강화 | 응급 대응 장비 위치·작동 상태 점검 | 고위험 방문객 (노약자·어린이·임산부) 적극 모니터링 | 기상 변화·밀도 실시간 확인 | 대기 인력 현장 근접 배치 | [우천] 미끄러짐 주의 안내, 낙뢰 위험 시설 대피, 우천 장비 점검 | [강풍] 낙하물 위험 구역 통제, 야외 구조물·천막 긴급 점검 | [야간] 조명 확보 및 시야 불량 구역 안전선 설치, 야간 순찰 강화",이상 징후(쓰러짐·발열·외상) 발견 즉시 위험 단계 상향,체험장 — 활동 중 외상·골절 주의
F04,체험텃밭,혼잡,강풍|야간|피크타임|한파,4,0.0485,관찰,🔵,0.0336,0.3038,0.6245,0.0716,순찰 요원 1명,"구급함, 무전기","일반 안전 순찰 60분 간격 유지 | 기상특보·예보 확인 | 방문객 밀도 추이 모니터링 | 비상 연락망 점검 | [한파] 저체온증 위험 모니터링, 실내 대피 공간 운영, 동상 응급처치 키트 배치 | [강풍] 낙하물 위험 구역 통제, 야외 구조물·천막 긴급 점검 | [야간] 조명 확보 및 시야 불량 구역 안전선 설치, 야간 순찰 강화",기상특보 발령 또는 밀도 > 0.6 시 주의 단계 상향,체험장 — 활동 중 외상·골절 주의
F04,체험텃밭,혼잡,강풍|야간|우천|폭염|한파,5,0.0383,관찰,🔵,0.028,0.725,0.1071,0.1679,순찰 요원 1명,"구급함, 무전기","일반 안전 순찰 60분 간격 유지 | 기상특보·예보 확인 | 방문객 밀도 추이 모니터링 | 비상 연락망 점검 | [폭염] 그늘·음용수 추가 배치, 열사병 집중 모니터링, 피크타임 야외 자제 권고 | [우천] 미끄러짐 주의 안내, 낙뢰 위험 시설 대피, 우천 장비 점검 | [한파] 저체온증 위험 모니터링, 실내 대피 공간 운영, 동상 응급처치 키트 배치 | [강풍] 낙하물 위험 구역 통제, 야외 구조물·천막 긴급 점검 | [야간] 조명 확보 및 시야 불량 구역 안전선 설치, 야간 순찰 강화",기상특보 발령 또는 밀도 > 0.6 시 주의 단계 상향,체험장 — 활동 중 외상·골절 주의
F04,체험텃밭,혼잡,강풍|우천|폭염|피크타임|한파,5,0.1287,주의,🟡,0.0969,0.8175,0.0351,0.1474,예방 모니터 1명 + 대기 요원 1명,"구급함, 무전기, 음용수, 그늘막","예방 순찰 30분 간격 강화 | 응급 대응 장비 위치·작동 상태 점검 | 고위험 방문객 (노약자·어린이·임산부) 적극 모니터링 | 기상 변화·밀도 실시간 확인 | 대기 인력 현장 근접 배치 | [폭염] 그늘·음용수 추가 배치, 열사병 집중 모니터링, 피크타임 야외 자제 권고 | [우천] 미끄러짐 주의 안내, 낙뢰 위험 시설 대피, 우천 장비 점검 | [한파] 저체온증 위험 모니터링, 실내 대피 공간 운영, 동상 응급처치 키트 배치 | [강풍] 낙하물 위험 구역 통제, 야외 구조물·천막 긴급 점검",이상 징후(쓰러짐·발열·외상) 발견 즉시 위험 단계 상향,체험장 — 활동 중 외상·골절 주의
F04,체험텃밭,혼잡,야간|우천|폭염|피크타임|한파,5,0.0383,관찰,🔵,0.028,0.725,0.1071,0.1679,순찰 요원 1명,"구급함, 무전기","일반 안전 순찰 60분 간격 유지 | 기상특보·예보 확인 | 방문객 밀도 추이 모니터링 | 비상 연락망 점검 | [폭염] 그늘·음용수 추가 배치, 열사병 집중 모니터링, 피크타임 야외 자제 권고 | [우천] 미끄러짐 주의 안내, 낙뢰 위험 시설 대피, 우천 장비 점검 | [한파] 저체온증 위험 모니터링, 실내 대피 공간 운영, 동상 응급처치 키트 배치 | [야간] 조명 확보 및 시야 불량 구역 안전선 설치, 야간 순찰 강화",기상특보 발령 또는 밀도 > 0.6 시 주의 단계 상향,체험장 — 활동 중 외상·골절 주의
F04,체험텃밭,혼잡,강풍|야간|우천|폭염|피크타임,5,0.0383,관찰,🔵,0.028,0.725,0.1071,0.1679,순찰 요원 1명,"구급함, 무전기","일반 안전 순찰 60분 간격 유지 | 기상특보·예보 확인 | 방문객 밀도 추이 모니터링 | 비상 연락망 점검 | [폭염] 그늘·음용수 추가 배치, 열사병 집중 모니터링, 피크타임 야외 자제 권고 | [우천] 미끄러짐 주의 안내, 낙뢰 위험 시설 대피, 우천 장비 점검 | [강풍] 낙하물 위험 구역 통제, 야외 구조물·천막 긴급 점검 | [야간] 조명 확보 및 시야 불량 구역 안전선 설치, 야간 순찰 강화",기상특보 발령 또는 밀도 > 0.6 시 주의 단계 상향,체험장 — 활동 중 외상·골절 주의
F04,체험텃밭,혼잡,강풍|야간|폭염|피크타임|한파,5,0.036,관찰,🔵,0.028,0.8002,0.1547,0.0451,순찰 요원 1명,"구급함, 무전기","일반 안전 순찰 60분 간격 유지 | 기상특보·예보 확인 | 방문객 밀도 추이 모니터링 | 비상 연락망 점검 | [폭염] 그늘·음용수 추가 배치, 열사병 집중 모니터링, 피크타임 야외 자제 권고 | [한파] 저체온증 위험 모니터링, 실내 대피 공간 운영, 동상 응급처치 키트 배치 | [강풍] 낙하물 위험 구역 통제, 야외 구조물·천막 긴급 점검 | [야간] 조명 확보 및 시야 불량 구역 안전선 설치, 야간 순찰 강화",기상특보 발령 또는 밀도 > 0.6 시 주의 단계 상향,체험장 — 활동 중 외상·골절 주의
F04,체험텃밭,혼잡,강풍|야간|우천|피크타임|한파,5,0.0919,주의,🟡,0.0606,0.4631,0.2255,0.3114,예방 모니터 1명 + 대기 요원 1명,"구급함, 무전기, 음용수, 그늘막","예방 순찰 30분 간격 강화 | 응급 대응 장비 위치·작동 상태 점검 | 고위험 방문객 (노약자·어린이·임산부) 적극 모니터링 | 기상 변화·밀도 실시간 확인 | 대기 인력 현장 근접 배치 | [우천] 미끄러짐 주의 안내, 낙뢰 위험 시설 대피, 우천 장비 점검 | [한파] 저체온증 위험 모니터링, 실내 대피 공간 운영, 동상 응급처치 키트 배치 | [강풍] 낙하물 위험 구역 통제, 야외 구조물·천막 긴급 점검 | [야간] 조명 확보 및 시야 불량 구역 안전선 설치, 야간 순찰 강화",이상 징후(쓰러짐·발열·외상) 발견 즉시 위험 단계 상향,체험장 — 활동 중 외상·골절 주의
F04,체험텃밭,혼잡,강풍|야간|우천|폭염|피크타임|한파,6,0.0383,관찰,🔵,0.028,0.725,0.1071,0.1679,순찰 요원 1명,"구급함, 무전기","일반 안전 순찰 60분 간격 유지 | 기상특보·예보 확인 | 방문객 밀도 추이 모니터링 | 비상 연락망 점검 | [폭염] 그늘·음용수 추가 배치, 열사병 집중 모니터링, 피크타임 야외 자제 권고 | [우천] 미끄러짐 주의 안내, 낙뢰 위험 시설 대피, 우천 장비 점검 | [한파] 저체온증 위험 모니터링, 실내 대피 공간 운영, 동상 응급처치 키트 배치 | [강풍] 낙하물 위험 구역 통제, 야외 구조물·천막 긴급 점검 | [야간] 조명 확보 및 시야 불량 구역 안전선 설치, 야간 순찰 강화",기상특보 발령 또는 밀도 > 0.6 시 주의 단계 상향,체험장 — 활동 중 외상·골절 주의
F04,체험텃밭,매우혼잡,없음,0,0.0341,관찰,🔵,0.028,0.9542,0.0441,0.0017,순찰 요원 1명,"구급함, 무전기",일반 안전 순찰 60분 간격 유지 | 기상특보·예보 확인 | 방문객 밀도 추이 모니터링 | 비상 연락망 점검,기상특보 발령 또는 밀도 > 0.6 시 주의 단계 상향,체험장 — 활동 중 외상·골절 주의
F04,체험텃밭,매우혼잡,폭염,1,0.0342,관찰,🔵,0.028,0.9441,0.0495,0.0065,순찰 요원 1명,"구급함, 무전기","일반 안전 순찰 60분 간격 유지 | 기상특보·예보 확인 | 방문객 밀도 추이 모니터링 | 비상 연락망 점검 | [폭염] 그늘·음용수 추가 배치, 열사병 집중 모니터링, 피크타임 야외 자제 권고",기상특보 발령 또는 밀도 > 0.6 시 주의 단계 상향,체험장 — 활동 중 외상·골절 주의
F04,체험텃밭,매우혼잡,우천,1,0.0343,관찰,🔵,0.028,0.9317,0.0597,0.0086,순찰 요원 1명,"구급함, 무전기","일반 안전 순찰 60분 간격 유지 | 기상특보·예보 확인 | 방문객 밀도 추이 모니터링 | 비상 연락망 점검 | [우천] 미끄러짐 주의 안내, 낙뢰 위험 시설 대피, 우천 장비 점검",기상특보 발령 또는 밀도 > 0.6 시 주의 단계 상향,체험장 — 활동 중 외상·골절 주의
F04,체험텃밭,매우혼잡,한파,1,0.0338,관찰,🔵,0.028,0.9874,0.0107,0.0019,순찰 요원 1명,"구급함, 무전기","일반 안전 순찰 60분 간격 유지 | 기상특보·예보 확인 | 방문객 밀도 추이 모니터링 | 비상 연락망 점검 | [한파] 저체온증 위험 모니터링, 실내 대피 공간 운영, 동상 응급처치 키트 배치",기상특보 발령 또는 밀도 > 0.6 시 주의 단계 상향,체험장 — 활동 중 외상·골절 주의
F04,체험텃밭,매우혼잡,강풍,1,0.0337,관찰,🔵,0.028,0.9927,0.0069,0.0003,순찰 요원 1명,"구급함, 무전기","일반 안전 순찰 60분 간격 유지 | 기상특보·예보 확인 | 방문객 밀도 추이 모니터링 | 비상 연락망 점검 | [강풍] 낙하물 위험 구역 통제, 야외 구조물·천막 긴급 점검",기상특보 발령 또는 밀도 > 0.6 시 주의 단계 상향,체험장 — 활동 중 외상·골절 주의
F04,체험텃밭,매우혼잡,야간,1,0.0348,관찰,🔵,0.028,0.8676,0.1277,0.0047,순찰 요원 1명,"구급함, 무전기","일반 안전 순찰 60분 간격 유지 | 기상특보·예보 확인 | 방문객 밀도 추이 모니터링 | 비상 연락망 점검 | [야간] 조명 확보 및 시야 불량 구역 안전선 설치, 야간 순찰 강화",기상특보 발령 또는 밀도 > 0.6 시 주의 단계 상향,체험장 — 활동 중 외상·골절 주의
F04,체험텃밭,매우혼잡,피크타임,1,0.0339,관찰,🔵,0.028,0.9677,0.0307,0.0016,순찰 요원 1명,"구급함, 무전기",일반 안전 순찰 60분 간격 유지 | 기상특보·예보 확인 | 방문객 밀도 추이 모니터링 | 비상 연락망 점검,기상특보 발령 또는 밀도 > 0.6 시 주의 단계 상향,체험장 — 활동 중 외상·골절 주의
F04,체험텃밭,매우혼잡,우천|폭염,2,0.0348,관찰,🔵,0.028,0.9172,0.0517,0.0311,순찰 요원 1명,"구급함, 무전기","일반 안전 순찰 60분 간격 유지 | 기상특보·예보 확인 | 방문객 밀도 추이 모니터링 | 비상 연락망 점검 | [폭염] 그늘·음용수 추가 배치, 열사병 집중 모니터링, 피크타임 야외 자제 권고 | [우천] 미끄러짐 주의 안내, 낙뢰 위험 시설 대피, 우천 장비 점검",기상특보 발령 또는 밀도 > 0.6 시 주의 단계 상향,체험장 — 활동 중 외상·골절 주의
F04,체험텃밭,매우혼잡,폭염|한파,2,0.0342,관찰,🔵,0.028,0.9441,0.0495,0.0065,순찰 요원 1명,"구급함, 무전기","일반 안전 순찰 60분 간격 유지 | 기상특보·예보 확인 | 방문객 밀도 추이 모니터링 | 비상 연락망 점검 | [폭염] 그늘·음용수 추가 배치, 열사병 집중 모니터링, 피크타임 야외 자제 권고 | [한파] 저체온증 위험 모니터링, 실내 대피 공간 운영, 동상 응급처치 키트 배치",기상특보 발령 또는 밀도 > 0.6 시 주의 단계 상향,체험장 — 활동 중 외상·골절 주의
F04,체험텃밭,매우혼잡,강풍|폭염,2,0.0342,관찰,🔵,0.028,0.9441,0.0495,0.0065,순찰 요원 1명,"구급함, 무전기","일반 안전 순찰 60분 간격 유지 | 기상특보·예보 확인 | 방문객 밀도 추이 모니터링 | 비상 연락망 점검 | [폭염] 그늘·음용수 추가 배치, 열사병 집중 모니터링, 피크타임 야외 자제 권고 | [강풍] 낙하물 위험 구역 통제, 야외 구조물·천막 긴급 점검",기상특보 발령 또는 밀도 > 0.6 시 주의 단계 상향,체험장 — 활동 중 외상·골절 주의
F04,체험텃밭,매우혼잡,야간|폭염,2,0.0343,관찰,🔵,0.028,0.9293,0.0644,0.0063,순찰 요원 1명,"구급함, 무전기","일반 안전 순찰 60분 간격 유지 | 기상특보·예보 확인 | 방문객 밀도 추이 모니터링 | 비상 연락망 점검 | [폭염] 그늘·음용수 추가 배치, 열사병 집중 모니터링, 피크타임 야외 자제 권고 | [야간] 조명 확보 및 시야 불량 구역 안전선 설치, 야간 순찰 강화",기상특보 발령 또는 밀도 > 0.6 시 주의 단계 상향,체험장 — 활동 중 외상·골절 주의
F04,체험텃밭,매우혼잡,폭염|피크타임,2,0.1178,주의,🟡,0.0969,0.9536,0.0413,0.0051,예방 모니터 1명 + 대기 요원 1명,"구급함, 무전기, 음용수, 그늘막","예방 순찰 30분 간격 강화 | 응급 대응 장비 위치·작동 상태 점검 | 고위험 방문객 (노약자·어린이·임산부) 적극 모니터링 | 기상 변화·밀도 실시간 확인 | 대기 인력 현장 근접 배치 | [폭염] 그늘·음용수 추가 배치, 열사병 집중 모니터링, 피크타임 야외 자제 권고",이상 징후(쓰러짐·발열·외상) 발견 즉시 위험 단계 상향,체험장 — 활동 중 외상·골절 주의
F04,체험텃밭,매우혼잡,우천|한파,2,0.034,관찰,🔵,0.028,0.9787,0.0122,0.0091,순찰 요원 1명,"구급함, 무전기","일반 안전 순찰 60분 간격 유지 | 기상특보·예보 확인 | 방문객 밀도 추이 모니터링 | 비상 연락망 점검 | [우천] 미끄러짐 주의 안내, 낙뢰 위험 시설 대피, 우천 장비 점검 | [한파] 저체온증 위험 모니터링, 실내 대피 공간 운영, 동상 응급처치 키트 배치",기상특보 발령 또는 밀도 > 0.6 시 주의 단계 상향,체험장 — 활동 중 외상·골절 주의
F04,체험텃밭,매우혼잡,강풍|우천,2,0.0337,관찰,🔵,0.028,0.991,0.007,0.002,순찰 요원 1명,"구급함, 무전기","일반 안전 순찰 60분 간격 유지 | 기상특보·예보 확인 | 방문객 밀도 추이 모니터링 | 비상 연락망 점검 | [우천] 미끄러짐 주의 안내, 낙뢰 위험 시설 대피, 우천 장비 점검 | [강풍] 낙하물 위험 구역 통제, 야외 구조물·천막 긴급 점검",기상특보 발령 또는 밀도 > 0.6 시 주의 단계 상향,체험장 — 활동 중 외상·골절 주의
F04,체험텃밭,매우혼잡,야간|우천,2,0.0347,관찰,🔵,0.028,0.9047,0.0757,0.0197,순찰 요원 1명,"구급함, 무전기","일반 안전 순찰 60분 간격 유지 | 기상특보·예보 확인 | 방문객 밀도 추이 모니터링 | 비상 연락망 점검 | [우천] 미끄러짐 주의 안내, 낙뢰 위험 시설 대피, 우천 장비 점검 | [야간] 조명 확보 및 시야 불량 구역 안전선 설치, 야간 순찰 강화",기상특보 발령 또는 밀도 > 0.6 시 주의 단계 상향,체험장 — 활동 중 외상·골절 주의
F04,체험텃밭,매우혼잡,우천|피크타임,2,0.0341,관찰,🔵,0.028,0.9586,0.0334,0.008,순찰 요원 1명,"구급함, 무전기","일반 안전 순찰 60분 간격 유지 | 기상특보·예보 확인 | 방문객 밀도 추이 모니터링 | 비상 연락망 점검 | [우천] 미끄러짐 주의 안내, 낙뢰 위험 시설 대피, 우천 장비 점검",기상특보 발령 또는 밀도 > 0.6 시 주의 단계 상향,체험장 — 활동 중 외상·골절 주의
F04,체험텃밭,매우혼잡,강풍|한파,2,0.0338,관찰,🔵,0.028,0.9874,0.0107,0.0019,순찰 요원 1명,"구급함, 무전기","일반 안전 순찰 60분 간격 유지 | 기상특보·예보 확인 | 방문객 밀도 추이 모니터링 | 비상 연락망 점검 | [한파] 저체온증 위험 모니터링, 실내 대피 공간 운영, 동상 응급처치 키트 배치 | [강풍] 낙하물 위험 구역 통제, 야외 구조물·천막 긴급 점검",기상특보 발령 또는 밀도 > 0.6 시 주의 단계 상향,체험장 — 활동 중 외상·골절 주의
F04,체험텃밭,매우혼잡,야간|한파,2,0.0345,관찰,🔵,0.028,0.9111,0.0813,0.0075,순찰 요원 1명,"구급함, 무전기","일반 안전 순찰 60분 간격 유지 | 기상특보·예보 확인 | 방문객 밀도 추이 모니터링 | 비상 연락망 점검 | [한파] 저체온증 위험 모니터링, 실내 대피 공간 운영, 동상 응급처치 키트 배치 | [야간] 조명 확보 및 시야 불량 구역 안전선 설치, 야간 순찰 강화",기상특보 발령 또는 밀도 > 0.6 시 주의 단계 상향,체험장 — 활동 중 외상·골절 주의
F04,체험텃밭,매우혼잡,피크타임|한파,2,0.0338,관찰,🔵,0.028,0.9874,0.0108,0.0018,순찰 요원 1명,"구급함, 무전기","일반 안전 순찰 60분 간격 유지 | 기상특보·예보 확인 | 방문객 밀도 추이 모니터링 | 비상 연락망 점검 | [한파] 저체온증 위험 모니터링, 실내 대피 공간 운영, 동상 응급처치 키트 배치",기상특보 발령 또는 밀도 > 0.6 시 주의 단계 상향,체험장 — 활동 중 외상·골절 주의
F04,체험텃밭,매우혼잡,강풍|야간,2,0.0341,관찰,🔵,0.028,0.9527,0.0461,0.0012,순찰 요원 1명,"구급함, 무전기","일반 안전 순찰 60분 간격 유지 | 기상특보·예보 확인 | 방문객 밀도 추이 모니터링 | 비상 연락망 점검 | [강풍] 낙하물 위험 구역 통제, 야외 구조물·천막 긴급 점검 | [야간] 조명 확보 및 시야 불량 구역 안전선 설치, 야간 순찰 강화",기상특보 발령 또는 밀도 > 0.6 시 주의 단계 상향,체험장 — 활동 중 외상·골절 주의
F04,체험텃밭,매우혼잡,강풍|피크타임,2,0.0337,관찰,🔵,0.028,0.9964,0.0033,0.0003,순찰 요원 1명,"구급함, 무전기","일반 안전 순찰 60분 간격 유지 | 기상특보·예보 확인 | 방문객 밀도 추이 모니터링 | 비상 연락망 점검 | [강풍] 낙하물 위험 구역 통제, 야외 구조물·천막 긴급 점검",기상특보 발령 또는 밀도 > 0.6 시 주의 단계 상향,체험장 — 활동 중 외상·골절 주의
F04,체험텃밭,매우혼잡,야간|피크타임,2,0.0348,관찰,🔵,0.028,0.8676,0.1277,0.0047,순찰 요원 1명,"구급함, 무전기","일반 안전 순찰 60분 간격 유지 | 기상특보·예보 확인 | 방문객 밀도 추이 모니터링 | 비상 연락망 점검 | [야간] 조명 확보 및 시야 불량 구역 안전선 설치, 야간 순찰 강화",기상특보 발령 또는 밀도 > 0.6 시 주의 단계 상향,체험장 — 활동 중 외상·골절 주의
F04,체험텃밭,매우혼잡,우천|폭염|한파,3,0.0348,관찰,🔵,0.028,0.9172,0.0517,0.0311,순찰 요원 1명,"구급함, 무전기","일반 안전 순찰 60분 간격 유지 | 기상특보·예보 확인 | 방문객 밀도 추이 모니터링 | 비상 연락망 점검 | [폭염] 그늘·음용수 추가 배치, 열사병 집중 모니터링, 피크타임 야외 자제 권고 | [우천] 미끄러짐 주의 안내, 낙뢰 위험 시설 대피, 우천 장비 점검 | [한파] 저체온증 위험 모니터링, 실내 대피 공간 운영, 동상 응급처치 키트 배치",기상특보 발령 또는 밀도 > 0.6 시 주의 단계 상향,체험장 — 활동 중 외상·골절 주의
F04,체험텃밭,매우혼잡,강풍|우천|폭염,3,0.0348,관찰,🔵,0.028,0.9172,0.0517,0.0311,순찰 요원 1명,"구급함, 무전기","일반 안전 순찰 60분 간격 유지 | 기상특보·예보 확인 | 방문객 밀도 추이 모니터링 | 비상 연락망 점검 | [폭염] 그늘·음용수 추가 배치, 열사병 집중 모니터링, 피크타임 야외 자제 권고 | [우천] 미끄러짐 주의 안내, 낙뢰 위험 시설 대피, 우천 장비 점검 | [강풍] 낙하물 위험 구역 통제, 야외 구조물·천막 긴급 점검",기상특보 발령 또는 밀도 > 0.6 시 주의 단계 상향,체험장 — 활동 중 외상·골절 주의
F04,체험텃밭,매우혼잡,야간|우천|폭염,3,0.0346,관찰,🔵,0.028,0.9244,0.0511,0.0245,순찰 요원 1명,"구급함, 무전기","일반 안전 순찰 60분 간격 유지 | 기상특보·예보 확인 | 방문객 밀도 추이 모니터링 | 비상 연락망 점검 | [폭염] 그늘·음용수 추가 배치, 열사병 집중 모니터링, 피크타임 야외 자제 권고 | [우천] 미끄러짐 주의 안내, 낙뢰 위험 시설 대피, 우천 장비 점검 | [야간] 조명 확보 및 시야 불량 구역 안전선 설치, 야간 순찰 강화",기상특보 발령 또는 밀도 > 0.6 시 주의 단계 상향,체험장 — 활동 중 외상·골절 주의
F04,체험텃밭,매우혼잡,우천|폭염|피크타임,3,0.1194,주의,🟡,0.0969,0.9317,0.0434,0.0249,예방 모니터 1명 + 대기 요원 1명,"구급함, 무전기, 음용수, 그늘막","예방 순찰 30분 간격 강화 | 응급 대응 장비 위치·작동 상태 점검 | 고위험 방문객 (노약자·어린이·임산부) 적극 모니터링 | 기상 변화·밀도 실시간 확인 | 대기 인력 현장 근접 배치 | [폭염] 그늘·음용수 추가 배치, 열사병 집중 모니터링, 피크타임 야외 자제 권고 | [우천] 미끄러짐 주의 안내, 낙뢰 위험 시설 대피, 우천 장비 점검",이상 징후(쓰러짐·발열·외상) 발견 즉시 위험 단계 상향,체험장 — 활동 중 외상·골절 주의
F04,체험텃밭,매우혼잡,강풍|폭염|한파,3,0.0342,관찰,🔵,0.028,0.9441,0.0495,0.0065,순찰 요원 1명,"구급함, 무전기","일반 안전 순찰 60분 간격 유지 | 기상특보·예보 확인 | 방문객 밀도 추이 모니터링 | 비상 연락망 점검 | [폭염] 그늘·음용수 추가 배치, 열사병 집중 모니터링, 피크타임 야외 자제 권고 | [한파] 저체온증 위험 모니터링, 실내 대피 공간 운영, 동상 응급처치 키트 배치 | [강풍] 낙하물 위험 구역 통제, 야외 구조물·천막 긴급 점검",기상특보 발령 또는 밀도 > 0.6 시 주의 단계 상향,체험장 — 활동 중 외상·골절 주의
F04,체험텃밭,매우혼잡,야간|폭염|한파,3,0.0343,관찰,🔵,0.028,0.9293,0.0644,0.0063,순찰 요원 1명,"구급함, 무전기","일반 안전 순찰 60분 간격 유지 | 기상특보·예보 확인 | 방문객 밀도 추이 모니터링 | 비상 연락망 점검 | [폭염] 그늘·음용수 추가 배치, 열사병 집중 모니터링, 피크타임 야외 자제 권고 | [한파] 저체온증 위험 모니터링, 실내 대피 공간 운영, 동상 응급처치 키트 배치 | [야간] 조명 확보 및 시야 불량 구역 안전선 설치, 야간 순찰 강화",기상특보 발령 또는 밀도 > 0.6 시 주의 단계 상향,체험장 — 활동 중 외상·골절 주의
F04,체험텃밭,매우혼잡,폭염|피크타임|한파,3,0.1178,주의,🟡,0.0969,0.9536,0.0413,0.0051,예방 모니터 1명 + 대기 요원 1명,"구급함, 무전기, 음용수, 그늘막","예방 순찰 30분 간격 강화 | 응급 대응 장비 위치·작동 상태 점검 | 고위험 방문객 (노약자·어린이·임산부) 적극 모니터링 | 기상 변화·밀도 실시간 확인 | 대기 인력 현장 근접 배치 | [폭염] 그늘·음용수 추가 배치, 열사병 집중 모니터링, 피크타임 야외 자제 권고 | [한파] 저체온증 위험 모니터링, 실내 대피 공간 운영, 동상 응급처치 키트 배치",이상 징후(쓰러짐·발열·외상) 발견 즉시 위험 단계 상향,체험장 — 활동 중 외상·골절 주의
F04,체험텃밭,매우혼잡,강풍|야간|폭염,3,0.0343,관찰,🔵,0.028,0.9293,0.0644,0.0063,순찰 요원 1명,"구급함, 무전기","일반 안전 순찰 60분 간격 유지 | 기상특보·예보 확인 | 방문객 밀도 추이 모니터링 | 비상 연락망 점검 | [폭염] 그늘·음용수 추가 배치, 열사병 집중 모니터링, 피크타임 야외 자제 권고 | [강풍] 낙하물 위험 구역 통제, 야외 구조물·천막 긴급 점검 | [야간] 조명 확보 및 시야 불량 구역 안전선 설치, 야간 순찰 강화",기상특보 발령 또는 밀도 > 0.6 시 주의 단계 상향,체험장 — 활동 중 외상·골절 주의
F04,체험텃밭,매우혼잡,강풍|폭염|피크타임,3,0.1178,주의,🟡,0.0969,0.9536,0.0413,0.0051,예방 모니터 1명 + 대기 요원 1명,"구급함, 무전기, 음용수, 그늘막","예방 순찰 30분 간격 강화 | 응급 대응 장비 위치·작동 상태 점검 | 고위험 방문객 (노약자·어린이·임산부) 적극 모니터링 | 기상 변화·밀도 실시간 확인 | 대기 인력 현장 근접 배치 | [폭염] 그늘·음용수 추가 배치, 열사병 집중 모니터링, 피크타임 야외 자제 권고 | [강풍] 낙하물 위험 구역 통제, 야외 구조물·천막 긴급 점검",이상 징후(쓰러짐·발열·외상) 발견 즉시 위험 단계 상향,체험장 — 활동 중 외상·골절 주의
F04,체험텃밭,매우혼잡,야간|폭염|피크타임,3,0.0343,관찰,🔵,0.028,0.9293,0.0644,0.0063,순찰 요원 1명,"구급함, 무전기","일반 안전 순찰 60분 간격 유지 | 기상특보·예보 확인 | 방문객 밀도 추이 모니터링 | 비상 연락망 점검 | [폭염] 그늘·음용수 추가 배치, 열사병 집중 모니터링, 피크타임 야외 자제 권고 | [야간] 조명 확보 및 시야 불량 구역 안전선 설치, 야간 순찰 강화",기상특보 발령 또는 밀도 > 0.6 시 주의 단계 상향,체험장 — 활동 중 외상·골절 주의
F04,체험텃밭,매우혼잡,강풍|우천|한파,3,0.034,관찰,🔵,0.028,0.9787,0.0122,0.0091,순찰 요원 1명,"구급함, 무전기","일반 안전 순찰 60분 간격 유지 | 기상특보·예보 확인 | 방문객 밀도 추이 모니터링 | 비상 연락망 점검 | [우천] 미끄러짐 주의 안내, 낙뢰 위험 시설 대피, 우천 장비 점검 | [한파] 저체온증 위험 모니터링, 실내 대피 공간 운영, 동상 응급처치 키트 배치 | [강풍] 낙하물 위험 구역 통제, 야외 구조물·천막 긴급 점검",기상특보 발령 또는 밀도 > 0.6 시 주의 단계 상향,체험장 — 활동 중 외상·골절 주의
F04,체험텃밭,매우혼잡,야간|우천|한파,3,0.0345,관찰,🔵,0.028,0.938,0.0388,0.0233,순찰 요원 1명,"구급함, 무전기","일반 안전 순찰 60분 간격 유지 | 기상특보·예보 확인 | 방문객 밀도 추이 모니터링 | 비상 연락망 점검 | [우천] 미끄러짐 주의 안내, 낙뢰 위험 시설 대피, 우천 장비 점검 | [한파] 저체온증 위험 모니터링, 실내 대피 공간 운영, 동상 응급처치 키트 배치 | [야간] 조명 확보 및 시야 불량 구역 안전선 설치, 야간 순찰 강화",기상특보 발령 또는 밀도 > 0.6 시 주의 단계 상향,체험장 — 활동 중 외상·골절 주의
F04,체험텃밭,매우혼잡,우천|피크타임|한파,3,0.0339,관찰,🔵,0.028,0.9795,0.0116,0.0089,순찰 요원 1명,"구급함, 무전기","일반 안전 순찰 60분 간격 유지 | 기상특보·예보 확인 | 방문객 밀도 추이 모니터링 | 비상 연락망 점검 | [우천] 미끄러짐 주의 안내, 낙뢰 위험 시설 대피, 우천 장비 점검 | [한파] 저체온증 위험 모니터링, 실내 대피 공간 운영, 동상 응급처치 키트 배치",기상특보 발령 또는 밀도 > 0.6 시 주의 단계 상향,체험장 — 활동 중 외상·골절 주의
F04,체험텃밭,매우혼잡,강풍|야간|우천,3,0.034,관찰,🔵,0.028,0.9687,0.0267,0.0046,순찰 요원 1명,"구급함, 무전기","일반 안전 순찰 60분 간격 유지 | 기상특보·예보 확인 | 방문객 밀도 추이 모니터링 | 비상 연락망 점검 | [우천] 미끄러짐 주의 안내, 낙뢰 위험 시설 대피, 우천 장비 점검 | [강풍] 낙하물 위험 구역 통제, 야외 구조물·천막 긴급 점검 | [야간] 조명 확보 및 시야 불량 구역 안전선 설치, 야간 순찰 강화",기상특보 발령 또는 밀도 > 0.6 시 주의 단계 상향,체험장 — 활동 중 외상·골절 주의
F04,체험텃밭,매우혼잡,강풍|우천|피크타임,3,0.0337,관찰,🔵,0.028,0.9953,0.0031,0.0015,순찰 요원 1명,"구급함, 무전기","일반 안전 순찰 60분 간격 유지 | 기상특보·예보 확인 | 방문객 밀도 추이 모니터링 | 비상 연락망 점검 | [우천] 미끄러짐 주의 안내, 낙뢰 위험 시설 대피, 우천 장비 점검 | [강풍] 낙하물 위험 구역 통제, 야외 구조물·천막 긴급 점검",기상특보 발령 또는 밀도 > 0.6 시 주의 단계 상향,체험장 — 활동 중 외상·골절 주의
F04,체험텃밭,매우혼잡,야간|우천|피크타임,3,0.0347,관찰,🔵,0.028,0.9047,0.0757,0.0197,순찰 요원 1명,"구급함, 무전기","일반 안전 순찰 60분 간격 유지 | 기상특보·예보 확인 | 방문객 밀도 추이 모니터링 | 비상 연락망 점검 | [우천] 미끄러짐 주의 안내, 낙뢰 위험 시설 대피, 우천 장비 점검 | [야간] 조명 확보 및 시야 불량 구역 안전선 설치, 야간 순찰 강화",기상특보 발령 또는 밀도 > 0.6 시 주의 단계 상향,체험장 — 활동 중 외상·골절 주의
F04,체험텃밭,매우혼잡,강풍|야간|한파,3,0.0345,관찰,🔵,0.028,0.9111,0.0813,0.0075,순찰 요원 1명,"구급함, 무전기","일반 안전 순찰 60분 간격 유지 | 기상특보·예보 확인 | 방문객 밀도 추이 모니터링 | 비상 연락망 점검 | [한파] 저체온증 위험 모니터링, 실내 대피 공간 운영, 동상 응급처치 키트 배치 | [강풍] 낙하물 위험 구역 통제, 야외 구조물·천막 긴급 점검 | [야간] 조명 확보 및 시야 불량 구역 안전선 설치, 야간 순찰 강화",기상특보 발령 또는 밀도 > 0.6 시 주의 단계 상향,체험장 — 활동 중 외상·골절 주의
F04,체험텃밭,매우혼잡,강풍|피크타임|한파,3,0.0338,관찰,🔵,0.028,0.9874,0.0108,0.0018,순찰 요원 1명,"구급함, 무전기","일반 안전 순찰 60분 간격 유지 | 기상특보·예보 확인 | 방문객 밀도 추이 모니터링 | 비상 연락망 점검 | [한파] 저체온증 위험 모니터링, 실내 대피 공간 운영, 동상 응급처치 키트 배치 | [강풍] 낙하물 위험 구역 통제, 야외 구조물·천막 긴급 점검",기상특보 발령 또는 밀도 > 0.6 시 주의 단계 상향,체험장 — 활동 중 외상·골절 주의
F04,체험텃밭,매우혼잡,야간|피크타임|한파,3,0.0345,관찰,🔵,0.028,0.9111,0.0813,0.0075,순찰 요원 1명,"구급함, 무전기","일반 안전 순찰 60분 간격 유지 | 기상특보·예보 확인 | 방문객 밀도 추이 모니터링 | 비상 연락망 점검 | [한파] 저체온증 위험 모니터링, 실내 대피 공간 운영, 동상 응급처치 키트 배치 | [야간] 조명 확보 및 시야 불량 구역 안전선 설치, 야간 순찰 강화",기상특보 발령 또는 밀도 > 0.6 시 주의 단계 상향,체험장 — 활동 중 외상·골절 주의
F04,체험텃밭,매우혼잡,강풍|야간|피크타임,3,0.0341,관찰,🔵,0.028,0.9527,0.0461,0.0012,순찰 요원 1명,"구급함, 무전기","일반 안전 순찰 60분 간격 유지 | 기상특보·예보 확인 | 방문객 밀도 추이 모니터링 | 비상 연락망 점검 | [강풍] 낙하물 위험 구역 통제, 야외 구조물·천막 긴급 점검 | [야간] 조명 확보 및 시야 불량 구역 안전선 설치, 야간 순찰 강화",기상특보 발령 또는 밀도 > 0.6 시 주의 단계 상향,체험장 — 활동 중 외상·골절 주의
F04,체험텃밭,매우혼잡,강풍|우천|폭염|한파,4,0.0348,관찰,🔵,0.028,0.9172,0.0517,0.0311,순찰 요원 1명,"구급함, 무전기","일반 안전 순찰 60분 간격 유지 | 기상특보·예보 확인 | 방문객 밀도 추이 모니터링 | 비상 연락망 점검 | [폭염] 그늘·음용수 추가 배치, 열사병 집중 모니터링, 피크타임 야외 자제 권고 | [우천] 미끄러짐 주의 안내, 낙뢰 위험 시설 대피, 우천 장비 점검 | [한파] 저체온증 위험 모니터링, 실내 대피 공간 운영, 동상 응급처치 키트 배치 | [강풍] 낙하물 위험 구역 통제, 야외 구조물·천막 긴급 점검",기상특보 발령 또는 밀도 > 0.6 시 주의 단계 상향,체험장 — 활동 중 외상·골절 주의
F04,체험텃밭,매우혼잡,야간|우천|폭염|한파,4,0.0346,관찰,🔵,0.028,0.9244,0.0511,0.0245,순찰 요원 1명,"구급함, 무전기","일반 안전 순찰 60분 간격 유지 | 기상특보·예보 확인 | 방문객 밀도 추이 모니터링 | 비상 연락망 점검 | [폭염] 그늘·음용수 추가 배치, 열사병 집중 모니터링, 피크타임 야외 자제 권고 | [우천] 미끄러짐 주의 안내, 낙뢰 위험 시설 대피, 우천 장비 점검 | [한파] 저체온증 위험 모니터링, 실내 대피 공간 운영, 동상 응급처치 키트 배치 | [야간] 조명 확보 및 시야 불량 구역 안전선 설치, 야간 순찰 강화",기상특보 발령 또는 밀도 > 0.6 시 주의 단계 상향,체험장 — 활동 중 외상·골절 주의
F04,체험텃밭,매우혼잡,우천|폭염|피크타임|한파,4,0.1194,주의,🟡,0.0969,0.9317,0.0434,0.0249,예방 모니터 1명 + 대기 요원 1명,"구급함, 무전기, 음용수, 그늘막","예방 순찰 30분 간격 강화 | 응급 대응 장비 위치·작동 상태 점검 | 고위험 방문객 (노약자·어린이·임산부) 적극 모니터링 | 기상 변화·밀도 실시간 확인 | 대기 인력 현장 근접 배치 | [폭염] 그늘·음용수 추가 배치, 열사병 집중 모니터링, 피크타임 야외 자제 권고 | [우천] 미끄러짐 주의 안내, 낙뢰 위험 시설 대피, 우천 장비 점검 | [한파] 저체온증 위험 모니터링, 실내 대피 공간 운영, 동상 응급처치 키트 배치",이상 징후(쓰러짐·발열·외상) 발견 즉시 위험 단계 상향,체험장 — 활동 중 외상·골절 주의
F04,체험텃밭,매우혼잡,강풍|야간|우천|폭염,4,0.0346,관찰,🔵,0.028,0.9244,0.0511,0.0245,순찰 요원 1명,"구급함, 무전기","일반 안전 순찰 60분 간격 유지 | 기상특보·예보 확인 | 방문객 밀도 추이 모니터링 | 비상 연락망 점검 | [폭염] 그늘·음용수 추가 배치, 열사병 집중 모니터링, 피크타임 야외 자제 권고 | [우천] 미끄러짐 주의 안내, 낙뢰 위험 시설 대피, 우천 장비 점검 | [강풍] 낙하물 위험 구역 통제, 야외 구조물·천막 긴급 점검 | [야간] 조명 확보 및 시야 불량 구역 안전선 설치, 야간 순찰 강화",기상특보 발령 또는 밀도 > 0.6 시 주의 단계 상향,체험장 — 활동 중 외상·골절 주의
F04,체험텃밭,매우혼잡,강풍|우천|폭염|피크타임,4,0.1194,주의,🟡,0.0969,0.9317,0.0434,0.0249,예방 모니터 1명 + 대기 요원 1명,"구급함, 무전기, 음용수, 그늘막","예방 순찰 30분 간격 강화 | 응급 대응 장비 위치·작동 상태 점검 | 고위험 방문객 (노약자·어린이·임산부) 적극 모니터링 | 기상 변화·밀도 실시간 확인 | 대기 인력 현장 근접 배치 | [폭염] 그늘·음용수 추가 배치, 열사병 집중 모니터링, 피크타임 야외 자제 권고 | [우천] 미끄러짐 주의 안내, 낙뢰 위험 시설 대피, 우천 장비 점검 | [강풍] 낙하물 위험 구역 통제, 야외 구조물·천막 긴급 점검",이상 징후(쓰러짐·발열·외상) 발견 즉시 위험 단계 상향,체험장 — 활동 중 외상·골절 주의
F04,체험텃밭,매우혼잡,야간|우천|폭염|피크타임,4,0.0346,관찰,🔵,0.028,0.9244,0.0511,0.0245,순찰 요원 1명,"구급함, 무전기","일반 안전 순찰 60분 간격 유지 | 기상특보·예보 확인 | 방문객 밀도 추이 모니터링 | 비상 연락망 점검 | [폭염] 그늘·음용수 추가 배치, 열사병 집중 모니터링, 피크타임 야외 자제 권고 | [우천] 미끄러짐 주의 안내, 낙뢰 위험 시설 대피, 우천 장비 점검 | [야간] 조명 확보 및 시야 불량 구역 안전선 설치, 야간 순찰 강화",기상특보 발령 또는 밀도 > 0.6 시 주의 단계 상향,체험장 — 활동 중 외상·골절 주의
F04,체험텃밭,매우혼잡,강풍|야간|폭염|한파,4,0.0343,관찰,🔵,0.028,0.9293,0.0644,0.0063,순찰 요원 1명,"구급함, 무전기","일반 안전 순찰 60분 간격 유지 | 기상특보·예보 확인 | 방문객 밀도 추이 모니터링 | 비상 연락망 점검 | [폭염] 그늘·음용수 추가 배치, 열사병 집중 모니터링, 피크타임 야외 자제 권고 | [한파] 저체온증 위험 모니터링, 실내 대피 공간 운영, 동상 응급처치 키트 배치 | [강풍] 낙하물 위험 구역 통제, 야외 구조물·천막 긴급 점검 | [야간] 조명 확보 및 시야 불량 구역 안전선 설치, 야간 순찰 강화",기상특보 발령 또는 밀도 > 0.6 시 주의 단계 상향,체험장 — 활동 중 외상·골절 주의
F04,체험텃밭,매우혼잡,강풍|폭염|피크타임|한파,4,0.1178,주의,🟡,0.0969,0.9536,0.0413,0.0051,예방 모니터 1명 + 대기 요원 1명,"구급함, 무전기, 음용수, 그늘막","예방 순찰 30분 간격 강화 | 응급 대응 장비 위치·작동 상태 점검 | 고위험 방문객 (노약자·어린이·임산부) 적극 모니터링 | 기상 변화·밀도 실시간 확인 | 대기 인력 현장 근접 배치 | [폭염] 그늘·음용수 추가 배치, 열사병 집중 모니터링, 피크타임 야외 자제 권고 | [한파] 저체온증 위험 모니터링, 실내 대피 공간 운영, 동상 응급처치 키트 배치 | [강풍] 낙하물 위험 구역 통제, 야외 구조물·천막 긴급 점검",이상 징후(쓰러짐·발열·외상) 발견 즉시 위험 단계 상향,체험장 — 활동 중 외상·골절 주의
F04,체험텃밭,매우혼잡,야간|폭염|피크타임|한파,4,0.0343,관찰,🔵,0.028,0.9293,0.0644,0.0063,순찰 요원 1명,"구급함, 무전기","일반 안전 순찰 60분 간격 유지 | 기상특보·예보 확인 | 방문객 밀도 추이 모니터링 | 비상 연락망 점검 | [폭염] 그늘·음용수 추가 배치, 열사병 집중 모니터링, 피크타임 야외 자제 권고 | [한파] 저체온증 위험 모니터링, 실내 대피 공간 운영, 동상 응급처치 키트 배치 | [야간] 조명 확보 및 시야 불량 구역 안전선 설치, 야간 순찰 강화",기상특보 발령 또는 밀도 > 0.6 시 주의 단계 상향,체험장 — 활동 중 외상·골절 주의
F04,체험텃밭,매우혼잡,강풍|야간|폭염|피크타임,4,0.0343,관찰,🔵,0.028,0.9293,0.0644,0.0063,순찰 요원 1명,"구급함, 무전기","일반 안전 순찰 60분 간격 유지 | 기상특보·예보 확인 | 방문객 밀도 추이 모니터링 | 비상 연락망 점검 | [폭염] 그늘·음용수 추가 배치, 열사병 집중 모니터링, 피크타임 야외 자제 권고 | [강풍] 낙하물 위험 구역 통제, 야외 구조물·천막 긴급 점검 | [야간] 조명 확보 및 시야 불량 구역 안전선 설치, 야간 순찰 강화",기상특보 발령 또는 밀도 > 0.6 시 주의 단계 상향,체험장 — 활동 중 외상·골절 주의
F04,체험텃밭,매우혼잡,강풍|야간|우천|한파,4,0.0345,관찰,🔵,0.028,0.938,0.0388,0.0233,순찰 요원 1명,"구급함, 무전기","일반 안전 순찰 60분 간격 유지 | 기상특보·예보 확인 | 방문객 밀도 추이 모니터링 | 비상 연락망 점검 | [우천] 미끄러짐 주의 안내, 낙뢰 위험 시설 대피, 우천 장비 점검 | [한파] 저체온증 위험 모니터링, 실내 대피 공간 운영, 동상 응급처치 키트 배치 | [강풍] 낙하물 위험 구역 통제, 야외 구조물·천막 긴급 점검 | [야간] 조명 확보 및 시야 불량 구역 안전선 설치, 야간 순찰 강화",기상특보 발령 또는 밀도 > 0.6 시 주의 단계 상향,체험장 — 활동 중 외상·골절 주의
F04,체험텃밭,매우혼잡,강풍|우천|피크타임|한파,4,0.0339,관찰,🔵,0.028,0.9795,0.0116,0.0089,순찰 요원 1명,"구급함, 무전기","일반 안전 순찰 60분 간격 유지 | 기상특보·예보 확인 | 방문객 밀도 추이 모니터링 | 비상 연락망 점검 | [우천] 미끄러짐 주의 안내, 낙뢰 위험 시설 대피, 우천 장비 점검 | [한파] 저체온증 위험 모니터링, 실내 대피 공간 운영, 동상 응급처치 키트 배치 | [강풍] 낙하물 위험 구역 통제, 야외 구조물·천막 긴급 점검",기상특보 발령 또는 밀도 > 0.6 시 주의 단계 상향,체험장 — 활동 중 외상·골절 주의
F04,체험텃밭,매우혼잡,야간|우천|피크타임|한파,4,0.0345,관찰,🔵,0.028,0.938,0.0388,0.0233,순찰 요원 1명,"구급함, 무전기","일반 안전 순찰 60분 간격 유지 | 기상특보·예보 확인 | 방문객 밀도 추이 모니터링 | 비상 연락망 점검 | [우천] 미끄러짐 주의 안내, 낙뢰 위험 시설 대피, 우천 장비 점검 | [한파] 저체온증 위험 모니터링, 실내 대피 공간 운영, 동상 응급처치 키트 배치 | [야간] 조명 확보 및 시야 불량 구역 안전선 설치, 야간 순찰 강화",기상특보 발령 또는 밀도 > 0.6 시 주의 단계 상향,체험장 — 활동 중 외상·골절 주의
F04,체험텃밭,매우혼잡,강풍|야간|우천|피크타임,4,0.034,관찰,🔵,0.028,0.9687,0.0267,0.0046,순찰 요원 1명,"구급함, 무전기","일반 안전 순찰 60분 간격 유지 | 기상특보·예보 확인 | 방문객 밀도 추이 모니터링 | 비상 연락망 점검 | [우천] 미끄러짐 주의 안내, 낙뢰 위험 시설 대피, 우천 장비 점검 | [강풍] 낙하물 위험 구역 통제, 야외 구조물·천막 긴급 점검 | [야간] 조명 확보 및 시야 불량 구역 안전선 설치, 야간 순찰 강화",기상특보 발령 또는 밀도 > 0.6 시 주의 단계 상향,체험장 — 활동 중 외상·골절 주의
F04,체험텃밭,매우혼잡,강풍|야간|피크타임|한파,4,0.0345,관찰,🔵,0.028,0.9111,0.0813,0.0075,순찰 요원 1명,"구급함, 무전기","일반 안전 순찰 60분 간격 유지 | 기상특보·예보 확인 | 방문객 밀도 추이 모니터링 | 비상 연락망 점검 | [한파] 저체온증 위험 모니터링, 실내 대피 공간 운영, 동상 응급처치 키트 배치 | [강풍] 낙하물 위험 구역 통제, 야외 구조물·천막 긴급 점검 | [야간] 조명 확보 및 시야 불량 구역 안전선 설치, 야간 순찰 강화",기상특보 발령 또는 밀도 > 0.6 시 주의 단계 상향,체험장 — 활동 중 외상·골절 주의
F04,체험텃밭,매우혼잡,강풍|야간|우천|폭염|한파,5,0.0346,관찰,🔵,0.028,0.9244,0.0511,0.0245,순찰 요원 1명,"구급함, 무전기","일반 안전 순찰 60분 간격 유지 | 기상특보·예보 확인 | 방문객 밀도 추이 모니터링 | 비상 연락망 점검 | [폭염] 그늘·음용수 추가 배치, 열사병 집중 모니터링, 피크타임 야외 자제 권고 | [우천] 미끄러짐 주의 안내, 낙뢰 위험 시설 대피, 우천 장비 점검 | [한파] 저체온증 위험 모니터링, 실내 대피 공간 운영, 동상 응급처치 키트 배치 | [강풍] 낙하물 위험 구역 통제, 야외 구조물·천막 긴급 점검 | [야간] 조명 확보 및 시야 불량 구역 안전선 설치, 야간 순찰 강화",기상특보 발령 또는 밀도 > 0.6 시 주의 단계 상향,체험장 — 활동 중 외상·골절 주의
F04,체험텃밭,매우혼잡,강풍|우천|폭염|피크타임|한파,5,0.1194,주의,🟡,0.0969,0.9317,0.0434,0.0249,예방 모니터 1명 + 대기 요원 1명,"구급함, 무전기, 음용수, 그늘막","예방 순찰 30분 간격 강화 | 응급 대응 장비 위치·작동 상태 점검 | 고위험 방문객 (노약자·어린이·임산부) 적극 모니터링 | 기상 변화·밀도 실시간 확인 | 대기 인력 현장 근접 배치 | [폭염] 그늘·음용수 추가 배치, 열사병 집중 모니터링, 피크타임 야외 자제 권고 | [우천] 미끄러짐 주의 안내, 낙뢰 위험 시설 대피, 우천 장비 점검 | [한파] 저체온증 위험 모니터링, 실내 대피 공간 운영, 동상 응급처치 키트 배치 | [강풍] 낙하물 위험 구역 통제, 야외 구조물·천막 긴급 점검",이상 징후(쓰러짐·발열·외상) 발견 즉시 위험 단계 상향,체험장 — 활동 중 외상·골절 주의
F04,체험텃밭,매우혼잡,야간|우천|폭염|피크타임|한파,5,0.0346,관찰,🔵,0.028,0.9244,0.0511,0.0245,순찰 요원 1명,"구급함, 무전기","일반 안전 순찰 60분 간격 유지 | 기상특보·예보 확인 | 방문객 밀도 추이 모니터링 | 비상 연락망 점검 | [폭염] 그늘·음용수 추가 배치, 열사병 집중 모니터링, 피크타임 야외 자제 권고 | [우천] 미끄러짐 주의 안내, 낙뢰 위험 시설 대피, 우천 장비 점검 | [한파] 저체온증 위험 모니터링, 실내 대피 공간 운영, 동상 응급처치 키트 배치 | [야간] 조명 확보 및 시야 불량 구역 안전선 설치, 야간 순찰 강화",기상특보 발령 또는 밀도 > 0.6 시 주의 단계 상향,체험장 — 활동 중 외상·골절 주의
F04,체험텃밭,매우혼잡,강풍|야간|우천|폭염|피크타임,5,0.0346,관찰,🔵,0.028,0.9244,0.0511,0.0245,순찰 요원 1명,"구급함, 무전기","일반 안전 순찰 60분 간격 유지 | 기상특보·예보 확인 | 방문객 밀도 추이 모니터링 | 비상 연락망 점검 | [폭염] 그늘·음용수 추가 배치, 열사병 집중 모니터링, 피크타임 야외 자제 권고 | [우천] 미끄러짐 주의 안내, 낙뢰 위험 시설 대피, 우천 장비 점검 | [강풍] 낙하물 위험 구역 통제, 야외 구조물·천막 긴급 점검 | [야간] 조명 확보 및 시야 불량 구역 안전선 설치, 야간 순찰 강화",기상특보 발령 또는 밀도 > 0.6 시 주의 단계 상향,체험장 — 활동 중 외상·골절 주의
F04,체험텃밭,매우혼잡,강풍|야간|폭염|피크타임|한파,5,0.0343,관찰,🔵,0.028,0.9293,0.0644,0.0063,순찰 요원 1명,"구급함, 무전기","일반 안전 순찰 60분 간격 유지 | 기상특보·예보 확인 | 방문객 밀도 추이 모니터링 | 비상 연락망 점검 | [폭염] 그늘·음용수 추가 배치, 열사병 집중 모니터링, 피크타임 야외 자제 권고 | [한파] 저체온증 위험 모니터링, 실내 대피 공간 운영, 동상 응급처치 키트 배치 | [강풍] 낙하물 위험 구역 통제, 야외 구조물·천막 긴급 점검 | [야간] 조명 확보 및 시야 불량 구역 안전선 설치, 야간 순찰 강화",기상특보 발령 또는 밀도 > 0.6 시 주의 단계 상향,체험장 — 활동 중 외상·골절 주의
F04,체험텃밭,매우혼잡,강풍|야간|우천|피크타임|한파,5,0.0345,관찰,🔵,0.028,0.938,0.0388,0.0233,순찰 요원 1명,"구급함, 무전기","일반 안전 순찰 60분 간격 유지 | 기상특보·예보 확인 | 방문객 밀도 추이 모니터링 | 비상 연락망 점검 | [우천] 미끄러짐 주의 안내, 낙뢰 위험 시설 대피, 우천 장비 점검 | [한파] 저체온증 위험 모니터링, 실내 대피 공간 운영, 동상 응급처치 키트 배치 | [강풍] 낙하물 위험 구역 통제, 야외 구조물·천막 긴급 점검 | [야간] 조명 확보 및 시야 불량 구역 안전선 설치, 야간 순찰 강화",기상특보 발령 또는 밀도 > 0.6 시 주의 단계 상향,체험장 — 활동 중 외상·골절 주의
F04,체험텃밭,매우혼잡,강풍|야간|우천|폭염|피크타임|한파,6,0.0346,관찰,🔵,0.028,0.9244,0.0511,0.0245,순찰 요원 1명,"구급함, 무전기","일반 안전 순찰 60분 간격 유지 | 기상특보·예보 확인 | 방문객 밀도 추이 모니터링 | 비상 연락망 점검 | [폭염] 그늘·음용수 추가 배치, 열사병 집중 모니터링, 피크타임 야외 자제 권고 | [우천] 미끄러짐 주의 안내, 낙뢰 위험 시설 대피, 우천 장비 점검 | [한파] 저체온증 위험 모니터링, 실내 대피 공간 운영, 동상 응급처치 키트 배치 | [강풍] 낙하물 위험 구역 통제, 야외 구조물·천막 긴급 점검 | [야간] 조명 확보 및 시야 불량 구역 안전선 설치, 야간 순찰 강화",기상특보 발령 또는 밀도 > 0.6 시 주의 단계 상향,체험장 — 활동 중 외상·골절 주의
F05,반려견놀이터,여유,없음,0,0.0734,주의,🟡,0.0606,0.9648,0.0348,0.0005,예방 모니터 1명 + 대기 요원 1명,"구급함, 무전기, 음용수, 그늘막",예방 순찰 30분 간격 강화 | 응급 대응 장비 위치·작동 상태 점검 | 고위험 방문객 (노약자·어린이·임산부) 적극 모니터링 | 기상 변화·밀도 실시간 확인 | 대기 인력 현장 근접 배치,이상 징후(쓰러짐·발열·외상) 발견 즉시 위험 단계 상향,놀이터 — 어린이 외상·골절 빈발
F05,반려견놀이터,여유,폭염,1,0.0756,주의,🟡,0.0606,0.8915,0.0778,0.0306,예방 모니터 1명 + 대기 요원 1명,"구급함, 무전기, 음용수, 그늘막","예방 순찰 30분 간격 강화 | 응급 대응 장비 위치·작동 상태 점검 | 고위험 방문객 (노약자·어린이·임산부) 적극 모니터링 | 기상 변화·밀도 실시간 확인 | 대기 인력 현장 근접 배치 | [폭염] 그늘·음용수 추가 배치, 열사병 집중 모니터링, 피크타임 야외 자제 권고",이상 징후(쓰러짐·발열·외상) 발견 즉시 위험 단계 상향,놀이터 — 어린이 외상·골절 빈발
F05,반려견놀이터,여유,우천,1,0.0746,주의,🟡,0.0606,0.9035,0.0939,0.0026,예방 모니터 1명 + 대기 요원 1명,"구급함, 무전기, 음용수, 그늘막","예방 순찰 30분 간격 강화 | 응급 대응 장비 위치·작동 상태 점검 | 고위험 방문객 (노약자·어린이·임산부) 적극 모니터링 | 기상 변화·밀도 실시간 확인 | 대기 인력 현장 근접 배치 | [우천] 미끄러짐 주의 안내, 낙뢰 위험 시설 대피, 우천 장비 점검",이상 징후(쓰러짐·발열·외상) 발견 즉시 위험 단계 상향,놀이터 — 어린이 외상·골절 빈발
F05,반려견놀이터,여유,한파,1,0.0497,관찰,🔵,0.0336,0.3958,0.4071,0.1972,순찰 요원 1명,"구급함, 무전기","일반 안전 순찰 60분 간격 유지 | 기상특보·예보 확인 | 방문객 밀도 추이 모니터링 | 비상 연락망 점검 | [한파] 저체온증 위험 모니터링, 실내 대피 공간 운영, 동상 응급처치 키트 배치",기상특보 발령 또는 밀도 > 0.6 시 주의 단계 상향,놀이터 — 어린이 외상·골절 빈발
F05,반려견놀이터,여유,강풍,1,0.0757,주의,🟡,0.0606,0.8385,0.1601,0.0014,예방 모니터 1명 + 대기 요원 1명,"구급함, 무전기, 음용수, 그늘막","예방 순찰 30분 간격 강화 | 응급 대응 장비 위치·작동 상태 점검 | 고위험 방문객 (노약자·어린이·임산부) 적극 모니터링 | 기상 변화·밀도 실시간 확인 | 대기 인력 현장 근접 배치 | [강풍] 낙하물 위험 구역 통제, 야외 구조물·천막 긴급 점검",이상 징후(쓰러짐·발열·외상) 발견 즉시 위험 단계 상향,놀이터 — 어린이 외상·골절 빈발
F05,반려견놀이터,여유,야간,1,0.0737,주의,🟡,0.0606,0.9516,0.0466,0.0017,예방 모니터 1명 + 대기 요원 1명,"구급함, 무전기, 음용수, 그늘막","예방 순찰 30분 간격 강화 | 응급 대응 장비 위치·작동 상태 점검 | 고위험 방문객 (노약자·어린이·임산부) 적극 모니터링 | 기상 변화·밀도 실시간 확인 | 대기 인력 현장 근접 배치 | [야간] 조명 확보 및 시야 불량 구역 안전선 설치, 야간 순찰 강화",이상 징후(쓰러짐·발열·외상) 발견 즉시 위험 단계 상향,놀이터 — 어린이 외상·골절 빈발
F05,반려견놀이터,여유,피크타임,1,0.0743,주의,🟡,0.0606,0.9211,0.0744,0.0045,예방 모니터 1명 + 대기 요원 1명,"구급함, 무전기, 음용수, 그늘막",예방 순찰 30분 간격 강화 | 응급 대응 장비 위치·작동 상태 점검 | 고위험 방문객 (노약자·어린이·임산부) 적극 모니터링 | 기상 변화·밀도 실시간 확인 | 대기 인력 현장 근접 배치,이상 징후(쓰러짐·발열·외상) 발견 즉시 위험 단계 상향,놀이터 — 어린이 외상·골절 빈발
F05,반려견놀이터,여유,우천|폭염,2,0.0757,주의,🟡,0.0606,0.895,0.0708,0.0343,예방 모니터 1명 + 대기 요원 1명,"구급함, 무전기, 음용수, 그늘막","예방 순찰 30분 간격 강화 | 응급 대응 장비 위치·작동 상태 점검 | 고위험 방문객 (노약자·어린이·임산부) 적극 모니터링 | 기상 변화·밀도 실시간 확인 | 대기 인력 현장 근접 배치 | [폭염] 그늘·음용수 추가 배치, 열사병 집중 모니터링, 피크타임 야외 자제 권고 | [우천] 미끄러짐 주의 안내, 낙뢰 위험 시설 대피, 우천 장비 점검",이상 징후(쓰러짐·발열·외상) 발견 즉시 위험 단계 상향,놀이터 — 어린이 외상·골절 빈발
F05,반려견놀이터,여유,폭염|한파,2,0.0756,주의,🟡,0.0606,0.8915,0.0778,0.0306,예방 모니터 1명 + 대기 요원 1명,"구급함, 무전기, 음용수, 그늘막","예방 순찰 30분 간격 강화 | 응급 대응 장비 위치·작동 상태 점검 | 고위험 방문객 (노약자·어린이·임산부) 적극 모니터링 | 기상 변화·밀도 실시간 확인 | 대기 인력 현장 근접 배치 | [폭염] 그늘·음용수 추가 배치, 열사병 집중 모니터링, 피크타임 야외 자제 권고 | [한파] 저체온증 위험 모니터링, 실내 대피 공간 운영, 동상 응급처치 키트 배치",이상 징후(쓰러짐·발열·외상) 발견 즉시 위험 단계 상향,놀이터 — 어린이 외상·골절 빈발
F05,반려견놀이터,여유,강풍|폭염,2,0.0756,주의,🟡,0.0606,0.8915,0.0778,0.0306,예방 모니터 1명 + 대기 요원 1명,"구급함, 무전기, 음용수, 그늘막","예방 순찰 30분 간격 강화 | 응급 대응 장비 위치·작동 상태 점검 | 고위험 방문객 (노약자·어린이·임산부) 적극 모니터링 | 기상 변화·밀도 실시간 확인 | 대기 인력 현장 근접 배치 | [폭염] 그늘·음용수 추가 배치, 열사병 집중 모니터링, 피크타임 야외 자제 권고 | [강풍] 낙하물 위험 구역 통제, 야외 구조물·천막 긴급 점검",이상 징후(쓰러짐·발열·외상) 발견 즉시 위험 단계 상향,놀이터 — 어린이 외상·골절 빈발
F05,반려견놀이터,여유,야간|폭염,2,0.0747,주의,🟡,0.0606,0.9446,0.024,0.0314,예방 모니터 1명 + 대기 요원 1명,"구급함, 무전기, 음용수, 그늘막","예방 순찰 30분 간격 강화 | 응급 대응 장비 위치·작동 상태 점검 | 고위험 방문객 (노약자·어린이·임산부) 적극 모니터링 | 기상 변화·밀도 실시간 확인 | 대기 인력 현장 근접 배치 | [폭염] 그늘·음용수 추가 배치, 열사병 집중 모니터링, 피크타임 야외 자제 권고 | [야간] 조명 확보 및 시야 불량 구역 안전선 설치, 야간 순찰 강화",이상 징후(쓰러짐·발열·외상) 발견 즉시 위험 단계 상향,놀이터 — 어린이 외상·골절 빈발
F05,반려견놀이터,여유,폭염|피크타임,2,0.0808,주의,🟡,0.0606,0.7113,0.1956,0.093,예방 모니터 1명 + 대기 요원 1명,"구급함, 무전기, 음용수, 그늘막","예방 순찰 30분 간격 강화 | 응급 대응 장비 위치·작동 상태 점검 | 고위험 방문객 (노약자·어린이·임산부) 적극 모니터링 | 기상 변화·밀도 실시간 확인 | 대기 인력 현장 근접 배치 | [폭염] 그늘·음용수 추가 배치, 열사병 집중 모니터링, 피크타임 야외 자제 권고",이상 징후(쓰러짐·발열·외상) 발견 즉시 위험 단계 상향,놀이터 — 어린이 외상·골절 빈발
F05,반려견놀이터,여유,우천|한파,2,0.086,주의,🟡,0.0606,0.4213,0.4874,0.0912,예방 모니터 1명 + 대기 요원 1명,"구급함, 무전기, 음용수, 그늘막","예방 순찰 30분 간격 강화 | 응급 대응 장비 위치·작동 상태 점검 | 고위험 방문객 (노약자·어린이·임산부) 적극 모니터링 | 기상 변화·밀도 실시간 확인 | 대기 인력 현장 근접 배치 | [우천] 미끄러짐 주의 안내, 낙뢰 위험 시설 대피, 우천 장비 점검 | [한파] 저체온증 위험 모니터링, 실내 대피 공간 운영, 동상 응급처치 키트 배치",이상 징후(쓰러짐·발열·외상) 발견 즉시 위험 단계 상향,놀이터 — 어린이 외상·골절 빈발
F05,반려견놀이터,여유,강풍|우천,2,0.0756,주의,🟡,0.0606,0.8533,0.1414,0.0053,예방 모니터 1명 + 대기 요원 1명,"구급함, 무전기, 음용수, 그늘막","예방 순찰 30분 간격 강화 | 응급 대응 장비 위치·작동 상태 점검 | 고위험 방문객 (노약자·어린이·임산부) 적극 모니터링 | 기상 변화·밀도 실시간 확인 | 대기 인력 현장 근접 배치 | [우천] 미끄러짐 주의 안내, 낙뢰 위험 시설 대피, 우천 장비 점검 | [강풍] 낙하물 위험 구역 통제, 야외 구조물·천막 긴급 점검",이상 징후(쓰러짐·발열·외상) 발견 즉시 위험 단계 상향,놀이터 — 어린이 외상·골절 빈발
F05,반려견놀이터,여유,야간|우천,2,0.0737,주의,🟡,0.0606,0.9517,0.044,0.0043,예방 모니터 1명 + 대기 요원 1명,"구급함, 무전기, 음용수, 그늘막","예방 순찰 30분 간격 강화 | 응급 대응 장비 위치·작동 상태 점검 | 고위험 방문객 (노약자·어린이·임산부) 적극 모니터링 | 기상 변화·밀도 실시간 확인 | 대기 인력 현장 근접 배치 | [우천] 미끄러짐 주의 안내, 낙뢰 위험 시설 대피, 우천 장비 점검 | [야간] 조명 확보 및 시야 불량 구역 안전선 설치, 야간 순찰 강화",이상 징후(쓰러짐·발열·외상) 발견 즉시 위험 단계 상향,놀이터 — 어린이 외상·골절 빈발
F05,반려견놀이터,여유,우천|피크타임,2,0.0797,주의,🟡,0.0606,0.6809,0.2815,0.0375,예방 모니터 1명 + 대기 요원 1명,"구급함, 무전기, 음용수, 그늘막","예방 순찰 30분 간격 강화 | 응급 대응 장비 위치·작동 상태 점검 | 고위험 방문객 (노약자·어린이·임산부) 적극 모니터링 | 기상 변화·밀도 실시간 확인 | 대기 인력 현장 근접 배치 | [우천] 미끄러짐 주의 안내, 낙뢰 위험 시설 대피, 우천 장비 점검",이상 징후(쓰러짐·발열·외상) 발견 즉시 위험 단계 상향,놀이터 — 어린이 외상·골절 빈발
F05,반려견놀이터,여유,강풍|한파,2,0.0497,관찰,🔵,0.0336,0.3958,0.4071,0.1972,순찰 요원 1명,"구급함, 무전기","일반 안전 순찰 60분 간격 유지 | 기상특보·예보 확인 | 방문객 밀도 추이 모니터링 | 비상 연락망 점검 | [한파] 저체온증 위험 모니터링, 실내 대피 공간 운영, 동상 응급처치 키트 배치 | [강풍] 낙하물 위험 구역 통제, 야외 구조물·천막 긴급 점검",기상특보 발령 또는 밀도 > 0.6 시 주의 단계 상향,놀이터 — 어린이 외상·골절 빈발
F05,반려견놀이터,여유,야간|한파,2,0.0495,관찰,🔵,0.0336,0.3001,0.5703,0.1296,순찰 요원 1명,"구급함, 무전기","일반 안전 순찰 60분 간격 유지 | 기상특보·예보 확인 | 방문객 밀도 추이 모니터링 | 비상 연락망 점검 | [한파] 저체온증 위험 모니터링, 실내 대피 공간 운영, 동상 응급처치 키트 배치 | [야간] 조명 확보 및 시야 불량 구역 안전선 설치, 야간 순찰 강화",기상특보 발령 또는 밀도 > 0.6 시 주의 단계 상향,놀이터 — 어린이 외상·골절 빈발
F05,반려견놀이터,여유,피크타임|한파,2,0.0543,관찰,🔵,0.0336,0.2082,0.4347,0.3571,순찰 요원 1명,"구급함, 무전기","일반 안전 순찰 60분 간격 유지 | 기상특보·예보 확인 | 방문객 밀도 추이 모니터링 | 비상 연락망 점검 | [한파] 저체온증 위험 모니터링, 실내 대피 공간 운영, 동상 응급처치 키트 배치",기상특보 발령 또는 밀도 > 0.6 시 주의 단계 상향,놀이터 — 어린이 외상·골절 빈발
F05,반려견놀이터,여유,강풍|야간,2,0.0802,주의,🟡,0.0606,0.5913,0.4077,0.001,예방 모니터 1명 + 대기 요원 1명,"구급함, 무전기, 음용수, 그늘막","예방 순찰 30분 간격 강화 | 응급 대응 장비 위치·작동 상태 점검 | 고위험 방문객 (노약자·어린이·임산부) 적극 모니터링 | 기상 변화·밀도 실시간 확인 | 대기 인력 현장 근접 배치 | [강풍] 낙하물 위험 구역 통제, 야외 구조물·천막 긴급 점검 | [야간] 조명 확보 및 시야 불량 구역 안전선 설치, 야간 순찰 강화",이상 징후(쓰러짐·발열·외상) 발견 즉시 위험 단계 상향,놀이터 — 어린이 외상·골절 빈발
F05,반려견놀이터,여유,강풍|피크타임,2,0.0795,주의,🟡,0.0606,0.6467,0.3422,0.0111,예방 모니터 1명 + 대기 요원 1명,"구급함, 무전기, 음용수, 그늘막","예방 순찰 30분 간격 강화 | 응급 대응 장비 위치·작동 상태 점검 | 고위험 방문객 (노약자·어린이·임산부) 적극 모니터링 | 기상 변화·밀도 실시간 확인 | 대기 인력 현장 근접 배치 | [강풍] 낙하물 위험 구역 통제, 야외 구조물·천막 긴급 점검",이상 징후(쓰러짐·발열·외상) 발견 즉시 위험 단계 상향,놀이터 — 어린이 외상·골절 빈발
F05,반려견놀이터,여유,야간|피크타임,2,0.0737,주의,🟡,0.0606,0.9516,0.0466,0.0017,예방 모니터 1명 + 대기 요원 1명,"구급함, 무전기, 음용수, 그늘막","예방 순찰 30분 간격 강화 | 응급 대응 장비 위치·작동 상태 점검 | 고위험 방문객 (노약자·어린이·임산부) 적극 모니터링 | 기상 변화·밀도 실시간 확인 | 대기 인력 현장 근접 배치 | [야간] 조명 확보 및 시야 불량 구역 안전선 설치, 야간 순찰 강화",이상 징후(쓰러짐·발열·외상) 발견 즉시 위험 단계 상향,놀이터 — 어린이 외상·골절 빈발
F05,반려견놀이터,여유,우천|폭염|한파,3,0.0757,주의,🟡,0.0606,0.895,0.0708,0.0343,예방 모니터 1명 + 대기 요원 1명,"구급함, 무전기, 음용수, 그늘막","예방 순찰 30분 간격 강화 | 응급 대응 장비 위치·작동 상태 점검 | 고위험 방문객 (노약자·어린이·임산부) 적극 모니터링 | 기상 변화·밀도 실시간 확인 | 대기 인력 현장 근접 배치 | [폭염] 그늘·음용수 추가 배치, 열사병 집중 모니터링, 피크타임 야외 자제 권고 | [우천] 미끄러짐 주의 안내, 낙뢰 위험 시설 대피, 우천 장비 점검 | [한파] 저체온증 위험 모니터링, 실내 대피 공간 운영, 동상 응급처치 키트 배치",이상 징후(쓰러짐·발열·외상) 발견 즉시 위험 단계 상향,놀이터 — 어린이 외상·골절 빈발
F05,반려견놀이터,여유,강풍|우천|폭염,3,0.0757,주의,🟡,0.0606,0.895,0.0708,0.0343,예방 모니터 1명 + 대기 요원 1명,"구급함, 무전기, 음용수, 그늘막","예방 순찰 30분 간격 강화 | 응급 대응 장비 위치·작동 상태 점검 | 고위험 방문객 (노약자·어린이·임산부) 적극 모니터링 | 기상 변화·밀도 실시간 확인 | 대기 인력 현장 근접 배치 | [폭염] 그늘·음용수 추가 배치, 열사병 집중 모니터링, 피크타임 야외 자제 권고 | [우천] 미끄러짐 주의 안내, 낙뢰 위험 시설 대피, 우천 장비 점검 | [강풍] 낙하물 위험 구역 통제, 야외 구조물·천막 긴급 점검",이상 징후(쓰러짐·발열·외상) 발견 즉시 위험 단계 상향,놀이터 — 어린이 외상·골절 빈발
F05,반려견놀이터,여유,야간|우천|폭염,3,0.074,주의,🟡,0.0606,0.9693,0.0082,0.0225,예방 모니터 1명 + 대기 요원 1명,"구급함, 무전기, 음용수, 그늘막","예방 순찰 30분 간격 강화 | 응급 대응 장비 위치·작동 상태 점검 | 고위험 방문객 (노약자·어린이·임산부) 적극 모니터링 | 기상 변화·밀도 실시간 확인 | 대기 인력 현장 근접 배치 | [폭염] 그늘·음용수 추가 배치, 열사병 집중 모니터링, 피크타임 야외 자제 권고 | [우천] 미끄러짐 주의 안내, 낙뢰 위험 시설 대피, 우천 장비 점검 | [야간] 조명 확보 및 시야 불량 구역 안전선 설치, 야간 순찰 강화",이상 징후(쓰러짐·발열·외상) 발견 즉시 위험 단계 상향,놀이터 — 어린이 외상·골절 빈발
F05,반려견놀이터,여유,우천|폭염|피크타임,3,0.0841,주의,🟡,0.0606,0.6103,0.2498,0.14,예방 모니터 1명 + 대기 요원 1명,"구급함, 무전기, 음용수, 그늘막","예방 순찰 30분 간격 강화 | 응급 대응 장비 위치·작동 상태 점검 | 고위험 방문객 (노약자·어린이·임산부) 적극 모니터링 | 기상 변화·밀도 실시간 확인 | 대기 인력 현장 근접 배치 | [폭염] 그늘·음용수 추가 배치, 열사병 집중 모니터링, 피크타임 야외 자제 권고 | [우천] 미끄러짐 주의 안내, 낙뢰 위험 시설 대피, 우천 장비 점검",이상 징후(쓰러짐·발열·외상) 발견 즉시 위험 단계 상향,놀이터 — 어린이 외상·골절 빈발
F05,반려견놀이터,여유,강풍|폭염|한파,3,0.0756,주의,🟡,0.0606,0.8915,0.0778,0.0306,예방 모니터 1명 + 대기 요원 1명,"구급함, 무전기, 음용수, 그늘막","예방 순찰 30분 간격 강화 | 응급 대응 장비 위치·작동 상태 점검 | 고위험 방문객 (노약자·어린이·임산부) 적극 모니터링 | 기상 변화·밀도 실시간 확인 | 대기 인력 현장 근접 배치 | [폭염] 그늘·음용수 추가 배치, 열사병 집중 모니터링, 피크타임 야외 자제 권고 | [한파] 저체온증 위험 모니터링, 실내 대피 공간 운영, 동상 응급처치 키트 배치 | [강풍] 낙하물 위험 구역 통제, 야외 구조물·천막 긴급 점검",이상 징후(쓰러짐·발열·외상) 발견 즉시 위험 단계 상향,놀이터 — 어린이 외상·골절 빈발
F05,반려견놀이터,여유,야간|폭염|한파,3,0.0747,주의,🟡,0.0606,0.9446,0.024,0.0314,예방 모니터 1명 + 대기 요원 1명,"구급함, 무전기, 음용수, 그늘막","예방 순찰 30분 간격 강화 | 응급 대응 장비 위치·작동 상태 점검 | 고위험 방문객 (노약자·어린이·임산부) 적극 모니터링 | 기상 변화·밀도 실시간 확인 | 대기 인력 현장 근접 배치 | [폭염] 그늘·음용수 추가 배치, 열사병 집중 모니터링, 피크타임 야외 자제 권고 | [한파] 저체온증 위험 모니터링, 실내 대피 공간 운영, 동상 응급처치 키트 배치 | [야간] 조명 확보 및 시야 불량 구역 안전선 설치, 야간 순찰 강화",이상 징후(쓰러짐·발열·외상) 발견 즉시 위험 단계 상향,놀이터 — 어린이 외상·골절 빈발
F05,반려견놀이터,여유,폭염|피크타임|한파,3,0.0808,주의,🟡,0.0606,0.7113,0.1956,0.093,예방 모니터 1명 + 대기 요원 1명,"구급함, 무전기, 음용수, 그늘막","예방 순찰 30분 간격 강화 | 응급 대응 장비 위치·작동 상태 점검 | 고위험 방문객 (노약자·어린이·임산부) 적극 모니터링 | 기상 변화·밀도 실시간 확인 | 대기 인력 현장 근접 배치 | [폭염] 그늘·음용수 추가 배치, 열사병 집중 모니터링, 피크타임 야외 자제 권고 | [한파] 저체온증 위험 모니터링, 실내 대피 공간 운영, 동상 응급처치 키트 배치",이상 징후(쓰러짐·발열·외상) 발견 즉시 위험 단계 상향,놀이터 — 어린이 외상·골절 빈발
F05,반려견놀이터,여유,강풍|야간|폭염,3,0.0747,주의,🟡,0.0606,0.9446,0.024,0.0314,예방 모니터 1명 + 대기 요원 1명,"구급함, 무전기, 음용수, 그늘막","예방 순찰 30분 간격 강화 | 응급 대응 장비 위치·작동 상태 점검 | 고위험 방문객 (노약자·어린이·임산부) 적극 모니터링 | 기상 변화·밀도 실시간 확인 | 대기 인력 현장 근접 배치 | [폭염] 그늘·음용수 추가 배치, 열사병 집중 모니터링, 피크타임 야외 자제 권고 | [강풍] 낙하물 위험 구역 통제, 야외 구조물·천막 긴급 점검 | [야간] 조명 확보 및 시야 불량 구역 안전선 설치, 야간 순찰 강화",이상 징후(쓰러짐·발열·외상) 발견 즉시 위험 단계 상향,놀이터 — 어린이 외상·골절 빈발
F05,반려견놀이터,여유,강풍|폭염|피크타임,3,0.0808,주의,🟡,0.0606,0.7113,0.1956,0.093,예방 모니터 1명 + 대기 요원 1명,"구급함, 무전기, 음용수, 그늘막","예방 순찰 30분 간격 강화 | 응급 대응 장비 위치·작동 상태 점검 | 고위험 방문객 (노약자·어린이·임산부) 적극 모니터링 | 기상 변화·밀도 실시간 확인 | 대기 인력 현장 근접 배치 | [폭염] 그늘·음용수 추가 배치, 열사병 집중 모니터링, 피크타임 야외 자제 권고 | [강풍] 낙하물 위험 구역 통제, 야외 구조물·천막 긴급 점검",이상 징후(쓰러짐·발열·외상) 발견 즉시 위험 단계 상향,놀이터 — 어린이 외상·골절 빈발
F05,반려견놀이터,여유,야간|폭염|피크타임,3,0.0747,주의,🟡,0.0606,0.9446,0.024,0.0314,예방 모니터 1명 + 대기 요원 1명,"구급함, 무전기, 음용수, 그늘막","예방 순찰 30분 간격 강화 | 응급 대응 장비 위치·작동 상태 점검 | 고위험 방문객 (노약자·어린이·임산부) 적극 모니터링 | 기상 변화·밀도 실시간 확인 | 대기 인력 현장 근접 배치 | [폭염] 그늘·음용수 추가 배치, 열사병 집중 모니터링, 피크타임 야외 자제 권고 | [야간] 조명 확보 및 시야 불량 구역 안전선 설치, 야간 순찰 강화",이상 징후(쓰러짐·발열·외상) 발견 즉시 위험 단계 상향,놀이터 — 어린이 외상·골절 빈발
F05,반려견놀이터,여유,강풍|우천|한파,3,0.086,주의,🟡,0.0606,0.4213,0.4874,0.0912,예방 모니터 1명 + 대기 요원 1명,"구급함, 무전기, 음용수, 그늘막","예방 순찰 30분 간격 강화 | 응급 대응 장비 위치·작동 상태 점검 | 고위험 방문객 (노약자·어린이·임산부) 적극 모니터링 | 기상 변화·밀도 실시간 확인 | 대기 인력 현장 근접 배치 | [우천] 미끄러짐 주의 안내, 낙뢰 위험 시설 대피, 우천 장비 점검 | [한파] 저체온증 위험 모니터링, 실내 대피 공간 운영, 동상 응급처치 키트 배치 | [강풍] 낙하물 위험 구역 통제, 야외 구조물·천막 긴급 점검",이상 징후(쓰러짐·발열·외상) 발견 즉시 위험 단계 상향,놀이터 — 어린이 외상·골절 빈발
F05,반려견놀이터,여유,야간|우천|한파,3,0.0835,주의,🟡,0.0606,0.5491,0.3672,0.0838,예방 모니터 1명 + 대기 요원 1명,"구급함, 무전기, 음용수, 그늘막","예방 순찰 30분 간격 강화 | 응급 대응 장비 위치·작동 상태 점검 | 고위험 방문객 (노약자·어린이·임산부) 적극 모니터링 | 기상 변화·밀도 실시간 확인 | 대기 인력 현장 근접 배치 | [우천] 미끄러짐 주의 안내, 낙뢰 위험 시설 대피, 우천 장비 점검 | [한파] 저체온증 위험 모니터링, 실내 대피 공간 운영, 동상 응급처치 키트 배치 | [야간] 조명 확보 및 시야 불량 구역 안전선 설치, 야간 순찰 강화",이상 징후(쓰러짐·발열·외상) 발견 즉시 위험 단계 상향,놀이터 — 어린이 외상·골절 빈발
F05,반려견놀이터,여유,우천|피크타임|한파,3,0.0936,주의,🟡,0.0606,0.1855,0.6149,0.1996,예방 모니터 1명 + 대기 요원 1명,"구급함, 무전기, 음용수, 그늘막","예방 순찰 30분 간격 강화 | 응급 대응 장비 위치·작동 상태 점검 | 고위험 방문객 (노약자·어린이·임산부) 적극 모니터링 | 기상 변화·밀도 실시간 확인 | 대기 인력 현장 근접 배치 | [우천] 미끄러짐 주의 안내, 낙뢰 위험 시설 대피, 우천 장비 점검 | [한파] 저체온증 위험 모니터링, 실내 대피 공간 운영, 동상 응급처치 키트 배치",이상 징후(쓰러짐·발열·외상) 발견 즉시 위험 단계 상향,놀이터 — 어린이 외상·골절 빈발
F05,반려견놀이터,여유,강풍|야간|우천,3,0.075,주의,🟡,0.0606,0.8795,0.1181,0.0023,예방 모니터 1명 + 대기 요원 1명,"구급함, 무전기, 음용수, 그늘막","예방 순찰 30분 간격 강화 | 응급 대응 장비 위치·작동 상태 점검 | 고위험 방문객 (노약자·어린이·임산부) 적극 모니터링 | 기상 변화·밀도 실시간 확인 | 대기 인력 현장 근접 배치 | [우천] 미끄러짐 주의 안내, 낙뢰 위험 시설 대피, 우천 장비 점검 | [강풍] 낙하물 위험 구역 통제, 야외 구조물·천막 긴급 점검 | [야간] 조명 확보 및 시야 불량 구역 안전선 설치, 야간 순찰 강화",이상 징후(쓰러짐·발열·외상) 발견 즉시 위험 단계 상향,놀이터 — 어린이 외상·골절 빈발
F05,반려견놀이터,여유,강풍|우천|피크타임,3,0.0818,주의,🟡,0.0606,0.5822,0.3694,0.0484,예방 모니터 1명 + 대기 요원 1명,"구급함, 무전기, 음용수, 그늘막","예방 순찰 30분 간격 강화 | 응급 대응 장비 위치·작동 상태 점검 | 고위험 방문객 (노약자·어린이·임산부) 적극 모니터링 | 기상 변화·밀도 실시간 확인 | 대기 인력 현장 근접 배치 | [우천] 미끄러짐 주의 안내, 낙뢰 위험 시설 대피, 우천 장비 점검 | [강풍] 낙하물 위험 구역 통제, 야외 구조물·천막 긴급 점검",이상 징후(쓰러짐·발열·외상) 발견 즉시 위험 단계 상향,놀이터 — 어린이 외상·골절 빈발
F05,반려견놀이터,여유,야간|우천|피크타임,3,0.0737,주의,🟡,0.0606,0.9517,0.044,0.0043,예방 모니터 1명 + 대기 요원 1명,"구급함, 무전기, 음용수, 그늘막","예방 순찰 30분 간격 강화 | 응급 대응 장비 위치·작동 상태 점검 | 고위험 방문객 (노약자·어린이·임산부) 적극 모니터링 | 기상 변화·밀도 실시간 확인 | 대기 인력 현장 근접 배치 | [우천] 미끄러짐 주의 안내, 낙뢰 위험 시설 대피, 우천 장비 점검 | [야간] 조명 확보 및 시야 불량 구역 안전선 설치, 야간 순찰 강화",이상 징후(쓰러짐·발열·외상) 발견 즉시 위험 단계 상향,놀이터 — 어린이 외상·골절 빈발
F05,반려견놀이터,여유,강풍|야간|한파,3,0.0495,관찰,🔵,0.0336,0.3001,0.5703,0.1296,순찰 요원 1명,"구급함, 무전기","일반 안전 순찰 60분 간격 유지 | 기상특보·예보 확인 | 방문객 밀도 추이 모니터링 | 비상 연락망 점검 | [한파] 저체온증 위험 모니터링, 실내 대피 공간 운영, 동상 응급처치 키트 배치 | [강풍] 낙하물 위험 구역 통제, 야외 구조물·천막 긴급 점검 | [야간] 조명 확보 및 시야 불량 구역 안전선 설치, 야간 순찰 강화",기상특보 발령 또는 밀도 > 0.6 시 주의 단계 상향,놀이터 — 어린이 외상·골절 빈발
F05,반려견놀이터,여유,강풍|피크타임|한파,3,0.0543,관찰,🔵,0.0336,0.2082,0.4347,0.3571,순찰 요원 1명,"구급함, 무전기","일반 안전 순찰 60분 간격 유지 | 기상특보·예보 확인 | 방문객 밀도 추이 모니터링 | 비상 연락망 점검 | [한파] 저체온증 위험 모니터링, 실내 대피 공간 운영, 동상 응급처치 키트 배치 | [강풍] 낙하물 위험 구역 통제, 야외 구조물·천막 긴급 점검",기상특보 발령 또는 밀도 > 0.6 시 주의 단계 상향,놀이터 — 어린이 외상·골절 빈발
F05,반려견놀이터,여유,야간|피크타임|한파,3,0.0495,관찰,🔵,0.0336,0.3001,0.5703,0.1296,순찰 요원 1명,"구급함, 무전기","일반 안전 순찰 60분 간격 유지 | 기상특보·예보 확인 | 방문객 밀도 추이 모니터링 | 비상 연락망 점검 | [한파] 저체온증 위험 모니터링, 실내 대피 공간 운영, 동상 응급처치 키트 배치 | [야간] 조명 확보 및 시야 불량 구역 안전선 설치, 야간 순찰 강화",기상특보 발령 또는 밀도 > 0.6 시 주의 단계 상향,놀이터 — 어린이 외상·골절 빈발
F05,반려견놀이터,여유,강풍|야간|피크타임,3,0.0802,주의,🟡,0.0606,0.5913,0.4077,0.001,예방 모니터 1명 + 대기 요원 1명,"구급함, 무전기, 음용수, 그늘막","예방 순찰 30분 간격 강화 | 응급 대응 장비 위치·작동 상태 점검 | 고위험 방문객 (노약자·어린이·임산부) 적극 모니터링 | 기상 변화·밀도 실시간 확인 | 대기 인력 현장 근접 배치 | [강풍] 낙하물 위험 구역 통제, 야외 구조물·천막 긴급 점검 | [야간] 조명 확보 및 시야 불량 구역 안전선 설치, 야간 순찰 강화",이상 징후(쓰러짐·발열·외상) 발견 즉시 위험 단계 상향,놀이터 — 어린이 외상·골절 빈발
F05,반려견놀이터,여유,강풍|우천|폭염|한파,4,0.0757,주의,🟡,0.0606,0.895,0.0708,0.0343,예방 모니터 1명 + 대기 요원 1명,"구급함, 무전기, 음용수, 그늘막","예방 순찰 30분 간격 강화 | 응급 대응 장비 위치·작동 상태 점검 | 고위험 방문객 (노약자·어린이·임산부) 적극 모니터링 | 기상 변화·밀도 실시간 확인 | 대기 인력 현장 근접 배치 | [폭염] 그늘·음용수 추가 배치, 열사병 집중 모니터링, 피크타임 야외 자제 권고 | [우천] 미끄러짐 주의 안내, 낙뢰 위험 시설 대피, 우천 장비 점검 | [한파] 저체온증 위험 모니터링, 실내 대피 공간 운영, 동상 응급처치 키트 배치 | [강풍] 낙하물 위험 구역 통제, 야외 구조물·천막 긴급 점검",이상 징후(쓰러짐·발열·외상) 발견 즉시 위험 단계 상향,놀이터 — 어린이 외상·골절 빈발
F05,반려견놀이터,여유,야간|우천|폭염|한파,4,0.074,주의,🟡,0.0606,0.9693,0.0082,0.0225,예방 모니터 1명 + 대기 요원 1명,"구급함, 무전기, 음용수, 그늘막","예방 순찰 30분 간격 강화 | 응급 대응 장비 위치·작동 상태 점검 | 고위험 방문객 (노약자·어린이·임산부) 적극 모니터링 | 기상 변화·밀도 실시간 확인 | 대기 인력 현장 근접 배치 | [폭염] 그늘·음용수 추가 배치, 열사병 집중 모니터링, 피크타임 야외 자제 권고 | [우천] 미끄러짐 주의 안내, 낙뢰 위험 시설 대피, 우천 장비 점검 | [한파] 저체온증 위험 모니터링, 실내 대피 공간 운영, 동상 응급처치 키트 배치 | [야간] 조명 확보 및 시야 불량 구역 안전선 설치, 야간 순찰 강화",이상 징후(쓰러짐·발열·외상) 발견 즉시 위험 단계 상향,놀이터 — 어린이 외상·골절 빈발
F05,반려견놀이터,여유,우천|폭염|피크타임|한파,4,0.0841,주의,🟡,0.0606,0.6103,0.2498,0.14,예방 모니터 1명 + 대기 요원 1명,"구급함, 무전기, 음용수, 그늘막","예방 순찰 30분 간격 강화 | 응급 대응 장비 위치·작동 상태 점검 | 고위험 방문객 (노약자·어린이·임산부) 적극 모니터링 | 기상 변화·밀도 실시간 확인 | 대기 인력 현장 근접 배치 | [폭염] 그늘·음용수 추가 배치, 열사병 집중 모니터링, 피크타임 야외 자제 권고 | [우천] 미끄러짐 주의 안내, 낙뢰 위험 시설 대피, 우천 장비 점검 | [한파] 저체온증 위험 모니터링, 실내 대피 공간 운영, 동상 응급처치 키트 배치",이상 징후(쓰러짐·발열·외상) 발견 즉시 위험 단계 상향,놀이터 — 어린이 외상·골절 빈발
F05,반려견놀이터,여유,강풍|야간|우천|폭염,4,0.074,주의,🟡,0.0606,0.9693,0.0082,0.0225,예방 모니터 1명 + 대기 요원 1명,"구급함, 무전기, 음용수, 그늘막","예방 순찰 30분 간격 강화 | 응급 대응 장비 위치·작동 상태 점검 | 고위험 방문객 (노약자·어린이·임산부) 적극 모니터링 | 기상 변화·밀도 실시간 확인 | 대기 인력 현장 근접 배치 | [폭염] 그늘·음용수 추가 배치, 열사병 집중 모니터링, 피크타임 야외 자제 권고 | [우천] 미끄러짐 주의 안내, 낙뢰 위험 시설 대피, 우천 장비 점검 | [강풍] 낙하물 위험 구역 통제, 야외 구조물·천막 긴급 점검 | [야간] 조명 확보 및 시야 불량 구역 안전선 설치, 야간 순찰 강화",이상 징후(쓰러짐·발열·외상) 발견 즉시 위험 단계 상향,놀이터 — 어린이 외상·골절 빈발
F05,반려견놀이터,여유,강풍|우천|폭염|피크타임,4,0.0841,주의,🟡,0.0606,0.6103,0.2498,0.14,예방 모니터 1명 + 대기 요원 1명,"구급함, 무전기, 음용수, 그늘막","예방 순찰 30분 간격 강화 | 응급 대응 장비 위치·작동 상태 점검 | 고위험 방문객 (노약자·어린이·임산부) 적극 모니터링 | 기상 변화·밀도 실시간 확인 | 대기 인력 현장 근접 배치 | [폭염] 그늘·음용수 추가 배치, 열사병 집중 모니터링, 피크타임 야외 자제 권고 | [우천] 미끄러짐 주의 안내, 낙뢰 위험 시설 대피, 우천 장비 점검 | [강풍] 낙하물 위험 구역 통제, 야외 구조물·천막 긴급 점검",이상 징후(쓰러짐·발열·외상) 발견 즉시 위험 단계 상향,놀이터 — 어린이 외상·골절 빈발
F05,반려견놀이터,여유,야간|우천|폭염|피크타임,4,0.074,주의,🟡,0.0606,0.9693,0.0082,0.0225,예방 모니터 1명 + 대기 요원 1명,"구급함, 무전기, 음용수, 그늘막","예방 순찰 30분 간격 강화 | 응급 대응 장비 위치·작동 상태 점검 | 고위험 방문객 (노약자·어린이·임산부) 적극 모니터링 | 기상 변화·밀도 실시간 확인 | 대기 인력 현장 근접 배치 | [폭염] 그늘·음용수 추가 배치, 열사병 집중 모니터링, 피크타임 야외 자제 권고 | [우천] 미끄러짐 주의 안내, 낙뢰 위험 시설 대피, 우천 장비 점검 | [야간] 조명 확보 및 시야 불량 구역 안전선 설치, 야간 순찰 강화",이상 징후(쓰러짐·발열·외상) 발견 즉시 위험 단계 상향,놀이터 — 어린이 외상·골절 빈발
F05,반려견놀이터,여유,강풍|야간|폭염|한파,4,0.0747,주의,🟡,0.0606,0.9446,0.024,0.0314,예방 모니터 1명 + 대기 요원 1명,"구급함, 무전기, 음용수, 그늘막","예방 순찰 30분 간격 강화 | 응급 대응 장비 위치·작동 상태 점검 | 고위험 방문객 (노약자·어린이·임산부) 적극 모니터링 | 기상 변화·밀도 실시간 확인 | 대기 인력 현장 근접 배치 | [폭염] 그늘·음용수 추가 배치, 열사병 집중 모니터링, 피크타임 야외 자제 권고 | [한파] 저체온증 위험 모니터링, 실내 대피 공간 운영, 동상 응급처치 키트 배치 | [강풍] 낙하물 위험 구역 통제, 야외 구조물·천막 긴급 점검 | [야간] 조명 확보 및 시야 불량 구역 안전선 설치, 야간 순찰 강화",이상 징후(쓰러짐·발열·외상) 발견 즉시 위험 단계 상향,놀이터 — 어린이 외상·골절 빈발
F05,반려견놀이터,여유,강풍|폭염|피크타임|한파,4,0.0808,주의,🟡,0.0606,0.7113,0.1956,0.093,예방 모니터 1명 + 대기 요원 1명,"구급함, 무전기, 음용수, 그늘막","예방 순찰 30분 간격 강화 | 응급 대응 장비 위치·작동 상태 점검 | 고위험 방문객 (노약자·어린이·임산부) 적극 모니터링 | 기상 변화·밀도 실시간 확인 | 대기 인력 현장 근접 배치 | [폭염] 그늘·음용수 추가 배치, 열사병 집중 모니터링, 피크타임 야외 자제 권고 | [한파] 저체온증 위험 모니터링, 실내 대피 공간 운영, 동상 응급처치 키트 배치 | [강풍] 낙하물 위험 구역 통제, 야외 구조물·천막 긴급 점검",이상 징후(쓰러짐·발열·외상) 발견 즉시 위험 단계 상향,놀이터 — 어린이 외상·골절 빈발
F05,반려견놀이터,여유,야간|폭염|피크타임|한파,4,0.0747,주의,🟡,0.0606,0.9446,0.024,0.0314,예방 모니터 1명 + 대기 요원 1명,"구급함, 무전기, 음용수, 그늘막","예방 순찰 30분 간격 강화 | 응급 대응 장비 위치·작동 상태 점검 | 고위험 방문객 (노약자·어린이·임산부) 적극 모니터링 | 기상 변화·밀도 실시간 확인 | 대기 인력 현장 근접 배치 | [폭염] 그늘·음용수 추가 배치, 열사병 집중 모니터링, 피크타임 야외 자제 권고 | [한파] 저체온증 위험 모니터링, 실내 대피 공간 운영, 동상 응급처치 키트 배치 | [야간] 조명 확보 및 시야 불량 구역 안전선 설치, 야간 순찰 강화",이상 징후(쓰러짐·발열·외상) 발견 즉시 위험 단계 상향,놀이터 — 어린이 외상·골절 빈발
F05,반려견놀이터,여유,강풍|야간|폭염|피크타임,4,0.0747,주의,🟡,0.0606,0.9446,0.024,0.0314,예방 모니터 1명 + 대기 요원 1명,"구급함, 무전기, 음용수, 그늘막","예방 순찰 30분 간격 강화 | 응급 대응 장비 위치·작동 상태 점검 | 고위험 방문객 (노약자·어린이·임산부) 적극 모니터링 | 기상 변화·밀도 실시간 확인 | 대기 인력 현장 근접 배치 | [폭염] 그늘·음용수 추가 배치, 열사병 집중 모니터링, 피크타임 야외 자제 권고 | [강풍] 낙하물 위험 구역 통제, 야외 구조물·천막 긴급 점검 | [야간] 조명 확보 및 시야 불량 구역 안전선 설치, 야간 순찰 강화",이상 징후(쓰러짐·발열·외상) 발견 즉시 위험 단계 상향,놀이터 — 어린이 외상·골절 빈발
F05,반려견놀이터,여유,강풍|야간|우천|한파,4,0.0835,주의,🟡,0.0606,0.5491,0.3672,0.0838,예방 모니터 1명 + 대기 요원 1명,"구급함, 무전기, 음용수, 그늘막","예방 순찰 30분 간격 강화 | 응급 대응 장비 위치·작동 상태 점검 | 고위험 방문객 (노약자·어린이·임산부) 적극 모니터링 | 기상 변화·밀도 실시간 확인 | 대기 인력 현장 근접 배치 | [우천] 미끄러짐 주의 안내, 낙뢰 위험 시설 대피, 우천 장비 점검 | [한파] 저체온증 위험 모니터링, 실내 대피 공간 운영, 동상 응급처치 키트 배치 | [강풍] 낙하물 위험 구역 통제, 야외 구조물·천막 긴급 점검 | [야간] 조명 확보 및 시야 불량 구역 안전선 설치, 야간 순찰 강화",이상 징후(쓰러짐·발열·외상) 발견 즉시 위험 단계 상향,놀이터 — 어린이 외상·골절 빈발
F05,반려견놀이터,여유,강풍|우천|피크타임|한파,4,0.0936,주의,🟡,0.0606,0.1855,0.6149,0.1996,예방 모니터 1명 + 대기 요원 1명,"구급함, 무전기, 음용수, 그늘막","예방 순찰 30분 간격 강화 | 응급 대응 장비 위치·작동 상태 점검 | 고위험 방문객 (노약자·어린이·임산부) 적극 모니터링 | 기상 변화·밀도 실시간 확인 | 대기 인력 현장 근접 배치 | [우천] 미끄러짐 주의 안내, 낙뢰 위험 시설 대피, 우천 장비 점검 | [한파] 저체온증 위험 모니터링, 실내 대피 공간 운영, 동상 응급처치 키트 배치 | [강풍] 낙하물 위험 구역 통제, 야외 구조물·천막 긴급 점검",이상 징후(쓰러짐·발열·외상) 발견 즉시 위험 단계 상향,놀이터 — 어린이 외상·골절 빈발
F05,반려견놀이터,여유,야간|우천|피크타임|한파,4,0.0835,주의,🟡,0.0606,0.5491,0.3672,0.0838,예방 모니터 1명 + 대기 요원 1명,"구급함, 무전기, 음용수, 그늘막","예방 순찰 30분 간격 강화 | 응급 대응 장비 위치·작동 상태 점검 | 고위험 방문객 (노약자·어린이·임산부) 적극 모니터링 | 기상 변화·밀도 실시간 확인 | 대기 인력 현장 근접 배치 | [우천] 미끄러짐 주의 안내, 낙뢰 위험 시설 대피, 우천 장비 점검 | [한파] 저체온증 위험 모니터링, 실내 대피 공간 운영, 동상 응급처치 키트 배치 | [야간] 조명 확보 및 시야 불량 구역 안전선 설치, 야간 순찰 강화",이상 징후(쓰러짐·발열·외상) 발견 즉시 위험 단계 상향,놀이터 — 어린이 외상·골절 빈발
F05,반려견놀이터,여유,강풍|야간|우천|피크타임,4,0.075,주의,🟡,0.0606,0.8795,0.1181,0.0023,예방 모니터 1명 + 대기 요원 1명,"구급함, 무전기, 음용수, 그늘막","예방 순찰 30분 간격 강화 | 응급 대응 장비 위치·작동 상태 점검 | 고위험 방문객 (노약자·어린이·임산부) 적극 모니터링 | 기상 변화·밀도 실시간 확인 | 대기 인력 현장 근접 배치 | [우천] 미끄러짐 주의 안내, 낙뢰 위험 시설 대피, 우천 장비 점검 | [강풍] 낙하물 위험 구역 통제, 야외 구조물·천막 긴급 점검 | [야간] 조명 확보 및 시야 불량 구역 안전선 설치, 야간 순찰 강화",이상 징후(쓰러짐·발열·외상) 발견 즉시 위험 단계 상향,놀이터 — 어린이 외상·골절 빈발
F05,반려견놀이터,여유,강풍|야간|피크타임|한파,4,0.0495,관찰,🔵,0.0336,0.3001,0.5703,0.1296,순찰 요원 1명,"구급함, 무전기","일반 안전 순찰 60분 간격 유지 | 기상특보·예보 확인 | 방문객 밀도 추이 모니터링 | 비상 연락망 점검 | [한파] 저체온증 위험 모니터링, 실내 대피 공간 운영, 동상 응급처치 키트 배치 | [강풍] 낙하물 위험 구역 통제, 야외 구조물·천막 긴급 점검 | [야간] 조명 확보 및 시야 불량 구역 안전선 설치, 야간 순찰 강화",기상특보 발령 또는 밀도 > 0.6 시 주의 단계 상향,놀이터 — 어린이 외상·골절 빈발
F05,반려견놀이터,여유,강풍|야간|우천|폭염|한파,5,0.074,주의,🟡,0.0606,0.9693,0.0082,0.0225,예방 모니터 1명 + 대기 요원 1명,"구급함, 무전기, 음용수, 그늘막","예방 순찰 30분 간격 강화 | 응급 대응 장비 위치·작동 상태 점검 | 고위험 방문객 (노약자·어린이·임산부) 적극 모니터링 | 기상 변화·밀도 실시간 확인 | 대기 인력 현장 근접 배치 | [폭염] 그늘·음용수 추가 배치, 열사병 집중 모니터링, 피크타임 야외 자제 권고 | [우천] 미끄러짐 주의 안내, 낙뢰 위험 시설 대피, 우천 장비 점검 | [한파] 저체온증 위험 모니터링, 실내 대피 공간 운영, 동상 응급처치 키트 배치 | [강풍] 낙하물 위험 구역 통제, 야외 구조물·천막 긴급 점검 | [야간] 조명 확보 및 시야 불량 구역 안전선 설치, 야간 순찰 강화",이상 징후(쓰러짐·발열·외상) 발견 즉시 위험 단계 상향,놀이터 — 어린이 외상·골절 빈발
F05,반려견놀이터,여유,강풍|우천|폭염|피크타임|한파,5,0.0841,주의,🟡,0.0606,0.6103,0.2498,0.14,예방 모니터 1명 + 대기 요원 1명,"구급함, 무전기, 음용수, 그늘막","예방 순찰 30분 간격 강화 | 응급 대응 장비 위치·작동 상태 점검 | 고위험 방문객 (노약자·어린이·임산부) 적극 모니터링 | 기상 변화·밀도 실시간 확인 | 대기 인력 현장 근접 배치 | [폭염] 그늘·음용수 추가 배치, 열사병 집중 모니터링, 피크타임 야외 자제 권고 | [우천] 미끄러짐 주의 안내, 낙뢰 위험 시설 대피, 우천 장비 점검 | [한파] 저체온증 위험 모니터링, 실내 대피 공간 운영, 동상 응급처치 키트 배치 | [강풍] 낙하물 위험 구역 통제, 야외 구조물·천막 긴급 점검",이상 징후(쓰러짐·발열·외상) 발견 즉시 위험 단계 상향,놀이터 — 어린이 외상·골절 빈발
F05,반려견놀이터,여유,야간|우천|폭염|피크타임|한파,5,0.074,주의,🟡,0.0606,0.9693,0.0082,0.0225,예방 모니터 1명 + 대기 요원 1명,"구급함, 무전기, 음용수, 그늘막","예방 순찰 30분 간격 강화 | 응급 대응 장비 위치·작동 상태 점검 | 고위험 방문객 (노약자·어린이·임산부) 적극 모니터링 | 기상 변화·밀도 실시간 확인 | 대기 인력 현장 근접 배치 | [폭염] 그늘·음용수 추가 배치, 열사병 집중 모니터링, 피크타임 야외 자제 권고 | [우천] 미끄러짐 주의 안내, 낙뢰 위험 시설 대피, 우천 장비 점검 | [한파] 저체온증 위험 모니터링, 실내 대피 공간 운영, 동상 응급처치 키트 배치 | [야간] 조명 확보 및 시야 불량 구역 안전선 설치, 야간 순찰 강화",이상 징후(쓰러짐·발열·외상) 발견 즉시 위험 단계 상향,놀이터 — 어린이 외상·골절 빈발
F05,반려견놀이터,여유,강풍|야간|우천|폭염|피크타임,5,0.074,주의,🟡,0.0606,0.9693,0.0082,0.0225,예방 모니터 1명 + 대기 요원 1명,"구급함, 무전기, 음용수, 그늘막","예방 순찰 30분 간격 강화 | 응급 대응 장비 위치·작동 상태 점검 | 고위험 방문객 (노약자·어린이·임산부) 적극 모니터링 | 기상 변화·밀도 실시간 확인 | 대기 인력 현장 근접 배치 | [폭염] 그늘·음용수 추가 배치, 열사병 집중 모니터링, 피크타임 야외 자제 권고 | [우천] 미끄러짐 주의 안내, 낙뢰 위험 시설 대피, 우천 장비 점검 | [강풍] 낙하물 위험 구역 통제, 야외 구조물·천막 긴급 점검 | [야간] 조명 확보 및 시야 불량 구역 안전선 설치, 야간 순찰 강화",이상 징후(쓰러짐·발열·외상) 발견 즉시 위험 단계 상향,놀이터 — 어린이 외상·골절 빈발
F05,반려견놀이터,여유,강풍|야간|폭염|피크타임|한파,5,0.0747,주의,🟡,0.0606,0.9446,0.024,0.0314,예방 모니터 1명 + 대기 요원 1명,"구급함, 무전기, 음용수, 그늘막","예방 순찰 30분 간격 강화 | 응급 대응 장비 위치·작동 상태 점검 | 고위험 방문객 (노약자·어린이·임산부) 적극 모니터링 | 기상 변화·밀도 실시간 확인 | 대기 인력 현장 근접 배치 | [폭염] 그늘·음용수 추가 배치, 열사병 집중 모니터링, 피크타임 야외 자제 권고 | [한파] 저체온증 위험 모니터링, 실내 대피 공간 운영, 동상 응급처치 키트 배치 | [강풍] 낙하물 위험 구역 통제, 야외 구조물·천막 긴급 점검 | [야간] 조명 확보 및 시야 불량 구역 안전선 설치, 야간 순찰 강화",이상 징후(쓰러짐·발열·외상) 발견 즉시 위험 단계 상향,놀이터 — 어린이 외상·골절 빈발
F05,반려견놀이터,여유,강풍|야간|우천|피크타임|한파,5,0.0835,주의,🟡,0.0606,0.5491,0.3672,0.0838,예방 모니터 1명 + 대기 요원 1명,"구급함, 무전기, 음용수, 그늘막","예방 순찰 30분 간격 강화 | 응급 대응 장비 위치·작동 상태 점검 | 고위험 방문객 (노약자·어린이·임산부) 적극 모니터링 | 기상 변화·밀도 실시간 확인 | 대기 인력 현장 근접 배치 | [우천] 미끄러짐 주의 안내, 낙뢰 위험 시설 대피, 우천 장비 점검 | [한파] 저체온증 위험 모니터링, 실내 대피 공간 운영, 동상 응급처치 키트 배치 | [강풍] 낙하물 위험 구역 통제, 야외 구조물·천막 긴급 점검 | [야간] 조명 확보 및 시야 불량 구역 안전선 설치, 야간 순찰 강화",이상 징후(쓰러짐·발열·외상) 발견 즉시 위험 단계 상향,놀이터 — 어린이 외상·골절 빈발
F05,반려견놀이터,여유,강풍|야간|우천|폭염|피크타임|한파,6,0.074,주의,🟡,0.0606,0.9693,0.0082,0.0225,예방 모니터 1명 + 대기 요원 1명,"구급함, 무전기, 음용수, 그늘막","예방 순찰 30분 간격 강화 | 응급 대응 장비 위치·작동 상태 점검 | 고위험 방문객 (노약자·어린이·임산부) 적극 모니터링 | 기상 변화·밀도 실시간 확인 | 대기 인력 현장 근접 배치 | [폭염] 그늘·음용수 추가 배치, 열사병 집중 모니터링, 피크타임 야외 자제 권고 | [우천] 미끄러짐 주의 안내, 낙뢰 위험 시설 대피, 우천 장비 점검 | [한파] 저체온증 위험 모니터링, 실내 대피 공간 운영, 동상 응급처치 키트 배치 | [강풍] 낙하물 위험 구역 통제, 야외 구조물·천막 긴급 점검 | [야간] 조명 확보 및 시야 불량 구역 안전선 설치, 야간 순찰 강화",이상 징후(쓰러짐·발열·외상) 발견 즉시 위험 단계 상향,놀이터 — 어린이 외상·골절 빈발
F05,반려견놀이터,보통,없음,0,0.1396,주의,🟡,0.0969,0.2277,0.7523,0.02,예방 모니터 1명 + 대기 요원 1명,"구급함, 무전기, 음용수, 그늘막",예방 순찰 30분 간격 강화 | 응급 대응 장비 위치·작동 상태 점검 | 고위험 방문객 (노약자·어린이·임산부) 적극 모니터링 | 기상 변화·밀도 실시간 확인 | 대기 인력 현장 근접 배치,이상 징후(쓰러짐·발열·외상) 발견 즉시 위험 단계 상향,놀이터 — 어린이 외상·골절 빈발
F05,반려견놀이터,보통,폭염,1,0.1429,주의,🟡,0.1058,0.6589,0.245,0.0961,예방 모니터 1명 + 대기 요원 1명,"구급함, 무전기, 음용수, 그늘막","예방 순찰 30분 간격 강화 | 응급 대응 장비 위치·작동 상태 점검 | 고위험 방문객 (노약자·어린이·임산부) 적극 모니터링 | 기상 변화·밀도 실시간 확인 | 대기 인력 현장 근접 배치 | [폭염] 그늘·음용수 추가 배치, 열사병 집중 모니터링, 피크타임 야외 자제 권고",이상 징후(쓰러짐·발열·외상) 발견 즉시 위험 단계 상향,놀이터 — 어린이 외상·골절 빈발
F05,반려견놀이터,보통,우천,1,0.1811,위험,🔴,0.0969,0.0884,0.1187,0.7929,대응팀장 1명 + 응급처치 요원 2명 이상,"AED, 들것, 응급의약품, 무전기, 안전펜스","응급 대응팀 즉시 현장 파견 | 응급 장비 준비 (AED, 들것, 응급의약품 키트) | 방문객 안전구역 유도 및 해당 시설 일시 폐쇄 검토 | 119 사전 연락 및 대기 지시 | 관리자·시설장 즉시 보고 | [우천] 미끄러짐 주의 안내, 낙뢰 위험 시설 대피, 우천 장비 점검",P(중증) > 0.30 → 119 즉시 출동 요청 / 의식 불명 → 헬기 이송 검토,놀이터 — 어린이 외상·골절 빈발
F05,반려견놀이터,보통,한파,1,0.1435,주의,🟡,0.0969,0.2873,0.5776,0.1351,예방 모니터 1명 + 대기 요원 1명,"구급함, 무전기, 음용수, 그늘막","예방 순찰 30분 간격 강화 | 응급 대응 장비 위치·작동 상태 점검 | 고위험 방문객 (노약자·어린이·임산부) 적극 모니터링 | 기상 변화·밀도 실시간 확인 | 대기 인력 현장 근접 배치 | [한파] 저체온증 위험 모니터링, 실내 대피 공간 운영, 동상 응급처치 키트 배치",이상 징후(쓰러짐·발열·외상) 발견 즉시 위험 단계 상향,놀이터 — 어린이 외상·골절 빈발
F05,반려견놀이터,보통,강풍,1,0.1274,주의,🟡,0.0969,0.6486,0.3322,0.0192,예방 모니터 1명 + 대기 요원 1명,"구급함, 무전기, 음용수, 그늘막","예방 순찰 30분 간격 강화 | 응급 대응 장비 위치·작동 상태 점검 | 고위험 방문객 (노약자·어린이·임산부) 적극 모니터링 | 기상 변화·밀도 실시간 확인 | 대기 인력 현장 근접 배치 | [강풍] 낙하물 위험 구역 통제, 야외 구조물·천막 긴급 점검",이상 징후(쓰러짐·발열·외상) 발견 즉시 위험 단계 상향,놀이터 — 어린이 외상·골절 빈발
F05,반려견놀이터,보통,야간,1,0.1384,주의,🟡,0.0969,0.2935,0.6729,0.0336,예방 모니터 1명 + 대기 요원 1명,"구급함, 무전기, 음용수, 그늘막","예방 순찰 30분 간격 강화 | 응급 대응 장비 위치·작동 상태 점검 | 고위험 방문객 (노약자·어린이·임산부) 적극 모니터링 | 기상 변화·밀도 실시간 확인 | 대기 인력 현장 근접 배치 | [야간] 조명 확보 및 시야 불량 구역 안전선 설치, 야간 순찰 강화",이상 징후(쓰러짐·발열·외상) 발견 즉시 위험 단계 상향,놀이터 — 어린이 외상·골절 빈발
F05,반려견놀이터,보통,피크타임,1,0.1271,주의,🟡,0.0969,0.708,0.2427,0.0493,예방 모니터 1명 + 대기 요원 1명,"구급함, 무전기, 음용수, 그늘막",예방 순찰 30분 간격 강화 | 응급 대응 장비 위치·작동 상태 점검 | 고위험 방문객 (노약자·어린이·임산부) 적극 모니터링 | 기상 변화·밀도 실시간 확인 | 대기 인력 현장 근접 배치,이상 징후(쓰러짐·발열·외상) 발견 즉시 위험 단계 상향,놀이터 — 어린이 외상·골절 빈발
F05,반려견놀이터,보통,우천|폭염,2,0.1956,위험,🔴,0.1058,0.1543,0.056,0.7897,대응팀장 1명 + 응급처치 요원 2명 이상,"AED, 들것, 응급의약품, 무전기, 안전펜스","응급 대응팀 즉시 현장 파견 | 응급 장비 준비 (AED, 들것, 응급의약품 키트) | 방문객 안전구역 유도 및 해당 시설 일시 폐쇄 검토 | 119 사전 연락 및 대기 지시 | 관리자·시설장 즉시 보고 | [폭염] 그늘·음용수 추가 배치, 열사병 집중 모니터링, 피크타임 야외 자제 권고 | [우천] 미끄러짐 주의 안내, 낙뢰 위험 시설 대피, 우천 장비 점검",P(중증) > 0.30 → 119 즉시 출동 요청 / 의식 불명 → 헬기 이송 검토,놀이터 — 어린이 외상·골절 빈발
F05,반려견놀이터,보통,폭염|한파,2,0.1429,주의,🟡,0.1058,0.6589,0.245,0.0961,예방 모니터 1명 + 대기 요원 1명,"구급함, 무전기, 음용수, 그늘막","예방 순찰 30분 간격 강화 | 응급 대응 장비 위치·작동 상태 점검 | 고위험 방문객 (노약자·어린이·임산부) 적극 모니터링 | 기상 변화·밀도 실시간 확인 | 대기 인력 현장 근접 배치 | [폭염] 그늘·음용수 추가 배치, 열사병 집중 모니터링, 피크타임 야외 자제 권고 | [한파] 저체온증 위험 모니터링, 실내 대피 공간 운영, 동상 응급처치 키트 배치",이상 징후(쓰러짐·발열·외상) 발견 즉시 위험 단계 상향,놀이터 — 어린이 외상·골절 빈발
F05,반려견놀이터,보통,강풍|폭염,2,0.1429,주의,🟡,0.1058,0.6589,0.245,0.0961,예방 모니터 1명 + 대기 요원 1명,"구급함, 무전기, 음용수, 그늘막","예방 순찰 30분 간격 강화 | 응급 대응 장비 위치·작동 상태 점검 | 고위험 방문객 (노약자·어린이·임산부) 적극 모니터링 | 기상 변화·밀도 실시간 확인 | 대기 인력 현장 근접 배치 | [폭염] 그늘·음용수 추가 배치, 열사병 집중 모니터링, 피크타임 야외 자제 권고 | [강풍] 낙하물 위험 구역 통제, 야외 구조물·천막 긴급 점검",이상 징후(쓰러짐·발열·외상) 발견 즉시 위험 단계 상향,놀이터 — 어린이 외상·골절 빈발
F05,반려견놀이터,보통,야간|폭염,2,0.1338,주의,🟡,0.1058,0.8891,0.0486,0.0623,예방 모니터 1명 + 대기 요원 1명,"구급함, 무전기, 음용수, 그늘막","예방 순찰 30분 간격 강화 | 응급 대응 장비 위치·작동 상태 점검 | 고위험 방문객 (노약자·어린이·임산부) 적극 모니터링 | 기상 변화·밀도 실시간 확인 | 대기 인력 현장 근접 배치 | [폭염] 그늘·음용수 추가 배치, 열사병 집중 모니터링, 피크타임 야외 자제 권고 | [야간] 조명 확보 및 시야 불량 구역 안전선 설치, 야간 순찰 강화",이상 징후(쓰러짐·발열·외상) 발견 즉시 위험 단계 상향,놀이터 — 어린이 외상·골절 빈발
F05,반려견놀이터,보통,폭염|피크타임,2,0.1396,주의,🟡,0.1058,0.7768,0.1186,0.1046,예방 모니터 1명 + 대기 요원 1명,"구급함, 무전기, 음용수, 그늘막","예방 순찰 30분 간격 강화 | 응급 대응 장비 위치·작동 상태 점검 | 고위험 방문객 (노약자·어린이·임산부) 적극 모니터링 | 기상 변화·밀도 실시간 확인 | 대기 인력 현장 근접 배치 | [폭염] 그늘·음용수 추가 배치, 열사병 집중 모니터링, 피크타임 야외 자제 권고",이상 징후(쓰러짐·발열·외상) 발견 즉시 위험 단계 상향,놀이터 — 어린이 외상·골절 빈발
F05,반려견놀이터,보통,우천|한파,2,0.177,위험,🔴,0.0969,0.092,0.1978,0.7102,대응팀장 1명 + 응급처치 요원 2명 이상,"AED, 들것, 응급의약품, 무전기, 안전펜스","응급 대응팀 즉시 현장 파견 | 응급 장비 준비 (AED, 들것, 응급의약품 키트) | 방문객 안전구역 유도 및 해당 시설 일시 폐쇄 검토 | 119 사전 연락 및 대기 지시 | 관리자·시설장 즉시 보고 | [우천] 미끄러짐 주의 안내, 낙뢰 위험 시설 대피, 우천 장비 점검 | [한파] 저체온증 위험 모니터링, 실내 대피 공간 운영, 동상 응급처치 키트 배치",P(중증) > 0.30 → 119 즉시 출동 요청 / 의식 불명 → 헬기 이송 검토,놀이터 — 어린이 외상·골절 빈발
F05,반려견놀이터,보통,강풍|우천,2,0.1699,위험,🔴,0.0969,0.2025,0.1673,0.6302,대응팀장 1명 + 응급처치 요원 2명 이상,"AED, 들것, 응급의약품, 무전기, 안전펜스","응급 대응팀 즉시 현장 파견 | 응급 장비 준비 (AED, 들것, 응급의약품 키트) | 방문객 안전구역 유도 및 해당 시설 일시 폐쇄 검토 | 119 사전 연락 및 대기 지시 | 관리자·시설장 즉시 보고 | [우천] 미끄러짐 주의 안내, 낙뢰 위험 시설 대피, 우천 장비 점검 | [강풍] 낙하물 위험 구역 통제, 야외 구조물·천막 긴급 점검",P(중증) > 0.30 → 119 즉시 출동 요청 / 의식 불명 → 헬기 이송 검토,놀이터 — 어린이 외상·골절 빈발
F05,반려견놀이터,보통,야간|우천,2,0.1734,위험,🔴,0.0969,0.2073,0.0876,0.7052,대응팀장 1명 + 응급처치 요원 2명 이상,"AED, 들것, 응급의약품, 무전기, 안전펜스","응급 대응팀 즉시 현장 파견 | 응급 장비 준비 (AED, 들것, 응급의약품 키트) | 방문객 안전구역 유도 및 해당 시설 일시 폐쇄 검토 | 119 사전 연락 및 대기 지시 | 관리자·시설장 즉시 보고 | [우천] 미끄러짐 주의 안내, 낙뢰 위험 시설 대피, 우천 장비 점검 | [야간] 조명 확보 및 시야 불량 구역 안전선 설치, 야간 순찰 강화",P(중증) > 0.30 → 119 즉시 출동 요청 / 의식 불명 → 헬기 이송 검토,놀이터 — 어린이 외상·골절 빈발
F05,반려견놀이터,보통,우천|피크타임,2,0.1836,위험,🔴,0.0969,0.1143,0.0262,0.8594,대응팀장 1명 + 응급처치 요원 2명 이상,"AED, 들것, 응급의약품, 무전기, 안전펜스","응급 대응팀 즉시 현장 파견 | 응급 장비 준비 (AED, 들것, 응급의약품 키트) | 방문객 안전구역 유도 및 해당 시설 일시 폐쇄 검토 | 119 사전 연락 및 대기 지시 | 관리자·시설장 즉시 보고 | [우천] 미끄러짐 주의 안내, 낙뢰 위험 시설 대피, 우천 장비 점검",P(중증) > 0.30 → 119 즉시 출동 요청 / 의식 불명 → 헬기 이송 검토,놀이터 — 어린이 외상·골절 빈발
F05,반려견놀이터,보통,강풍|한파,2,0.1435,주의,🟡,0.0969,0.2873,0.5776,0.1351,예방 모니터 1명 + 대기 요원 1명,"구급함, 무전기, 음용수, 그늘막","예방 순찰 30분 간격 강화 | 응급 대응 장비 위치·작동 상태 점검 | 고위험 방문객 (노약자·어린이·임산부) 적극 모니터링 | 기상 변화·밀도 실시간 확인 | 대기 인력 현장 근접 배치 | [한파] 저체온증 위험 모니터링, 실내 대피 공간 운영, 동상 응급처치 키트 배치 | [강풍] 낙하물 위험 구역 통제, 야외 구조물·천막 긴급 점검",이상 징후(쓰러짐·발열·외상) 발견 즉시 위험 단계 상향,놀이터 — 어린이 외상·골절 빈발
F05,반려견놀이터,보통,야간|한파,2,0.1316,주의,🟡,0.0969,0.5596,0.3869,0.0535,예방 모니터 1명 + 대기 요원 1명,"구급함, 무전기, 음용수, 그늘막","예방 순찰 30분 간격 강화 | 응급 대응 장비 위치·작동 상태 점검 | 고위험 방문객 (노약자·어린이·임산부) 적극 모니터링 | 기상 변화·밀도 실시간 확인 | 대기 인력 현장 근접 배치 | [한파] 저체온증 위험 모니터링, 실내 대피 공간 운영, 동상 응급처치 키트 배치 | [야간] 조명 확보 및 시야 불량 구역 안전선 설치, 야간 순찰 강화",이상 징후(쓰러짐·발열·외상) 발견 즉시 위험 단계 상향,놀이터 — 어린이 외상·골절 빈발
F05,반려견놀이터,보통,피크타임|한파,2,0.1411,주의,🟡,0.0969,0.3834,0.4723,0.1443,예방 모니터 1명 + 대기 요원 1명,"구급함, 무전기, 음용수, 그늘막","예방 순찰 30분 간격 강화 | 응급 대응 장비 위치·작동 상태 점검 | 고위험 방문객 (노약자·어린이·임산부) 적극 모니터링 | 기상 변화·밀도 실시간 확인 | 대기 인력 현장 근접 배치 | [한파] 저체온증 위험 모니터링, 실내 대피 공간 운영, 동상 응급처치 키트 배치",이상 징후(쓰러짐·발열·외상) 발견 즉시 위험 단계 상향,놀이터 — 어린이 외상·골절 빈발
F05,반려견놀이터,보통,강풍|야간,2,0.1232,주의,🟡,0.0969,0.7653,0.2314,0.0033,예방 모니터 1명 + 대기 요원 1명,"구급함, 무전기, 음용수, 그늘막","예방 순찰 30분 간격 강화 | 응급 대응 장비 위치·작동 상태 점검 | 고위험 방문객 (노약자·어린이·임산부) 적극 모니터링 | 기상 변화·밀도 실시간 확인 | 대기 인력 현장 근접 배치 | [강풍] 낙하물 위험 구역 통제, 야외 구조물·천막 긴급 점검 | [야간] 조명 확보 및 시야 불량 구역 안전선 설치, 야간 순찰 강화",이상 징후(쓰러짐·발열·외상) 발견 즉시 위험 단계 상향,놀이터 — 어린이 외상·골절 빈발
F05,반려견놀이터,보통,강풍|피크타임,2,0.1219,주의,🟡,0.0969,0.8401,0.1386,0.0213,예방 모니터 1명 + 대기 요원 1명,"구급함, 무전기, 음용수, 그늘막","예방 순찰 30분 간격 강화 | 응급 대응 장비 위치·작동 상태 점검 | 고위험 방문객 (노약자·어린이·임산부) 적극 모니터링 | 기상 변화·밀도 실시간 확인 | 대기 인력 현장 근접 배치 | [강풍] 낙하물 위험 구역 통제, 야외 구조물·천막 긴급 점검",이상 징후(쓰러짐·발열·외상) 발견 즉시 위험 단계 상향,놀이터 — 어린이 외상·골절 빈발
F05,반려견놀이터,보통,야간|피크타임,2,0.1384,주의,🟡,0.0969,0.2935,0.6729,0.0336,예방 모니터 1명 + 대기 요원 1명,"구급함, 무전기, 음용수, 그늘막","예방 순찰 30분 간격 강화 | 응급 대응 장비 위치·작동 상태 점검 | 고위험 방문객 (노약자·어린이·임산부) 적극 모니터링 | 기상 변화·밀도 실시간 확인 | 대기 인력 현장 근접 배치 | [야간] 조명 확보 및 시야 불량 구역 안전선 설치, 야간 순찰 강화",이상 징후(쓰러짐·발열·외상) 발견 즉시 위험 단계 상향,놀이터 — 어린이 외상·골절 빈발
F05,반려견놀이터,보통,우천|폭염|한파,3,0.1956,위험,🔴,0.1058,0.1543,0.056,0.7897,대응팀장 1명 + 응급처치 요원 2명 이상,"AED, 들것, 응급의약품, 무전기, 안전펜스","응급 대응팀 즉시 현장 파견 | 응급 장비 준비 (AED, 들것, 응급의약품 키트) | 방문객 안전구역 유도 및 해당 시설 일시 폐쇄 검토 | 119 사전 연락 및 대기 지시 | 관리자·시설장 즉시 보고 | [폭염] 그늘·음용수 추가 배치, 열사병 집중 모니터링, 피크타임 야외 자제 권고 | [우천] 미끄러짐 주의 안내, 낙뢰 위험 시설 대피, 우천 장비 점검 | [한파] 저체온증 위험 모니터링, 실내 대피 공간 운영, 동상 응급처치 키트 배치",P(중증) > 0.30 → 119 즉시 출동 요청 / 의식 불명 → 헬기 이송 검토,놀이터 — 어린이 외상·골절 빈발
F05,반려견놀이터,보통,강풍|우천|폭염,3,0.1956,위험,🔴,0.1058,0.1543,0.056,0.7897,대응팀장 1명 + 응급처치 요원 2명 이상,"AED, 들것, 응급의약품, 무전기, 안전펜스","응급 대응팀 즉시 현장 파견 | 응급 장비 준비 (AED, 들것, 응급의약품 키트) | 방문객 안전구역 유도 및 해당 시설 일시 폐쇄 검토 | 119 사전 연락 및 대기 지시 | 관리자·시설장 즉시 보고 | [폭염] 그늘·음용수 추가 배치, 열사병 집중 모니터링, 피크타임 야외 자제 권고 | [우천] 미끄러짐 주의 안내, 낙뢰 위험 시설 대피, 우천 장비 점검 | [강풍] 낙하물 위험 구역 통제, 야외 구조물·천막 긴급 점검",P(중증) > 0.30 → 119 즉시 출동 요청 / 의식 불명 → 헬기 이송 검토,놀이터 — 어린이 외상·골절 빈발
F05,반려견놀이터,보통,야간|우천|폭염,3,0.1794,위험,🔴,0.1058,0.3718,0.0144,0.6138,대응팀장 1명 + 응급처치 요원 2명 이상,"AED, 들것, 응급의약품, 무전기, 안전펜스","응급 대응팀 즉시 현장 파견 | 응급 장비 준비 (AED, 들것, 응급의약품 키트) | 방문객 안전구역 유도 및 해당 시설 일시 폐쇄 검토 | 119 사전 연락 및 대기 지시 | 관리자·시설장 즉시 보고 | [폭염] 그늘·음용수 추가 배치, 열사병 집중 모니터링, 피크타임 야외 자제 권고 | [우천] 미끄러짐 주의 안내, 낙뢰 위험 시설 대피, 우천 장비 점검 | [야간] 조명 확보 및 시야 불량 구역 안전선 설치, 야간 순찰 강화",P(중증) > 0.30 → 119 즉시 출동 요청 / 의식 불명 → 헬기 이송 검토,놀이터 — 어린이 외상·골절 빈발
F05,반려견놀이터,보통,우천|폭염|피크타임,3,0.1967,위험,🔴,0.1058,0.1602,0.026,0.8138,대응팀장 1명 + 응급처치 요원 2명 이상,"AED, 들것, 응급의약품, 무전기, 안전펜스","응급 대응팀 즉시 현장 파견 | 응급 장비 준비 (AED, 들것, 응급의약품 키트) | 방문객 안전구역 유도 및 해당 시설 일시 폐쇄 검토 | 119 사전 연락 및 대기 지시 | 관리자·시설장 즉시 보고 | [폭염] 그늘·음용수 추가 배치, 열사병 집중 모니터링, 피크타임 야외 자제 권고 | [우천] 미끄러짐 주의 안내, 낙뢰 위험 시설 대피, 우천 장비 점검",P(중증) > 0.30 → 119 즉시 출동 요청 / 의식 불명 → 헬기 이송 검토,놀이터 — 어린이 외상·골절 빈발
F05,반려견놀이터,보통,강풍|폭염|한파,3,0.1429,주의,🟡,0.1058,0.6589,0.245,0.0961,예방 모니터 1명 + 대기 요원 1명,"구급함, 무전기, 음용수, 그늘막","예방 순찰 30분 간격 강화 | 응급 대응 장비 위치·작동 상태 점검 | 고위험 방문객 (노약자·어린이·임산부) 적극 모니터링 | 기상 변화·밀도 실시간 확인 | 대기 인력 현장 근접 배치 | [폭염] 그늘·음용수 추가 배치, 열사병 집중 모니터링, 피크타임 야외 자제 권고 | [한파] 저체온증 위험 모니터링, 실내 대피 공간 운영, 동상 응급처치 키트 배치 | [강풍] 낙하물 위험 구역 통제, 야외 구조물·천막 긴급 점검",이상 징후(쓰러짐·발열·외상) 발견 즉시 위험 단계 상향,놀이터 — 어린이 외상·골절 빈발
F05,반려견놀이터,보통,야간|폭염|한파,3,0.1338,주의,🟡,0.1058,0.8891,0.0486,0.0623,예방 모니터 1명 + 대기 요원 1명,"구급함, 무전기, 음용수, 그늘막","예방 순찰 30분 간격 강화 | 응급 대응 장비 위치·작동 상태 점검 | 고위험 방문객 (노약자·어린이·임산부) 적극 모니터링 | 기상 변화·밀도 실시간 확인 | 대기 인력 현장 근접 배치 | [폭염] 그늘·음용수 추가 배치, 열사병 집중 모니터링, 피크타임 야외 자제 권고 | [한파] 저체온증 위험 모니터링, 실내 대피 공간 운영, 동상 응급처치 키트 배치 | [야간] 조명 확보 및 시야 불량 구역 안전선 설치, 야간 순찰 강화",이상 징후(쓰러짐·발열·외상) 발견 즉시 위험 단계 상향,놀이터 — 어린이 외상·골절 빈발
F05,반려견놀이터,보통,폭염|피크타임|한파,3,0.1396,주의,🟡,0.1058,0.7768,0.1186,0.1046,예방 모니터 1명 + 대기 요원 1명,"구급함, 무전기, 음용수, 그늘막","예방 순찰 30분 간격 강화 | 응급 대응 장비 위치·작동 상태 점검 | 고위험 방문객 (노약자·어린이·임산부) 적극 모니터링 | 기상 변화·밀도 실시간 확인 | 대기 인력 현장 근접 배치 | [폭염] 그늘·음용수 추가 배치, 열사병 집중 모니터링, 피크타임 야외 자제 권고 | [한파] 저체온증 위험 모니터링, 실내 대피 공간 운영, 동상 응급처치 키트 배치",이상 징후(쓰러짐·발열·외상) 발견 즉시 위험 단계 상향,놀이터 — 어린이 외상·골절 빈발
F05,반려견놀이터,보통,강풍|야간|폭염,3,0.1338,주의,🟡,0.1058,0.8891,0.0486,0.0623,예방 모니터 1명 + 대기 요원 1명,"구급함, 무전기, 음용수, 그늘막","예방 순찰 30분 간격 강화 | 응급 대응 장비 위치·작동 상태 점검 | 고위험 방문객 (노약자·어린이·임산부) 적극 모니터링 | 기상 변화·밀도 실시간 확인 | 대기 인력 현장 근접 배치 | [폭염] 그늘·음용수 추가 배치, 열사병 집중 모니터링, 피크타임 야외 자제 권고 | [강풍] 낙하물 위험 구역 통제, 야외 구조물·천막 긴급 점검 | [야간] 조명 확보 및 시야 불량 구역 안전선 설치, 야간 순찰 강화",이상 징후(쓰러짐·발열·외상) 발견 즉시 위험 단계 상향,놀이터 — 어린이 외상·골절 빈발
F05,반려견놀이터,보통,강풍|폭염|피크타임,3,0.1396,주의,🟡,0.1058,0.7768,0.1186,0.1046,예방 모니터 1명 + 대기 요원 1명,"구급함, 무전기, 음용수, 그늘막","예방 순찰 30분 간격 강화 | 응급 대응 장비 위치·작동 상태 점검 | 고위험 방문객 (노약자·어린이·임산부) 적극 모니터링 | 기상 변화·밀도 실시간 확인 | 대기 인력 현장 근접 배치 | [폭염] 그늘·음용수 추가 배치, 열사병 집중 모니터링, 피크타임 야외 자제 권고 | [강풍] 낙하물 위험 구역 통제, 야외 구조물·천막 긴급 점검",이상 징후(쓰러짐·발열·외상) 발견 즉시 위험 단계 상향,놀이터 — 어린이 외상·골절 빈발
F05,반려견놀이터,보통,야간|폭염|피크타임,3,0.1338,주의,🟡,0.1058,0.8891,0.0486,0.0623,예방 모니터 1명 + 대기 요원 1명,"구급함, 무전기, 음용수, 그늘막","예방 순찰 30분 간격 강화 | 응급 대응 장비 위치·작동 상태 점검 | 고위험 방문객 (노약자·어린이·임산부) 적극 모니터링 | 기상 변화·밀도 실시간 확인 | 대기 인력 현장 근접 배치 | [폭염] 그늘·음용수 추가 배치, 열사병 집중 모니터링, 피크타임 야외 자제 권고 | [야간] 조명 확보 및 시야 불량 구역 안전선 설치, 야간 순찰 강화",이상 징후(쓰러짐·발열·외상) 발견 즉시 위험 단계 상향,놀이터 — 어린이 외상·골절 빈발
F05,반려견놀이터,보통,강풍|우천|한파,3,0.177,위험,🔴,0.0969,0.092,0.1978,0.7102,대응팀장 1명 + 응급처치 요원 2명 이상,"AED, 들것, 응급의약품, 무전기, 안전펜스","응급 대응팀 즉시 현장 파견 | 응급 장비 준비 (AED, 들것, 응급의약품 키트) | 방문객 안전구역 유도 및 해당 시설 일시 폐쇄 검토 | 119 사전 연락 및 대기 지시 | 관리자·시설장 즉시 보고 | [우천] 미끄러짐 주의 안내, 낙뢰 위험 시설 대피, 우천 장비 점검 | [한파] 저체온증 위험 모니터링, 실내 대피 공간 운영, 동상 응급처치 키트 배치 | [강풍] 낙하물 위험 구역 통제, 야외 구조물·천막 긴급 점검",P(중증) > 0.30 → 119 즉시 출동 요청 / 의식 불명 → 헬기 이송 검토,놀이터 — 어린이 외상·골절 빈발
F05,반려견놀이터,보통,야간|우천|한파,3,0.1597,위험,🔴,0.0969,0.3338,0.1681,0.4981,대응팀장 1명 + 응급처치 요원 2명 이상,"AED, 들것, 응급의약품, 무전기, 안전펜스","응급 대응팀 즉시 현장 파견 | 응급 장비 준비 (AED, 들것, 응급의약품 키트) | 방문객 안전구역 유도 및 해당 시설 일시 폐쇄 검토 | 119 사전 연락 및 대기 지시 | 관리자·시설장 즉시 보고 | [우천] 미끄러짐 주의 안내, 낙뢰 위험 시설 대피, 우천 장비 점검 | [한파] 저체온증 위험 모니터링, 실내 대피 공간 운영, 동상 응급처치 키트 배치 | [야간] 조명 확보 및 시야 불량 구역 안전선 설치, 야간 순찰 강화",P(중증) > 0.30 → 119 즉시 출동 요청 / 의식 불명 → 헬기 이송 검토,놀이터 — 어린이 외상·골절 빈발
F05,반려견놀이터,보통,우천|피크타임|한파,3,0.1788,위험,🔴,0.0969,0.1329,0.0957,0.7714,대응팀장 1명 + 응급처치 요원 2명 이상,"AED, 들것, 응급의약품, 무전기, 안전펜스","응급 대응팀 즉시 현장 파견 | 응급 장비 준비 (AED, 들것, 응급의약품 키트) | 방문객 안전구역 유도 및 해당 시설 일시 폐쇄 검토 | 119 사전 연락 및 대기 지시 | 관리자·시설장 즉시 보고 | [우천] 미끄러짐 주의 안내, 낙뢰 위험 시설 대피, 우천 장비 점검 | [한파] 저체온증 위험 모니터링, 실내 대피 공간 운영, 동상 응급처치 키트 배치",P(중증) > 0.30 → 119 즉시 출동 요청 / 의식 불명 → 헬기 이송 검토,놀이터 — 어린이 외상·골절 빈발
F05,반려견놀이터,보통,강풍|야간|우천,3,0.1389,주의,🟡,0.0969,0.6053,0.1624,0.2322,예방 모니터 1명 + 대기 요원 1명,"구급함, 무전기, 음용수, 그늘막","예방 순찰 30분 간격 강화 | 응급 대응 장비 위치·작동 상태 점검 | 고위험 방문객 (노약자·어린이·임산부) 적극 모니터링 | 기상 변화·밀도 실시간 확인 | 대기 인력 현장 근접 배치 | [우천] 미끄러짐 주의 안내, 낙뢰 위험 시설 대피, 우천 장비 점검 | [강풍] 낙하물 위험 구역 통제, 야외 구조물·천막 긴급 점검 | [야간] 조명 확보 및 시야 불량 구역 안전선 설치, 야간 순찰 강화",이상 징후(쓰러짐·발열·외상) 발견 즉시 위험 단계 상향,놀이터 — 어린이 외상·골절 빈발
F05,반려견놀이터,보통,강풍|우천|피크타임,3,0.1726,위험,🔴,0.0969,0.2461,0.0418,0.7121,대응팀장 1명 + 응급처치 요원 2명 이상,"AED, 들것, 응급의약품, 무전기, 안전펜스","응급 대응팀 즉시 현장 파견 | 응급 장비 준비 (AED, 들것, 응급의약품 키트) | 방문객 안전구역 유도 및 해당 시설 일시 폐쇄 검토 | 119 사전 연락 및 대기 지시 | 관리자·시설장 즉시 보고 | [우천] 미끄러짐 주의 안내, 낙뢰 위험 시설 대피, 우천 장비 점검 | [강풍] 낙하물 위험 구역 통제, 야외 구조물·천막 긴급 점검",P(중증) > 0.30 → 119 즉시 출동 요청 / 의식 불명 → 헬기 이송 검토,놀이터 — 어린이 외상·골절 빈발
F05,반려견놀이터,보통,야간|우천|피크타임,3,0.1734,위험,🔴,0.0969,0.2073,0.0876,0.7052,대응팀장 1명 + 응급처치 요원 2명 이상,"AED, 들것, 응급의약품, 무전기, 안전펜스","응급 대응팀 즉시 현장 파견 | 응급 장비 준비 (AED, 들것, 응급의약품 키트) | 방문객 안전구역 유도 및 해당 시설 일시 폐쇄 검토 | 119 사전 연락 및 대기 지시 | 관리자·시설장 즉시 보고 | [우천] 미끄러짐 주의 안내, 낙뢰 위험 시설 대피, 우천 장비 점검 | [야간] 조명 확보 및 시야 불량 구역 안전선 설치, 야간 순찰 강화",P(중증) > 0.30 → 119 즉시 출동 요청 / 의식 불명 → 헬기 이송 검토,놀이터 — 어린이 외상·골절 빈발
F05,반려견놀이터,보통,강풍|야간|한파,3,0.1316,주의,🟡,0.0969,0.5596,0.3869,0.0535,예방 모니터 1명 + 대기 요원 1명,"구급함, 무전기, 음용수, 그늘막","예방 순찰 30분 간격 강화 | 응급 대응 장비 위치·작동 상태 점검 | 고위험 방문객 (노약자·어린이·임산부) 적극 모니터링 | 기상 변화·밀도 실시간 확인 | 대기 인력 현장 근접 배치 | [한파] 저체온증 위험 모니터링, 실내 대피 공간 운영, 동상 응급처치 키트 배치 | [강풍] 낙하물 위험 구역 통제, 야외 구조물·천막 긴급 점검 | [야간] 조명 확보 및 시야 불량 구역 안전선 설치, 야간 순찰 강화",이상 징후(쓰러짐·발열·외상) 발견 즉시 위험 단계 상향,놀이터 — 어린이 외상·골절 빈발
F05,반려견놀이터,보통,강풍|피크타임|한파,3,0.1411,주의,🟡,0.0969,0.3834,0.4723,0.1443,예방 모니터 1명 + 대기 요원 1명,"구급함, 무전기, 음용수, 그늘막","예방 순찰 30분 간격 강화 | 응급 대응 장비 위치·작동 상태 점검 | 고위험 방문객 (노약자·어린이·임산부) 적극 모니터링 | 기상 변화·밀도 실시간 확인 | 대기 인력 현장 근접 배치 | [한파] 저체온증 위험 모니터링, 실내 대피 공간 운영, 동상 응급처치 키트 배치 | [강풍] 낙하물 위험 구역 통제, 야외 구조물·천막 긴급 점검",이상 징후(쓰러짐·발열·외상) 발견 즉시 위험 단계 상향,놀이터 — 어린이 외상·골절 빈발
F05,반려견놀이터,보통,야간|피크타임|한파,3,0.1316,주의,🟡,0.0969,0.5596,0.3869,0.0535,예방 모니터 1명 + 대기 요원 1명,"구급함, 무전기, 음용수, 그늘막","예방 순찰 30분 간격 강화 | 응급 대응 장비 위치·작동 상태 점검 | 고위험 방문객 (노약자·어린이·임산부) 적극 모니터링 | 기상 변화·밀도 실시간 확인 | 대기 인력 현장 근접 배치 | [한파] 저체온증 위험 모니터링, 실내 대피 공간 운영, 동상 응급처치 키트 배치 | [야간] 조명 확보 및 시야 불량 구역 안전선 설치, 야간 순찰 강화",이상 징후(쓰러짐·발열·외상) 발견 즉시 위험 단계 상향,놀이터 — 어린이 외상·골절 빈발
F05,반려견놀이터,보통,강풍|야간|피크타임,3,0.1232,주의,🟡,0.0969,0.7653,0.2314,0.0033,예방 모니터 1명 + 대기 요원 1명,"구급함, 무전기, 음용수, 그늘막","예방 순찰 30분 간격 강화 | 응급 대응 장비 위치·작동 상태 점검 | 고위험 방문객 (노약자·어린이·임산부) 적극 모니터링 | 기상 변화·밀도 실시간 확인 | 대기 인력 현장 근접 배치 | [강풍] 낙하물 위험 구역 통제, 야외 구조물·천막 긴급 점검 | [야간] 조명 확보 및 시야 불량 구역 안전선 설치, 야간 순찰 강화",이상 징후(쓰러짐·발열·외상) 발견 즉시 위험 단계 상향,놀이터 — 어린이 외상·골절 빈발
F05,반려견놀이터,보통,강풍|우천|폭염|한파,4,0.1956,위험,🔴,0.1058,0.1543,0.056,0.7897,대응팀장 1명 + 응급처치 요원 2명 이상,"AED, 들것, 응급의약품, 무전기, 안전펜스","응급 대응팀 즉시 현장 파견 | 응급 장비 준비 (AED, 들것, 응급의약품 키트) | 방문객 안전구역 유도 및 해당 시설 일시 폐쇄 검토 | 119 사전 연락 및 대기 지시 | 관리자·시설장 즉시 보고 | [폭염] 그늘·음용수 추가 배치, 열사병 집중 모니터링, 피크타임 야외 자제 권고 | [우천] 미끄러짐 주의 안내, 낙뢰 위험 시설 대피, 우천 장비 점검 | [한파] 저체온증 위험 모니터링, 실내 대피 공간 운영, 동상 응급처치 키트 배치 | [강풍] 낙하물 위험 구역 통제, 야외 구조물·천막 긴급 점검",P(중증) > 0.30 → 119 즉시 출동 요청 / 의식 불명 → 헬기 이송 검토,놀이터 — 어린이 외상·골절 빈발
F05,반려견놀이터,보통,야간|우천|폭염|한파,4,0.1794,위험,🔴,0.1058,0.3718,0.0144,0.6138,대응팀장 1명 + 응급처치 요원 2명 이상,"AED, 들것, 응급의약품, 무전기, 안전펜스","응급 대응팀 즉시 현장 파견 | 응급 장비 준비 (AED, 들것, 응급의약품 키트) | 방문객 안전구역 유도 및 해당 시설 일시 폐쇄 검토 | 119 사전 연락 및 대기 지시 | 관리자·시설장 즉시 보고 | [폭염] 그늘·음용수 추가 배치, 열사병 집중 모니터링, 피크타임 야외 자제 권고 | [우천] 미끄러짐 주의 안내, 낙뢰 위험 시설 대피, 우천 장비 점검 | [한파] 저체온증 위험 모니터링, 실내 대피 공간 운영, 동상 응급처치 키트 배치 | [야간] 조명 확보 및 시야 불량 구역 안전선 설치, 야간 순찰 강화",P(중증) > 0.30 → 119 즉시 출동 요청 / 의식 불명 → 헬기 이송 검토,놀이터 — 어린이 외상·골절 빈발
F05,반려견놀이터,보통,우천|폭염|피크타임|한파,4,0.1967,위험,🔴,0.1058,0.1602,0.026,0.8138,대응팀장 1명 + 응급처치 요원 2명 이상,"AED, 들것, 응급의약품, 무전기, 안전펜스","응급 대응팀 즉시 현장 파견 | 응급 장비 준비 (AED, 들것, 응급의약품 키트) | 방문객 안전구역 유도 및 해당 시설 일시 폐쇄 검토 | 119 사전 연락 및 대기 지시 | 관리자·시설장 즉시 보고 | [폭염] 그늘·음용수 추가 배치, 열사병 집중 모니터링, 피크타임 야외 자제 권고 | [우천] 미끄러짐 주의 안내, 낙뢰 위험 시설 대피, 우천 장비 점검 | [한파] 저체온증 위험 모니터링, 실내 대피 공간 운영, 동상 응급처치 키트 배치",P(중증) > 0.30 → 119 즉시 출동 요청 / 의식 불명 → 헬기 이송 검토,놀이터 — 어린이 외상·골절 빈발
F05,반려견놀이터,보통,강풍|야간|우천|폭염,4,0.1794,위험,🔴,0.1058,0.3718,0.0144,0.6138,대응팀장 1명 + 응급처치 요원 2명 이상,"AED, 들것, 응급의약품, 무전기, 안전펜스","응급 대응팀 즉시 현장 파견 | 응급 장비 준비 (AED, 들것, 응급의약품 키트) | 방문객 안전구역 유도 및 해당 시설 일시 폐쇄 검토 | 119 사전 연락 및 대기 지시 | 관리자·시설장 즉시 보고 | [폭염] 그늘·음용수 추가 배치, 열사병 집중 모니터링, 피크타임 야외 자제 권고 | [우천] 미끄러짐 주의 안내, 낙뢰 위험 시설 대피, 우천 장비 점검 | [강풍] 낙하물 위험 구역 통제, 야외 구조물·천막 긴급 점검 | [야간] 조명 확보 및 시야 불량 구역 안전선 설치, 야간 순찰 강화",P(중증) > 0.30 → 119 즉시 출동 요청 / 의식 불명 → 헬기 이송 검토,놀이터 — 어린이 외상·골절 빈발
F05,반려견놀이터,보통,강풍|우천|폭염|피크타임,4,0.1967,위험,🔴,0.1058,0.1602,0.026,0.8138,대응팀장 1명 + 응급처치 요원 2명 이상,"AED, 들것, 응급의약품, 무전기, 안전펜스","응급 대응팀 즉시 현장 파견 | 응급 장비 준비 (AED, 들것, 응급의약품 키트) | 방문객 안전구역 유도 및 해당 시설 일시 폐쇄 검토 | 119 사전 연락 및 대기 지시 | 관리자·시설장 즉시 보고 | [폭염] 그늘·음용수 추가 배치, 열사병 집중 모니터링, 피크타임 야외 자제 권고 | [우천] 미끄러짐 주의 안내, 낙뢰 위험 시설 대피, 우천 장비 점검 | [강풍] 낙하물 위험 구역 통제, 야외 구조물·천막 긴급 점검",P(중증) > 0.30 → 119 즉시 출동 요청 / 의식 불명 → 헬기 이송 검토,놀이터 — 어린이 외상·골절 빈발
F05,반려견놀이터,보통,야간|우천|폭염|피크타임,4,0.1794,위험,🔴,0.1058,0.3718,0.0144,0.6138,대응팀장 1명 + 응급처치 요원 2명 이상,"AED, 들것, 응급의약품, 무전기, 안전펜스","응급 대응팀 즉시 현장 파견 | 응급 장비 준비 (AED, 들것, 응급의약품 키트) | 방문객 안전구역 유도 및 해당 시설 일시 폐쇄 검토 | 119 사전 연락 및 대기 지시 | 관리자·시설장 즉시 보고 | [폭염] 그늘·음용수 추가 배치, 열사병 집중 모니터링, 피크타임 야외 자제 권고 | [우천] 미끄러짐 주의 안내, 낙뢰 위험 시설 대피, 우천 장비 점검 | [야간] 조명 확보 및 시야 불량 구역 안전선 설치, 야간 순찰 강화",P(중증) > 0.30 → 119 즉시 출동 요청 / 의식 불명 → 헬기 이송 검토,놀이터 — 어린이 외상·골절 빈발
F05,반려견놀이터,보통,강풍|야간|폭염|한파,4,0.1338,주의,🟡,0.1058,0.8891,0.0486,0.0623,예방 모니터 1명 + 대기 요원 1명,"구급함, 무전기, 음용수, 그늘막","예방 순찰 30분 간격 강화 | 응급 대응 장비 위치·작동 상태 점검 | 고위험 방문객 (노약자·어린이·임산부) 적극 모니터링 | 기상 변화·밀도 실시간 확인 | 대기 인력 현장 근접 배치 | [폭염] 그늘·음용수 추가 배치, 열사병 집중 모니터링, 피크타임 야외 자제 권고 | [한파] 저체온증 위험 모니터링, 실내 대피 공간 운영, 동상 응급처치 키트 배치 | [강풍] 낙하물 위험 구역 통제, 야외 구조물·천막 긴급 점검 | [야간] 조명 확보 및 시야 불량 구역 안전선 설치, 야간 순찰 강화",이상 징후(쓰러짐·발열·외상) 발견 즉시 위험 단계 상향,놀이터 — 어린이 외상·골절 빈발
F05,반려견놀이터,보통,강풍|폭염|피크타임|한파,4,0.1396,주의,🟡,0.1058,0.7768,0.1186,0.1046,예방 모니터 1명 + 대기 요원 1명,"구급함, 무전기, 음용수, 그늘막","예방 순찰 30분 간격 강화 | 응급 대응 장비 위치·작동 상태 점검 | 고위험 방문객 (노약자·어린이·임산부) 적극 모니터링 | 기상 변화·밀도 실시간 확인 | 대기 인력 현장 근접 배치 | [폭염] 그늘·음용수 추가 배치, 열사병 집중 모니터링, 피크타임 야외 자제 권고 | [한파] 저체온증 위험 모니터링, 실내 대피 공간 운영, 동상 응급처치 키트 배치 | [강풍] 낙하물 위험 구역 통제, 야외 구조물·천막 긴급 점검",이상 징후(쓰러짐·발열·외상) 발견 즉시 위험 단계 상향,놀이터 — 어린이 외상·골절 빈발
F05,반려견놀이터,보통,야간|폭염|피크타임|한파,4,0.1338,주의,🟡,0.1058,0.8891,0.0486,0.0623,예방 모니터 1명 + 대기 요원 1명,"구급함, 무전기, 음용수, 그늘막","예방 순찰 30분 간격 강화 | 응급 대응 장비 위치·작동 상태 점검 | 고위험 방문객 (노약자·어린이·임산부) 적극 모니터링 | 기상 변화·밀도 실시간 확인 | 대기 인력 현장 근접 배치 | [폭염] 그늘·음용수 추가 배치, 열사병 집중 모니터링, 피크타임 야외 자제 권고 | [한파] 저체온증 위험 모니터링, 실내 대피 공간 운영, 동상 응급처치 키트 배치 | [야간] 조명 확보 및 시야 불량 구역 안전선 설치, 야간 순찰 강화",이상 징후(쓰러짐·발열·외상) 발견 즉시 위험 단계 상향,놀이터 — 어린이 외상·골절 빈발
F05,반려견놀이터,보통,강풍|야간|폭염|피크타임,4,0.1338,주의,🟡,0.1058,0.8891,0.0486,0.0623,예방 모니터 1명 + 대기 요원 1명,"구급함, 무전기, 음용수, 그늘막","예방 순찰 30분 간격 강화 | 응급 대응 장비 위치·작동 상태 점검 | 고위험 방문객 (노약자·어린이·임산부) 적극 모니터링 | 기상 변화·밀도 실시간 확인 | 대기 인력 현장 근접 배치 | [폭염] 그늘·음용수 추가 배치, 열사병 집중 모니터링, 피크타임 야외 자제 권고 | [강풍] 낙하물 위험 구역 통제, 야외 구조물·천막 긴급 점검 | [야간] 조명 확보 및 시야 불량 구역 안전선 설치, 야간 순찰 강화",이상 징후(쓰러짐·발열·외상) 발견 즉시 위험 단계 상향,놀이터 — 어린이 외상·골절 빈발
F05,반려견놀이터,보통,강풍|야간|우천|한파,4,0.1597,위험,🔴,0.0969,0.3338,0.1681,0.4981,대응팀장 1명 + 응급처치 요원 2명 이상,"AED, 들것, 응급의약품, 무전기, 안전펜스","응급 대응팀 즉시 현장 파견 | 응급 장비 준비 (AED, 들것, 응급의약품 키트) | 방문객 안전구역 유도 및 해당 시설 일시 폐쇄 검토 | 119 사전 연락 및 대기 지시 | 관리자·시설장 즉시 보고 | [우천] 미끄러짐 주의 안내, 낙뢰 위험 시설 대피, 우천 장비 점검 | [한파] 저체온증 위험 모니터링, 실내 대피 공간 운영, 동상 응급처치 키트 배치 | [강풍] 낙하물 위험 구역 통제, 야외 구조물·천막 긴급 점검 | [야간] 조명 확보 및 시야 불량 구역 안전선 설치, 야간 순찰 강화",P(중증) > 0.30 → 119 즉시 출동 요청 / 의식 불명 → 헬기 이송 검토,놀이터 — 어린이 외상·골절 빈발
F05,반려견놀이터,보통,강풍|우천|피크타임|한파,4,0.1788,위험,🔴,0.0969,0.1329,0.0957,0.7714,대응팀장 1명 + 응급처치 요원 2명 이상,"AED, 들것, 응급의약품, 무전기, 안전펜스","응급 대응팀 즉시 현장 파견 | 응급 장비 준비 (AED, 들것, 응급의약품 키트) | 방문객 안전구역 유도 및 해당 시설 일시 폐쇄 검토 | 119 사전 연락 및 대기 지시 | 관리자·시설장 즉시 보고 | [우천] 미끄러짐 주의 안내, 낙뢰 위험 시설 대피, 우천 장비 점검 | [한파] 저체온증 위험 모니터링, 실내 대피 공간 운영, 동상 응급처치 키트 배치 | [강풍] 낙하물 위험 구역 통제, 야외 구조물·천막 긴급 점검",P(중증) > 0.30 → 119 즉시 출동 요청 / 의식 불명 → 헬기 이송 검토,놀이터 — 어린이 외상·골절 빈발
F05,반려견놀이터,보통,야간|우천|피크타임|한파,4,0.1597,위험,🔴,0.0969,0.3338,0.1681,0.4981,대응팀장 1명 + 응급처치 요원 2명 이상,"AED, 들것, 응급의약품, 무전기, 안전펜스","응급 대응팀 즉시 현장 파견 | 응급 장비 준비 (AED, 들것, 응급의약품 키트) | 방문객 안전구역 유도 및 해당 시설 일시 폐쇄 검토 | 119 사전 연락 및 대기 지시 | 관리자·시설장 즉시 보고 | [우천] 미끄러짐 주의 안내, 낙뢰 위험 시설 대피, 우천 장비 점검 | [한파] 저체온증 위험 모니터링, 실내 대피 공간 운영, 동상 응급처치 키트 배치 | [야간] 조명 확보 및 시야 불량 구역 안전선 설치, 야간 순찰 강화",P(중증) > 0.30 → 119 즉시 출동 요청 / 의식 불명 → 헬기 이송 검토,놀이터 — 어린이 외상·골절 빈발
F05,반려견놀이터,보통,강풍|야간|우천|피크타임,4,0.1389,주의,🟡,0.0969,0.6053,0.1624,0.2322,예방 모니터 1명 + 대기 요원 1명,"구급함, 무전기, 음용수, 그늘막","예방 순찰 30분 간격 강화 | 응급 대응 장비 위치·작동 상태 점검 | 고위험 방문객 (노약자·어린이·임산부) 적극 모니터링 | 기상 변화·밀도 실시간 확인 | 대기 인력 현장 근접 배치 | [우천] 미끄러짐 주의 안내, 낙뢰 위험 시설 대피, 우천 장비 점검 | [강풍] 낙하물 위험 구역 통제, 야외 구조물·천막 긴급 점검 | [야간] 조명 확보 및 시야 불량 구역 안전선 설치, 야간 순찰 강화",이상 징후(쓰러짐·발열·외상) 발견 즉시 위험 단계 상향,놀이터 — 어린이 외상·골절 빈발
F05,반려견놀이터,보통,강풍|야간|피크타임|한파,4,0.1316,주의,🟡,0.0969,0.5596,0.3869,0.0535,예방 모니터 1명 + 대기 요원 1명,"구급함, 무전기, 음용수, 그늘막","예방 순찰 30분 간격 강화 | 응급 대응 장비 위치·작동 상태 점검 | 고위험 방문객 (노약자·어린이·임산부) 적극 모니터링 | 기상 변화·밀도 실시간 확인 | 대기 인력 현장 근접 배치 | [한파] 저체온증 위험 모니터링, 실내 대피 공간 운영, 동상 응급처치 키트 배치 | [강풍] 낙하물 위험 구역 통제, 야외 구조물·천막 긴급 점검 | [야간] 조명 확보 및 시야 불량 구역 안전선 설치, 야간 순찰 강화",이상 징후(쓰러짐·발열·외상) 발견 즉시 위험 단계 상향,놀이터 — 어린이 외상·골절 빈발
F05,반려견놀이터,보통,강풍|야간|우천|폭염|한파,5,0.1794,위험,🔴,0.1058,0.3718,0.0144,0.6138,대응팀장 1명 + 응급처치 요원 2명 이상,"AED, 들것, 응급의약품, 무전기, 안전펜스","응급 대응팀 즉시 현장 파견 | 응급 장비 준비 (AED, 들것, 응급의약품 키트) | 방문객 안전구역 유도 및 해당 시설 일시 폐쇄 검토 | 119 사전 연락 및 대기 지시 | 관리자·시설장 즉시 보고 | [폭염] 그늘·음용수 추가 배치, 열사병 집중 모니터링, 피크타임 야외 자제 권고 | [우천] 미끄러짐 주의 안내, 낙뢰 위험 시설 대피, 우천 장비 점검 | [한파] 저체온증 위험 모니터링, 실내 대피 공간 운영, 동상 응급처치 키트 배치 | [강풍] 낙하물 위험 구역 통제, 야외 구조물·천막 긴급 점검 | [야간] 조명 확보 및 시야 불량 구역 안전선 설치, 야간 순찰 강화",P(중증) > 0.30 → 119 즉시 출동 요청 / 의식 불명 → 헬기 이송 검토,놀이터 — 어린이 외상·골절 빈발
F05,반려견놀이터,보통,강풍|우천|폭염|피크타임|한파,5,0.1967,위험,🔴,0.1058,0.1602,0.026,0.8138,대응팀장 1명 + 응급처치 요원 2명 이상,"AED, 들것, 응급의약품, 무전기, 안전펜스","응급 대응팀 즉시 현장 파견 | 응급 장비 준비 (AED, 들것, 응급의약품 키트) | 방문객 안전구역 유도 및 해당 시설 일시 폐쇄 검토 | 119 사전 연락 및 대기 지시 | 관리자·시설장 즉시 보고 | [폭염] 그늘·음용수 추가 배치, 열사병 집중 모니터링, 피크타임 야외 자제 권고 | [우천] 미끄러짐 주의 안내, 낙뢰 위험 시설 대피, 우천 장비 점검 | [한파] 저체온증 위험 모니터링, 실내 대피 공간 운영, 동상 응급처치 키트 배치 | [강풍] 낙하물 위험 구역 통제, 야외 구조물·천막 긴급 점검",P(중증) > 0.30 → 119 즉시 출동 요청 / 의식 불명 → 헬기 이송 검토,놀이터 — 어린이 외상·골절 빈발
F05,반려견놀이터,보통,야간|우천|폭염|피크타임|한파,5,0.1794,위험,🔴,0.1058,0.3718,0.0144,0.6138,대응팀장 1명 + 응급처치 요원 2명 이상,"AED, 들것, 응급의약품, 무전기, 안전펜스","응급 대응팀 즉시 현장 파견 | 응급 장비 준비 (AED, 들것, 응급의약품 키트) | 방문객 안전구역 유도 및 해당 시설 일시 폐쇄 검토 | 119 사전 연락 및 대기 지시 | 관리자·시설장 즉시 보고 | [폭염] 그늘·음용수 추가 배치, 열사병 집중 모니터링, 피크타임 야외 자제 권고 | [우천] 미끄러짐 주의 안내, 낙뢰 위험 시설 대피, 우천 장비 점검 | [한파] 저체온증 위험 모니터링, 실내 대피 공간 운영, 동상 응급처치 키트 배치 | [야간] 조명 확보 및 시야 불량 구역 안전선 설치, 야간 순찰 강화",P(중증) > 0.30 → 119 즉시 출동 요청 / 의식 불명 → 헬기 이송 검토,놀이터 — 어린이 외상·골절 빈발
F05,반려견놀이터,보통,강풍|야간|우천|폭염|피크타임,5,0.1794,위험,🔴,0.1058,0.3718,0.0144,0.6138,대응팀장 1명 + 응급처치 요원 2명 이상,"AED, 들것, 응급의약품, 무전기, 안전펜스","응급 대응팀 즉시 현장 파견 | 응급 장비 준비 (AED, 들것, 응급의약품 키트) | 방문객 안전구역 유도 및 해당 시설 일시 폐쇄 검토 | 119 사전 연락 및 대기 지시 | 관리자·시설장 즉시 보고 | [폭염] 그늘·음용수 추가 배치, 열사병 집중 모니터링, 피크타임 야외 자제 권고 | [우천] 미끄러짐 주의 안내, 낙뢰 위험 시설 대피, 우천 장비 점검 | [강풍] 낙하물 위험 구역 통제, 야외 구조물·천막 긴급 점검 | [야간] 조명 확보 및 시야 불량 구역 안전선 설치, 야간 순찰 강화",P(중증) > 0.30 → 119 즉시 출동 요청 / 의식 불명 → 헬기 이송 검토,놀이터 — 어린이 외상·골절 빈발
F05,반려견놀이터,보통,강풍|야간|폭염|피크타임|한파,5,0.1338,주의,🟡,0.1058,0.8891,0.0486,0.0623,예방 모니터 1명 + 대기 요원 1명,"구급함, 무전기, 음용수, 그늘막","예방 순찰 30분 간격 강화 | 응급 대응 장비 위치·작동 상태 점검 | 고위험 방문객 (노약자·어린이·임산부) 적극 모니터링 | 기상 변화·밀도 실시간 확인 | 대기 인력 현장 근접 배치 | [폭염] 그늘·음용수 추가 배치, 열사병 집중 모니터링, 피크타임 야외 자제 권고 | [한파] 저체온증 위험 모니터링, 실내 대피 공간 운영, 동상 응급처치 키트 배치 | [강풍] 낙하물 위험 구역 통제, 야외 구조물·천막 긴급 점검 | [야간] 조명 확보 및 시야 불량 구역 안전선 설치, 야간 순찰 강화",이상 징후(쓰러짐·발열·외상) 발견 즉시 위험 단계 상향,놀이터 — 어린이 외상·골절 빈발
F05,반려견놀이터,보통,강풍|야간|우천|피크타임|한파,5,0.1597,위험,🔴,0.0969,0.3338,0.1681,0.4981,대응팀장 1명 + 응급처치 요원 2명 이상,"AED, 들것, 응급의약품, 무전기, 안전펜스","응급 대응팀 즉시 현장 파견 | 응급 장비 준비 (AED, 들것, 응급의약품 키트) | 방문객 안전구역 유도 및 해당 시설 일시 폐쇄 검토 | 119 사전 연락 및 대기 지시 | 관리자·시설장 즉시 보고 | [우천] 미끄러짐 주의 안내, 낙뢰 위험 시설 대피, 우천 장비 점검 | [한파] 저체온증 위험 모니터링, 실내 대피 공간 운영, 동상 응급처치 키트 배치 | [강풍] 낙하물 위험 구역 통제, 야외 구조물·천막 긴급 점검 | [야간] 조명 확보 및 시야 불량 구역 안전선 설치, 야간 순찰 강화",P(중증) > 0.30 → 119 즉시 출동 요청 / 의식 불명 → 헬기 이송 검토,놀이터 — 어린이 외상·골절 빈발
F05,반려견놀이터,보통,강풍|야간|우천|폭염|피크타임|한파,6,0.1794,위험,🔴,0.1058,0.3718,0.0144,0.6138,대응팀장 1명 + 응급처치 요원 2명 이상,"AED, 들것, 응급의약품, 무전기, 안전펜스","응급 대응팀 즉시 현장 파견 | 응급 장비 준비 (AED, 들것, 응급의약품 키트) | 방문객 안전구역 유도 및 해당 시설 일시 폐쇄 검토 | 119 사전 연락 및 대기 지시 | 관리자·시설장 즉시 보고 | [폭염] 그늘·음용수 추가 배치, 열사병 집중 모니터링, 피크타임 야외 자제 권고 | [우천] 미끄러짐 주의 안내, 낙뢰 위험 시설 대피, 우천 장비 점검 | [한파] 저체온증 위험 모니터링, 실내 대피 공간 운영, 동상 응급처치 키트 배치 | [강풍] 낙하물 위험 구역 통제, 야외 구조물·천막 긴급 점검 | [야간] 조명 확보 및 시야 불량 구역 안전선 설치, 야간 순찰 강화",P(중증) > 0.30 → 119 즉시 출동 요청 / 의식 불명 → 헬기 이송 검토,놀이터 — 어린이 외상·골절 빈발
F05,반려견놀이터,혼잡,없음,0,0.1202,주의,🟡,0.0969,0.8633,0.1366,0.0002,예방 모니터 1명 + 대기 요원 1명,"구급함, 무전기, 음용수, 그늘막",예방 순찰 30분 간격 강화 | 응급 대응 장비 위치·작동 상태 점검 | 고위험 방문객 (노약자·어린이·임산부) 적극 모니터링 | 기상 변화·밀도 실시간 확인 | 대기 인력 현장 근접 배치,이상 징후(쓰러짐·발열·외상) 발견 즉시 위험 단계 상향,놀이터 — 어린이 외상·골절 빈발
F05,반려견놀이터,혼잡,폭염,1,0.1281,주의,🟡,0.1058,0.9683,0.0301,0.0015,예방 모니터 1명 + 대기 요원 1명,"구급함, 무전기, 음용수, 그늘막","예방 순찰 30분 간격 강화 | 응급 대응 장비 위치·작동 상태 점검 | 고위험 방문객 (노약자·어린이·임산부) 적극 모니터링 | 기상 변화·밀도 실시간 확인 | 대기 인력 현장 근접 배치 | [폭염] 그늘·음용수 추가 배치, 열사병 집중 모니터링, 피크타임 야외 자제 권고",이상 징후(쓰러짐·발열·외상) 발견 즉시 위험 단계 상향,놀이터 — 어린이 외상·골절 빈발
F05,반려견놀이터,혼잡,우천,1,0.1239,주의,🟡,0.0969,0.7411,0.2558,0.0031,예방 모니터 1명 + 대기 요원 1명,"구급함, 무전기, 음용수, 그늘막","예방 순찰 30분 간격 강화 | 응급 대응 장비 위치·작동 상태 점검 | 고위험 방문객 (노약자·어린이·임산부) 적극 모니터링 | 기상 변화·밀도 실시간 확인 | 대기 인력 현장 근접 배치 | [우천] 미끄러짐 주의 안내, 낙뢰 위험 시설 대피, 우천 장비 점검",이상 징후(쓰러짐·발열·외상) 발견 즉시 위험 단계 상향,놀이터 — 어린이 외상·골절 빈발
F05,반려견놀이터,혼잡,한파,1,0.1275,주의,🟡,0.0969,0.6303,0.3593,0.0104,예방 모니터 1명 + 대기 요원 1명,"구급함, 무전기, 음용수, 그늘막","예방 순찰 30분 간격 강화 | 응급 대응 장비 위치·작동 상태 점검 | 고위험 방문객 (노약자·어린이·임산부) 적극 모니터링 | 기상 변화·밀도 실시간 확인 | 대기 인력 현장 근접 배치 | [한파] 저체온증 위험 모니터링, 실내 대피 공간 운영, 동상 응급처치 키트 배치",이상 징후(쓰러짐·발열·외상) 발견 즉시 위험 단계 상향,놀이터 — 어린이 외상·골절 빈발
F05,반려견놀이터,혼잡,강풍,1,0.1253,주의,🟡,0.0969,0.6897,0.3089,0.0014,예방 모니터 1명 + 대기 요원 1명,"구급함, 무전기, 음용수, 그늘막","예방 순찰 30분 간격 강화 | 응급 대응 장비 위치·작동 상태 점검 | 고위험 방문객 (노약자·어린이·임산부) 적극 모니터링 | 기상 변화·밀도 실시간 확인 | 대기 인력 현장 근접 배치 | [강풍] 낙하물 위험 구역 통제, 야외 구조물·천막 긴급 점검",이상 징후(쓰러짐·발열·외상) 발견 즉시 위험 단계 상향,놀이터 — 어린이 외상·골절 빈발
F05,반려견놀이터,혼잡,야간,1,0.1354,주의,🟡,0.0969,0.3401,0.6595,0.0004,예방 모니터 1명 + 대기 요원 1명,"구급함, 무전기, 음용수, 그늘막","예방 순찰 30분 간격 강화 | 응급 대응 장비 위치·작동 상태 점검 | 고위험 방문객 (노약자·어린이·임산부) 적극 모니터링 | 기상 변화·밀도 실시간 확인 | 대기 인력 현장 근접 배치 | [야간] 조명 확보 및 시야 불량 구역 안전선 설치, 야간 순찰 강화",이상 징후(쓰러짐·발열·외상) 발견 즉시 위험 단계 상향,놀이터 — 어린이 외상·골절 빈발
F05,반려견놀이터,혼잡,피크타임,1,0.1164,주의,🟡,0.0969,0.9938,0.006,0.0001,예방 모니터 1명 + 대기 요원 1명,"구급함, 무전기, 음용수, 그늘막",예방 순찰 30분 간격 강화 | 응급 대응 장비 위치·작동 상태 점검 | 고위험 방문객 (노약자·어린이·임산부) 적극 모니터링 | 기상 변화·밀도 실시간 확인 | 대기 인력 현장 근접 배치,이상 징후(쓰러짐·발열·외상) 발견 즉시 위험 단계 상향,놀이터 — 어린이 외상·골절 빈발
F05,반려견놀이터,혼잡,우천|폭염,2,0.1292,주의,🟡,0.1058,0.952,0.0356,0.0124,예방 모니터 1명 + 대기 요원 1명,"구급함, 무전기, 음용수, 그늘막","예방 순찰 30분 간격 강화 | 응급 대응 장비 위치·작동 상태 점검 | 고위험 방문객 (노약자·어린이·임산부) 적극 모니터링 | 기상 변화·밀도 실시간 확인 | 대기 인력 현장 근접 배치 | [폭염] 그늘·음용수 추가 배치, 열사병 집중 모니터링, 피크타임 야외 자제 권고 | [우천] 미끄러짐 주의 안내, 낙뢰 위험 시설 대피, 우천 장비 점검",이상 징후(쓰러짐·발열·외상) 발견 즉시 위험 단계 상향,놀이터 — 어린이 외상·골절 빈발
F05,반려견놀이터,혼잡,폭염|한파,2,0.1281,주의,🟡,0.1058,0.9683,0.0301,0.0015,예방 모니터 1명 + 대기 요원 1명,"구급함, 무전기, 음용수, 그늘막","예방 순찰 30분 간격 강화 | 응급 대응 장비 위치·작동 상태 점검 | 고위험 방문객 (노약자·어린이·임산부) 적극 모니터링 | 기상 변화·밀도 실시간 확인 | 대기 인력 현장 근접 배치 | [폭염] 그늘·음용수 추가 배치, 열사병 집중 모니터링, 피크타임 야외 자제 권고 | [한파] 저체온증 위험 모니터링, 실내 대피 공간 운영, 동상 응급처치 키트 배치",이상 징후(쓰러짐·발열·외상) 발견 즉시 위험 단계 상향,놀이터 — 어린이 외상·골절 빈발
F05,반려견놀이터,혼잡,강풍|폭염,2,0.1281,주의,🟡,0.1058,0.9683,0.0301,0.0015,예방 모니터 1명 + 대기 요원 1명,"구급함, 무전기, 음용수, 그늘막","예방 순찰 30분 간격 강화 | 응급 대응 장비 위치·작동 상태 점검 | 고위험 방문객 (노약자·어린이·임산부) 적극 모니터링 | 기상 변화·밀도 실시간 확인 | 대기 인력 현장 근접 배치 | [폭염] 그늘·음용수 추가 배치, 열사병 집중 모니터링, 피크타임 야외 자제 권고 | [강풍] 낙하물 위험 구역 통제, 야외 구조물·천막 긴급 점검",이상 징후(쓰러짐·발열·외상) 발견 즉시 위험 단계 상향,놀이터 — 어린이 외상·골절 빈발
F05,반려견놀이터,혼잡,야간|폭염,2,0.1297,주의,🟡,0.1058,0.9201,0.077,0.0029,예방 모니터 1명 + 대기 요원 1명,"구급함, 무전기, 음용수, 그늘막","예방 순찰 30분 간격 강화 | 응급 대응 장비 위치·작동 상태 점검 | 고위험 방문객 (노약자·어린이·임산부) 적극 모니터링 | 기상 변화·밀도 실시간 확인 | 대기 인력 현장 근접 배치 | [폭염] 그늘·음용수 추가 배치, 열사병 집중 모니터링, 피크타임 야외 자제 권고 | [야간] 조명 확보 및 시야 불량 구역 안전선 설치, 야간 순찰 강화",이상 징후(쓰러짐·발열·외상) 발견 즉시 위험 단계 상향,놀이터 — 어린이 외상·골절 빈발
F05,반려견놀이터,혼잡,폭염|피크타임,2,0.1274,주의,🟡,0.1058,0.9901,0.0088,0.0011,예방 모니터 1명 + 대기 요원 1명,"구급함, 무전기, 음용수, 그늘막","예방 순찰 30분 간격 강화 | 응급 대응 장비 위치·작동 상태 점검 | 고위험 방문객 (노약자·어린이·임산부) 적극 모니터링 | 기상 변화·밀도 실시간 확인 | 대기 인력 현장 근접 배치 | [폭염] 그늘·음용수 추가 배치, 열사병 집중 모니터링, 피크타임 야외 자제 권고",이상 징후(쓰러짐·발열·외상) 발견 즉시 위험 단계 상향,놀이터 — 어린이 외상·골절 빈발
F05,반려견놀이터,혼잡,우천|한파,2,0.1289,주의,🟡,0.0969,0.6131,0.3569,0.03,예방 모니터 1명 + 대기 요원 1명,"구급함, 무전기, 음용수, 그늘막","예방 순찰 30분 간격 강화 | 응급 대응 장비 위치·작동 상태 점검 | 고위험 방문객 (노약자·어린이·임산부) 적극 모니터링 | 기상 변화·밀도 실시간 확인 | 대기 인력 현장 근접 배치 | [우천] 미끄러짐 주의 안내, 낙뢰 위험 시설 대피, 우천 장비 점검 | [한파] 저체온증 위험 모니터링, 실내 대피 공간 운영, 동상 응급처치 키트 배치",이상 징후(쓰러짐·발열·외상) 발견 즉시 위험 단계 상향,놀이터 — 어린이 외상·골절 빈발
F05,반려견놀이터,혼잡,강풍|우천,2,0.1265,주의,🟡,0.0969,0.6693,0.3176,0.013,예방 모니터 1명 + 대기 요원 1명,"구급함, 무전기, 음용수, 그늘막","예방 순찰 30분 간격 강화 | 응급 대응 장비 위치·작동 상태 점검 | 고위험 방문객 (노약자·어린이·임산부) 적극 모니터링 | 기상 변화·밀도 실시간 확인 | 대기 인력 현장 근접 배치 | [우천] 미끄러짐 주의 안내, 낙뢰 위험 시설 대피, 우천 장비 점검 | [강풍] 낙하물 위험 구역 통제, 야외 구조물·천막 긴급 점검",이상 징후(쓰러짐·발열·외상) 발견 즉시 위험 단계 상향,놀이터 — 어린이 외상·골절 빈발
F05,반려견놀이터,혼잡,야간|우천,2,0.1308,주의,🟡,0.0969,0.5087,0.4852,0.0061,예방 모니터 1명 + 대기 요원 1명,"구급함, 무전기, 음용수, 그늘막","예방 순찰 30분 간격 강화 | 응급 대응 장비 위치·작동 상태 점검 | 고위험 방문객 (노약자·어린이·임산부) 적극 모니터링 | 기상 변화·밀도 실시간 확인 | 대기 인력 현장 근접 배치 | [우천] 미끄러짐 주의 안내, 낙뢰 위험 시설 대피, 우천 장비 점검 | [야간] 조명 확보 및 시야 불량 구역 안전선 설치, 야간 순찰 강화",이상 징후(쓰러짐·발열·외상) 발견 즉시 위험 단계 상향,놀이터 — 어린이 외상·골절 빈발
F05,반려견놀이터,혼잡,우천|피크타임,2,0.1171,주의,🟡,0.0969,0.9748,0.0218,0.0034,예방 모니터 1명 + 대기 요원 1명,"구급함, 무전기, 음용수, 그늘막","예방 순찰 30분 간격 강화 | 응급 대응 장비 위치·작동 상태 점검 | 고위험 방문객 (노약자·어린이·임산부) 적극 모니터링 | 기상 변화·밀도 실시간 확인 | 대기 인력 현장 근접 배치 | [우천] 미끄러짐 주의 안내, 낙뢰 위험 시설 대피, 우천 장비 점검",이상 징후(쓰러짐·발열·외상) 발견 즉시 위험 단계 상향,놀이터 — 어린이 외상·골절 빈발
F05,반려견놀이터,혼잡,강풍|한파,2,0.1275,주의,🟡,0.0969,0.6303,0.3593,0.0104,예방 모니터 1명 + 대기 요원 1명,"구급함, 무전기, 음용수, 그늘막","예방 순찰 30분 간격 강화 | 응급 대응 장비 위치·작동 상태 점검 | 고위험 방문객 (노약자·어린이·임산부) 적극 모니터링 | 기상 변화·밀도 실시간 확인 | 대기 인력 현장 근접 배치 | [한파] 저체온증 위험 모니터링, 실내 대피 공간 운영, 동상 응급처치 키트 배치 | [강풍] 낙하물 위험 구역 통제, 야외 구조물·천막 긴급 점검",이상 징후(쓰러짐·발열·외상) 발견 즉시 위험 단계 상향,놀이터 — 어린이 외상·골절 빈발
F05,반려견놀이터,혼잡,야간|한파,2,0.1329,주의,🟡,0.0969,0.441,0.5496,0.0094,예방 모니터 1명 + 대기 요원 1명,"구급함, 무전기, 음용수, 그늘막","예방 순찰 30분 간격 강화 | 응급 대응 장비 위치·작동 상태 점검 | 고위험 방문객 (노약자·어린이·임산부) 적극 모니터링 | 기상 변화·밀도 실시간 확인 | 대기 인력 현장 근접 배치 | [한파] 저체온증 위험 모니터링, 실내 대피 공간 운영, 동상 응급처치 키트 배치 | [야간] 조명 확보 및 시야 불량 구역 안전선 설치, 야간 순찰 강화",이상 징후(쓰러짐·발열·외상) 발견 즉시 위험 단계 상향,놀이터 — 어린이 외상·골절 빈발
F05,반려견놀이터,혼잡,피크타임|한파,2,0.1192,주의,🟡,0.0969,0.9166,0.0727,0.0107,예방 모니터 1명 + 대기 요원 1명,"구급함, 무전기, 음용수, 그늘막","예방 순찰 30분 간격 강화 | 응급 대응 장비 위치·작동 상태 점검 | 고위험 방문객 (노약자·어린이·임산부) 적극 모니터링 | 기상 변화·밀도 실시간 확인 | 대기 인력 현장 근접 배치 | [한파] 저체온증 위험 모니터링, 실내 대피 공간 운영, 동상 응급처치 키트 배치",이상 징후(쓰러짐·발열·외상) 발견 즉시 위험 단계 상향,놀이터 — 어린이 외상·골절 빈발
F05,반려견놀이터,혼잡,강풍|야간,2,0.1298,주의,🟡,0.0969,0.5345,0.4639,0.0016,예방 모니터 1명 + 대기 요원 1명,"구급함, 무전기, 음용수, 그늘막","예방 순찰 30분 간격 강화 | 응급 대응 장비 위치·작동 상태 점검 | 고위험 방문객 (노약자·어린이·임산부) 적극 모니터링 | 기상 변화·밀도 실시간 확인 | 대기 인력 현장 근접 배치 | [강풍] 낙하물 위험 구역 통제, 야외 구조물·천막 긴급 점검 | [야간] 조명 확보 및 시야 불량 구역 안전선 설치, 야간 순찰 강화",이상 징후(쓰러짐·발열·외상) 발견 즉시 위험 단계 상향,놀이터 — 어린이 외상·골절 빈발
F05,반려견놀이터,혼잡,강풍|피크타임,2,0.1167,주의,🟡,0.0969,0.9854,0.0132,0.0013,예방 모니터 1명 + 대기 요원 1명,"구급함, 무전기, 음용수, 그늘막","예방 순찰 30분 간격 강화 | 응급 대응 장비 위치·작동 상태 점검 | 고위험 방문객 (노약자·어린이·임산부) 적극 모니터링 | 기상 변화·밀도 실시간 확인 | 대기 인력 현장 근접 배치 | [강풍] 낙하물 위험 구역 통제, 야외 구조물·천막 긴급 점검",이상 징후(쓰러짐·발열·외상) 발견 즉시 위험 단계 상향,놀이터 — 어린이 외상·골절 빈발
F05,반려견놀이터,혼잡,야간|피크타임,2,0.1354,주의,🟡,0.0969,0.3401,0.6595,0.0004,예방 모니터 1명 + 대기 요원 1명,"구급함, 무전기, 음용수, 그늘막","예방 순찰 30분 간격 강화 | 응급 대응 장비 위치·작동 상태 점검 | 고위험 방문객 (노약자·어린이·임산부) 적극 모니터링 | 기상 변화·밀도 실시간 확인 | 대기 인력 현장 근접 배치 | [야간] 조명 확보 및 시야 불량 구역 안전선 설치, 야간 순찰 강화",이상 징후(쓰러짐·발열·외상) 발견 즉시 위험 단계 상향,놀이터 — 어린이 외상·골절 빈발
F05,반려견놀이터,혼잡,우천|폭염|한파,3,0.1292,주의,🟡,0.1058,0.952,0.0356,0.0124,예방 모니터 1명 + 대기 요원 1명,"구급함, 무전기, 음용수, 그늘막","예방 순찰 30분 간격 강화 | 응급 대응 장비 위치·작동 상태 점검 | 고위험 방문객 (노약자·어린이·임산부) 적극 모니터링 | 기상 변화·밀도 실시간 확인 | 대기 인력 현장 근접 배치 | [폭염] 그늘·음용수 추가 배치, 열사병 집중 모니터링, 피크타임 야외 자제 권고 | [우천] 미끄러짐 주의 안내, 낙뢰 위험 시설 대피, 우천 장비 점검 | [한파] 저체온증 위험 모니터링, 실내 대피 공간 운영, 동상 응급처치 키트 배치",이상 징후(쓰러짐·발열·외상) 발견 즉시 위험 단계 상향,놀이터 — 어린이 외상·골절 빈발
F05,반려견놀이터,혼잡,강풍|우천|폭염,3,0.1292,주의,🟡,0.1058,0.952,0.0356,0.0124,예방 모니터 1명 + 대기 요원 1명,"구급함, 무전기, 음용수, 그늘막","예방 순찰 30분 간격 강화 | 응급 대응 장비 위치·작동 상태 점검 | 고위험 방문객 (노약자·어린이·임산부) 적극 모니터링 | 기상 변화·밀도 실시간 확인 | 대기 인력 현장 근접 배치 | [폭염] 그늘·음용수 추가 배치, 열사병 집중 모니터링, 피크타임 야외 자제 권고 | [우천] 미끄러짐 주의 안내, 낙뢰 위험 시설 대피, 우천 장비 점검 | [강풍] 낙하물 위험 구역 통제, 야외 구조물·천막 긴급 점검",이상 징후(쓰러짐·발열·외상) 발견 즉시 위험 단계 상향,놀이터 — 어린이 외상·골절 빈발
F05,반려견놀이터,혼잡,야간|우천|폭염,3,0.1299,주의,🟡,0.1058,0.927,0.0608,0.0122,예방 모니터 1명 + 대기 요원 1명,"구급함, 무전기, 음용수, 그늘막","예방 순찰 30분 간격 강화 | 응급 대응 장비 위치·작동 상태 점검 | 고위험 방문객 (노약자·어린이·임산부) 적극 모니터링 | 기상 변화·밀도 실시간 확인 | 대기 인력 현장 근접 배치 | [폭염] 그늘·음용수 추가 배치, 열사병 집중 모니터링, 피크타임 야외 자제 권고 | [우천] 미끄러짐 주의 안내, 낙뢰 위험 시설 대피, 우천 장비 점검 | [야간] 조명 확보 및 시야 불량 구역 안전선 설치, 야간 순찰 강화",이상 징후(쓰러짐·발열·외상) 발견 즉시 위험 단계 상향,놀이터 — 어린이 외상·골절 빈발
F05,반려견놀이터,혼잡,우천|폭염|피크타임,3,0.128,주의,🟡,0.1058,0.9811,0.0106,0.0083,예방 모니터 1명 + 대기 요원 1명,"구급함, 무전기, 음용수, 그늘막","예방 순찰 30분 간격 강화 | 응급 대응 장비 위치·작동 상태 점검 | 고위험 방문객 (노약자·어린이·임산부) 적극 모니터링 | 기상 변화·밀도 실시간 확인 | 대기 인력 현장 근접 배치 | [폭염] 그늘·음용수 추가 배치, 열사병 집중 모니터링, 피크타임 야외 자제 권고 | [우천] 미끄러짐 주의 안내, 낙뢰 위험 시설 대피, 우천 장비 점검",이상 징후(쓰러짐·발열·외상) 발견 즉시 위험 단계 상향,놀이터 — 어린이 외상·골절 빈발
F05,반려견놀이터,혼잡,강풍|폭염|한파,3,0.1281,주의,🟡,0.1058,0.9683,0.0301,0.0015,예방 모니터 1명 + 대기 요원 1명,"구급함, 무전기, 음용수, 그늘막","예방 순찰 30분 간격 강화 | 응급 대응 장비 위치·작동 상태 점검 | 고위험 방문객 (노약자·어린이·임산부) 적극 모니터링 | 기상 변화·밀도 실시간 확인 | 대기 인력 현장 근접 배치 | [폭염] 그늘·음용수 추가 배치, 열사병 집중 모니터링, 피크타임 야외 자제 권고 | [한파] 저체온증 위험 모니터링, 실내 대피 공간 운영, 동상 응급처치 키트 배치 | [강풍] 낙하물 위험 구역 통제, 야외 구조물·천막 긴급 점검",이상 징후(쓰러짐·발열·외상) 발견 즉시 위험 단계 상향,놀이터 — 어린이 외상·골절 빈발
F05,반려견놀이터,혼잡,야간|폭염|한파,3,0.1297,주의,🟡,0.1058,0.9201,0.077,0.0029,예방 모니터 1명 + 대기 요원 1명,"구급함, 무전기, 음용수, 그늘막","예방 순찰 30분 간격 강화 | 응급 대응 장비 위치·작동 상태 점검 | 고위험 방문객 (노약자·어린이·임산부) 적극 모니터링 | 기상 변화·밀도 실시간 확인 | 대기 인력 현장 근접 배치 | [폭염] 그늘·음용수 추가 배치, 열사병 집중 모니터링, 피크타임 야외 자제 권고 | [한파] 저체온증 위험 모니터링, 실내 대피 공간 운영, 동상 응급처치 키트 배치 | [야간] 조명 확보 및 시야 불량 구역 안전선 설치, 야간 순찰 강화",이상 징후(쓰러짐·발열·외상) 발견 즉시 위험 단계 상향,놀이터 — 어린이 외상·골절 빈발
F05,반려견놀이터,혼잡,폭염|피크타임|한파,3,0.1274,주의,🟡,0.1058,0.9901,0.0088,0.0011,예방 모니터 1명 + 대기 요원 1명,"구급함, 무전기, 음용수, 그늘막","예방 순찰 30분 간격 강화 | 응급 대응 장비 위치·작동 상태 점검 | 고위험 방문객 (노약자·어린이·임산부) 적극 모니터링 | 기상 변화·밀도 실시간 확인 | 대기 인력 현장 근접 배치 | [폭염] 그늘·음용수 추가 배치, 열사병 집중 모니터링, 피크타임 야외 자제 권고 | [한파] 저체온증 위험 모니터링, 실내 대피 공간 운영, 동상 응급처치 키트 배치",이상 징후(쓰러짐·발열·외상) 발견 즉시 위험 단계 상향,놀이터 — 어린이 외상·골절 빈발
F05,반려견놀이터,혼잡,강풍|야간|폭염,3,0.1297,주의,🟡,0.1058,0.9201,0.077,0.0029,예방 모니터 1명 + 대기 요원 1명,"구급함, 무전기, 음용수, 그늘막","예방 순찰 30분 간격 강화 | 응급 대응 장비 위치·작동 상태 점검 | 고위험 방문객 (노약자·어린이·임산부) 적극 모니터링 | 기상 변화·밀도 실시간 확인 | 대기 인력 현장 근접 배치 | [폭염] 그늘·음용수 추가 배치, 열사병 집중 모니터링, 피크타임 야외 자제 권고 | [강풍] 낙하물 위험 구역 통제, 야외 구조물·천막 긴급 점검 | [야간] 조명 확보 및 시야 불량 구역 안전선 설치, 야간 순찰 강화",이상 징후(쓰러짐·발열·외상) 발견 즉시 위험 단계 상향,놀이터 — 어린이 외상·골절 빈발
F05,반려견놀이터,혼잡,강풍|폭염|피크타임,3,0.1274,주의,🟡,0.1058,0.9901,0.0088,0.0011,예방 모니터 1명 + 대기 요원 1명,"구급함, 무전기, 음용수, 그늘막","예방 순찰 30분 간격 강화 | 응급 대응 장비 위치·작동 상태 점검 | 고위험 방문객 (노약자·어린이·임산부) 적극 모니터링 | 기상 변화·밀도 실시간 확인 | 대기 인력 현장 근접 배치 | [폭염] 그늘·음용수 추가 배치, 열사병 집중 모니터링, 피크타임 야외 자제 권고 | [강풍] 낙하물 위험 구역 통제, 야외 구조물·천막 긴급 점검",이상 징후(쓰러짐·발열·외상) 발견 즉시 위험 단계 상향,놀이터 — 어린이 외상·골절 빈발
F05,반려견놀이터,혼잡,야간|폭염|피크타임,3,0.1297,주의,🟡,0.1058,0.9201,0.077,0.0029,예방 모니터 1명 + 대기 요원 1명,"구급함, 무전기, 음용수, 그늘막","예방 순찰 30분 간격 강화 | 응급 대응 장비 위치·작동 상태 점검 | 고위험 방문객 (노약자·어린이·임산부) 적극 모니터링 | 기상 변화·밀도 실시간 확인 | 대기 인력 현장 근접 배치 | [폭염] 그늘·음용수 추가 배치, 열사병 집중 모니터링, 피크타임 야외 자제 권고 | [야간] 조명 확보 및 시야 불량 구역 안전선 설치, 야간 순찰 강화",이상 징후(쓰러짐·발열·외상) 발견 즉시 위험 단계 상향,놀이터 — 어린이 외상·골절 빈발
F05,반려견놀이터,혼잡,강풍|우천|한파,3,0.1289,주의,🟡,0.0969,0.6131,0.3569,0.03,예방 모니터 1명 + 대기 요원 1명,"구급함, 무전기, 음용수, 그늘막","예방 순찰 30분 간격 강화 | 응급 대응 장비 위치·작동 상태 점검 | 고위험 방문객 (노약자·어린이·임산부) 적극 모니터링 | 기상 변화·밀도 실시간 확인 | 대기 인력 현장 근접 배치 | [우천] 미끄러짐 주의 안내, 낙뢰 위험 시설 대피, 우천 장비 점검 | [한파] 저체온증 위험 모니터링, 실내 대피 공간 운영, 동상 응급처치 키트 배치 | [강풍] 낙하물 위험 구역 통제, 야외 구조물·천막 긴급 점검",이상 징후(쓰러짐·발열·외상) 발견 즉시 위험 단계 상향,놀이터 — 어린이 외상·골절 빈발
F05,반려견놀이터,혼잡,야간|우천|한파,3,0.1303,주의,🟡,0.0969,0.5534,0.4242,0.0224,예방 모니터 1명 + 대기 요원 1명,"구급함, 무전기, 음용수, 그늘막","예방 순찰 30분 간격 강화 | 응급 대응 장비 위치·작동 상태 점검 | 고위험 방문객 (노약자·어린이·임산부) 적극 모니터링 | 기상 변화·밀도 실시간 확인 | 대기 인력 현장 근접 배치 | [우천] 미끄러짐 주의 안내, 낙뢰 위험 시설 대피, 우천 장비 점검 | [한파] 저체온증 위험 모니터링, 실내 대피 공간 운영, 동상 응급처치 키트 배치 | [야간] 조명 확보 및 시야 불량 구역 안전선 설치, 야간 순찰 강화",이상 징후(쓰러짐·발열·외상) 발견 즉시 위험 단계 상향,놀이터 — 어린이 외상·골절 빈발
F05,반려견놀이터,혼잡,우천|피크타임|한파,3,0.1211,주의,🟡,0.0969,0.8892,0.0757,0.0351,예방 모니터 1명 + 대기 요원 1명,"구급함, 무전기, 음용수, 그늘막","예방 순찰 30분 간격 강화 | 응급 대응 장비 위치·작동 상태 점검 | 고위험 방문객 (노약자·어린이·임산부) 적극 모니터링 | 기상 변화·밀도 실시간 확인 | 대기 인력 현장 근접 배치 | [우천] 미끄러짐 주의 안내, 낙뢰 위험 시설 대피, 우천 장비 점검 | [한파] 저체온증 위험 모니터링, 실내 대피 공간 운영, 동상 응급처치 키트 배치",이상 징후(쓰러짐·발열·외상) 발견 즉시 위험 단계 상향,놀이터 — 어린이 외상·골절 빈발
F05,반려견놀이터,혼잡,강풍|야간|우천,3,0.1277,주의,🟡,0.0969,0.6186,0.3729,0.0085,예방 모니터 1명 + 대기 요원 1명,"구급함, 무전기, 음용수, 그늘막","예방 순찰 30분 간격 강화 | 응급 대응 장비 위치·작동 상태 점검 | 고위험 방문객 (노약자·어린이·임산부) 적극 모니터링 | 기상 변화·밀도 실시간 확인 | 대기 인력 현장 근접 배치 | [우천] 미끄러짐 주의 안내, 낙뢰 위험 시설 대피, 우천 장비 점검 | [강풍] 낙하물 위험 구역 통제, 야외 구조물·천막 긴급 점검 | [야간] 조명 확보 및 시야 불량 구역 안전선 설치, 야간 순찰 강화",이상 징후(쓰러짐·발열·외상) 발견 즉시 위험 단계 상향,놀이터 — 어린이 외상·골절 빈발
F05,반려견놀이터,혼잡,강풍|우천|피크타임,3,0.118,주의,🟡,0.0969,0.9613,0.0244,0.0143,예방 모니터 1명 + 대기 요원 1명,"구급함, 무전기, 음용수, 그늘막","예방 순찰 30분 간격 강화 | 응급 대응 장비 위치·작동 상태 점검 | 고위험 방문객 (노약자·어린이·임산부) 적극 모니터링 | 기상 변화·밀도 실시간 확인 | 대기 인력 현장 근접 배치 | [우천] 미끄러짐 주의 안내, 낙뢰 위험 시설 대피, 우천 장비 점검 | [강풍] 낙하물 위험 구역 통제, 야외 구조물·천막 긴급 점검",이상 징후(쓰러짐·발열·외상) 발견 즉시 위험 단계 상향,놀이터 — 어린이 외상·골절 빈발
F05,반려견놀이터,혼잡,야간|우천|피크타임,3,0.1308,주의,🟡,0.0969,0.5087,0.4852,0.0061,예방 모니터 1명 + 대기 요원 1명,"구급함, 무전기, 음용수, 그늘막","예방 순찰 30분 간격 강화 | 응급 대응 장비 위치·작동 상태 점검 | 고위험 방문객 (노약자·어린이·임산부) 적극 모니터링 | 기상 변화·밀도 실시간 확인 | 대기 인력 현장 근접 배치 | [우천] 미끄러짐 주의 안내, 낙뢰 위험 시설 대피, 우천 장비 점검 | [야간] 조명 확보 및 시야 불량 구역 안전선 설치, 야간 순찰 강화",이상 징후(쓰러짐·발열·외상) 발견 즉시 위험 단계 상향,놀이터 — 어린이 외상·골절 빈발
F05,반려견놀이터,혼잡,강풍|야간|한파,3,0.1329,주의,🟡,0.0969,0.441,0.5496,0.0094,예방 모니터 1명 + 대기 요원 1명,"구급함, 무전기, 음용수, 그늘막","예방 순찰 30분 간격 강화 | 응급 대응 장비 위치·작동 상태 점검 | 고위험 방문객 (노약자·어린이·임산부) 적극 모니터링 | 기상 변화·밀도 실시간 확인 | 대기 인력 현장 근접 배치 | [한파] 저체온증 위험 모니터링, 실내 대피 공간 운영, 동상 응급처치 키트 배치 | [강풍] 낙하물 위험 구역 통제, 야외 구조물·천막 긴급 점검 | [야간] 조명 확보 및 시야 불량 구역 안전선 설치, 야간 순찰 강화",이상 징후(쓰러짐·발열·외상) 발견 즉시 위험 단계 상향,놀이터 — 어린이 외상·골절 빈발
F05,반려견놀이터,혼잡,강풍|피크타임|한파,3,0.1192,주의,🟡,0.0969,0.9166,0.0727,0.0107,예방 모니터 1명 + 대기 요원 1명,"구급함, 무전기, 음용수, 그늘막","예방 순찰 30분 간격 강화 | 응급 대응 장비 위치·작동 상태 점검 | 고위험 방문객 (노약자·어린이·임산부) 적극 모니터링 | 기상 변화·밀도 실시간 확인 | 대기 인력 현장 근접 배치 | [한파] 저체온증 위험 모니터링, 실내 대피 공간 운영, 동상 응급처치 키트 배치 | [강풍] 낙하물 위험 구역 통제, 야외 구조물·천막 긴급 점검",이상 징후(쓰러짐·발열·외상) 발견 즉시 위험 단계 상향,놀이터 — 어린이 외상·골절 빈발
F05,반려견놀이터,혼잡,야간|피크타임|한파,3,0.1329,주의,🟡,0.0969,0.441,0.5496,0.0094,예방 모니터 1명 + 대기 요원 1명,"구급함, 무전기, 음용수, 그늘막","예방 순찰 30분 간격 강화 | 응급 대응 장비 위치·작동 상태 점검 | 고위험 방문객 (노약자·어린이·임산부) 적극 모니터링 | 기상 변화·밀도 실시간 확인 | 대기 인력 현장 근접 배치 | [한파] 저체온증 위험 모니터링, 실내 대피 공간 운영, 동상 응급처치 키트 배치 | [야간] 조명 확보 및 시야 불량 구역 안전선 설치, 야간 순찰 강화",이상 징후(쓰러짐·발열·외상) 발견 즉시 위험 단계 상향,놀이터 — 어린이 외상·골절 빈발
F05,반려견놀이터,혼잡,강풍|야간|피크타임,3,0.1298,주의,🟡,0.0969,0.5345,0.4639,0.0016,예방 모니터 1명 + 대기 요원 1명,"구급함, 무전기, 음용수, 그늘막","예방 순찰 30분 간격 강화 | 응급 대응 장비 위치·작동 상태 점검 | 고위험 방문객 (노약자·어린이·임산부) 적극 모니터링 | 기상 변화·밀도 실시간 확인 | 대기 인력 현장 근접 배치 | [강풍] 낙하물 위험 구역 통제, 야외 구조물·천막 긴급 점검 | [야간] 조명 확보 및 시야 불량 구역 안전선 설치, 야간 순찰 강화",이상 징후(쓰러짐·발열·외상) 발견 즉시 위험 단계 상향,놀이터 — 어린이 외상·골절 빈발
F05,반려견놀이터,혼잡,강풍|우천|폭염|한파,4,0.1292,주의,🟡,0.1058,0.952,0.0356,0.0124,예방 모니터 1명 + 대기 요원 1명,"구급함, 무전기, 음용수, 그늘막","예방 순찰 30분 간격 강화 | 응급 대응 장비 위치·작동 상태 점검 | 고위험 방문객 (노약자·어린이·임산부) 적극 모니터링 | 기상 변화·밀도 실시간 확인 | 대기 인력 현장 근접 배치 | [폭염] 그늘·음용수 추가 배치, 열사병 집중 모니터링, 피크타임 야외 자제 권고 | [우천] 미끄러짐 주의 안내, 낙뢰 위험 시설 대피, 우천 장비 점검 | [한파] 저체온증 위험 모니터링, 실내 대피 공간 운영, 동상 응급처치 키트 배치 | [강풍] 낙하물 위험 구역 통제, 야외 구조물·천막 긴급 점검",이상 징후(쓰러짐·발열·외상) 발견 즉시 위험 단계 상향,놀이터 — 어린이 외상·골절 빈발
F05,반려견놀이터,혼잡,야간|우천|폭염|한파,4,0.1299,주의,🟡,0.1058,0.927,0.0608,0.0122,예방 모니터 1명 + 대기 요원 1명,"구급함, 무전기, 음용수, 그늘막","예방 순찰 30분 간격 강화 | 응급 대응 장비 위치·작동 상태 점검 | 고위험 방문객 (노약자·어린이·임산부) 적극 모니터링 | 기상 변화·밀도 실시간 확인 | 대기 인력 현장 근접 배치 | [폭염] 그늘·음용수 추가 배치, 열사병 집중 모니터링, 피크타임 야외 자제 권고 | [우천] 미끄러짐 주의 안내, 낙뢰 위험 시설 대피, 우천 장비 점검 | [한파] 저체온증 위험 모니터링, 실내 대피 공간 운영, 동상 응급처치 키트 배치 | [야간] 조명 확보 및 시야 불량 구역 안전선 설치, 야간 순찰 강화",이상 징후(쓰러짐·발열·외상) 발견 즉시 위험 단계 상향,놀이터 — 어린이 외상·골절 빈발
F05,반려견놀이터,혼잡,우천|폭염|피크타임|한파,4,0.128,주의,🟡,0.1058,0.9811,0.0106,0.0083,예방 모니터 1명 + 대기 요원 1명,"구급함, 무전기, 음용수, 그늘막","예방 순찰 30분 간격 강화 | 응급 대응 장비 위치·작동 상태 점검 | 고위험 방문객 (노약자·어린이·임산부) 적극 모니터링 | 기상 변화·밀도 실시간 확인 | 대기 인력 현장 근접 배치 | [폭염] 그늘·음용수 추가 배치, 열사병 집중 모니터링, 피크타임 야외 자제 권고 | [우천] 미끄러짐 주의 안내, 낙뢰 위험 시설 대피, 우천 장비 점검 | [한파] 저체온증 위험 모니터링, 실내 대피 공간 운영, 동상 응급처치 키트 배치",이상 징후(쓰러짐·발열·외상) 발견 즉시 위험 단계 상향,놀이터 — 어린이 외상·골절 빈발
F05,반려견놀이터,혼잡,강풍|야간|우천|폭염,4,0.1299,주의,🟡,0.1058,0.927,0.0608,0.0122,예방 모니터 1명 + 대기 요원 1명,"구급함, 무전기, 음용수, 그늘막","예방 순찰 30분 간격 강화 | 응급 대응 장비 위치·작동 상태 점검 | 고위험 방문객 (노약자·어린이·임산부) 적극 모니터링 | 기상 변화·밀도 실시간 확인 | 대기 인력 현장 근접 배치 | [폭염] 그늘·음용수 추가 배치, 열사병 집중 모니터링, 피크타임 야외 자제 권고 | [우천] 미끄러짐 주의 안내, 낙뢰 위험 시설 대피, 우천 장비 점검 | [강풍] 낙하물 위험 구역 통제, 야외 구조물·천막 긴급 점검 | [야간] 조명 확보 및 시야 불량 구역 안전선 설치, 야간 순찰 강화",이상 징후(쓰러짐·발열·외상) 발견 즉시 위험 단계 상향,놀이터 — 어린이 외상·골절 빈발
F05,반려견놀이터,혼잡,강풍|우천|폭염|피크타임,4,0.128,주의,🟡,0.1058,0.9811,0.0106,0.0083,예방 모니터 1명 + 대기 요원 1명,"구급함, 무전기, 음용수, 그늘막","예방 순찰 30분 간격 강화 | 응급 대응 장비 위치·작동 상태 점검 | 고위험 방문객 (노약자·어린이·임산부) 적극 모니터링 | 기상 변화·밀도 실시간 확인 | 대기 인력 현장 근접 배치 | [폭염] 그늘·음용수 추가 배치, 열사병 집중 모니터링, 피크타임 야외 자제 권고 | [우천] 미끄러짐 주의 안내, 낙뢰 위험 시설 대피, 우천 장비 점검 | [강풍] 낙하물 위험 구역 통제, 야외 구조물·천막 긴급 점검",이상 징후(쓰러짐·발열·외상) 발견 즉시 위험 단계 상향,놀이터 — 어린이 외상·골절 빈발
F05,반려견놀이터,혼잡,야간|우천|폭염|피크타임,4,0.1299,주의,🟡,0.1058,0.927,0.0608,0.0122,예방 모니터 1명 + 대기 요원 1명,"구급함, 무전기, 음용수, 그늘막","예방 순찰 30분 간격 강화 | 응급 대응 장비 위치·작동 상태 점검 | 고위험 방문객 (노약자·어린이·임산부) 적극 모니터링 | 기상 변화·밀도 실시간 확인 | 대기 인력 현장 근접 배치 | [폭염] 그늘·음용수 추가 배치, 열사병 집중 모니터링, 피크타임 야외 자제 권고 | [우천] 미끄러짐 주의 안내, 낙뢰 위험 시설 대피, 우천 장비 점검 | [야간] 조명 확보 및 시야 불량 구역 안전선 설치, 야간 순찰 강화",이상 징후(쓰러짐·발열·외상) 발견 즉시 위험 단계 상향,놀이터 — 어린이 외상·골절 빈발
F05,반려견놀이터,혼잡,강풍|야간|폭염|한파,4,0.1297,주의,🟡,0.1058,0.9201,0.077,0.0029,예방 모니터 1명 + 대기 요원 1명,"구급함, 무전기, 음용수, 그늘막","예방 순찰 30분 간격 강화 | 응급 대응 장비 위치·작동 상태 점검 | 고위험 방문객 (노약자·어린이·임산부) 적극 모니터링 | 기상 변화·밀도 실시간 확인 | 대기 인력 현장 근접 배치 | [폭염] 그늘·음용수 추가 배치, 열사병 집중 모니터링, 피크타임 야외 자제 권고 | [한파] 저체온증 위험 모니터링, 실내 대피 공간 운영, 동상 응급처치 키트 배치 | [강풍] 낙하물 위험 구역 통제, 야외 구조물·천막 긴급 점검 | [야간] 조명 확보 및 시야 불량 구역 안전선 설치, 야간 순찰 강화",이상 징후(쓰러짐·발열·외상) 발견 즉시 위험 단계 상향,놀이터 — 어린이 외상·골절 빈발
F05,반려견놀이터,혼잡,강풍|폭염|피크타임|한파,4,0.1274,주의,🟡,0.1058,0.9901,0.0088,0.0011,예방 모니터 1명 + 대기 요원 1명,"구급함, 무전기, 음용수, 그늘막","예방 순찰 30분 간격 강화 | 응급 대응 장비 위치·작동 상태 점검 | 고위험 방문객 (노약자·어린이·임산부) 적극 모니터링 | 기상 변화·밀도 실시간 확인 | 대기 인력 현장 근접 배치 | [폭염] 그늘·음용수 추가 배치, 열사병 집중 모니터링, 피크타임 야외 자제 권고 | [한파] 저체온증 위험 모니터링, 실내 대피 공간 운영, 동상 응급처치 키트 배치 | [강풍] 낙하물 위험 구역 통제, 야외 구조물·천막 긴급 점검",이상 징후(쓰러짐·발열·외상) 발견 즉시 위험 단계 상향,놀이터 — 어린이 외상·골절 빈발
F05,반려견놀이터,혼잡,야간|폭염|피크타임|한파,4,0.1297,주의,🟡,0.1058,0.9201,0.077,0.0029,예방 모니터 1명 + 대기 요원 1명,"구급함, 무전기, 음용수, 그늘막","예방 순찰 30분 간격 강화 | 응급 대응 장비 위치·작동 상태 점검 | 고위험 방문객 (노약자·어린이·임산부) 적극 모니터링 | 기상 변화·밀도 실시간 확인 | 대기 인력 현장 근접 배치 | [폭염] 그늘·음용수 추가 배치, 열사병 집중 모니터링, 피크타임 야외 자제 권고 | [한파] 저체온증 위험 모니터링, 실내 대피 공간 운영, 동상 응급처치 키트 배치 | [야간] 조명 확보 및 시야 불량 구역 안전선 설치, 야간 순찰 강화",이상 징후(쓰러짐·발열·외상) 발견 즉시 위험 단계 상향,놀이터 — 어린이 외상·골절 빈발
F05,반려견놀이터,혼잡,강풍|야간|폭염|피크타임,4,0.1297,주의,🟡,0.1058,0.9201,0.077,0.0029,예방 모니터 1명 + 대기 요원 1명,"구급함, 무전기, 음용수, 그늘막","예방 순찰 30분 간격 강화 | 응급 대응 장비 위치·작동 상태 점검 | 고위험 방문객 (노약자·어린이·임산부) 적극 모니터링 | 기상 변화·밀도 실시간 확인 | 대기 인력 현장 근접 배치 | [폭염] 그늘·음용수 추가 배치, 열사병 집중 모니터링, 피크타임 야외 자제 권고 | [강풍] 낙하물 위험 구역 통제, 야외 구조물·천막 긴급 점검 | [야간] 조명 확보 및 시야 불량 구역 안전선 설치, 야간 순찰 강화",이상 징후(쓰러짐·발열·외상) 발견 즉시 위험 단계 상향,놀이터 — 어린이 외상·골절 빈발
F05,반려견놀이터,혼잡,강풍|야간|우천|한파,4,0.1303,주의,🟡,0.0969,0.5534,0.4242,0.0224,예방 모니터 1명 + 대기 요원 1명,"구급함, 무전기, 음용수, 그늘막","예방 순찰 30분 간격 강화 | 응급 대응 장비 위치·작동 상태 점검 | 고위험 방문객 (노약자·어린이·임산부) 적극 모니터링 | 기상 변화·밀도 실시간 확인 | 대기 인력 현장 근접 배치 | [우천] 미끄러짐 주의 안내, 낙뢰 위험 시설 대피, 우천 장비 점검 | [한파] 저체온증 위험 모니터링, 실내 대피 공간 운영, 동상 응급처치 키트 배치 | [강풍] 낙하물 위험 구역 통제, 야외 구조물·천막 긴급 점검 | [야간] 조명 확보 및 시야 불량 구역 안전선 설치, 야간 순찰 강화",이상 징후(쓰러짐·발열·외상) 발견 즉시 위험 단계 상향,놀이터 — 어린이 외상·골절 빈발
F05,반려견놀이터,혼잡,강풍|우천|피크타임|한파,4,0.1211,주의,🟡,0.0969,0.8892,0.0757,0.0351,예방 모니터 1명 + 대기 요원 1명,"구급함, 무전기, 음용수, 그늘막","예방 순찰 30분 간격 강화 | 응급 대응 장비 위치·작동 상태 점검 | 고위험 방문객 (노약자·어린이·임산부) 적극 모니터링 | 기상 변화·밀도 실시간 확인 | 대기 인력 현장 근접 배치 | [우천] 미끄러짐 주의 안내, 낙뢰 위험 시설 대피, 우천 장비 점검 | [한파] 저체온증 위험 모니터링, 실내 대피 공간 운영, 동상 응급처치 키트 배치 | [강풍] 낙하물 위험 구역 통제, 야외 구조물·천막 긴급 점검",이상 징후(쓰러짐·발열·외상) 발견 즉시 위험 단계 상향,놀이터 — 어린이 외상·골절 빈발
F05,반려견놀이터,혼잡,야간|우천|피크타임|한파,4,0.1303,주의,🟡,0.0969,0.5534,0.4242,0.0224,예방 모니터 1명 + 대기 요원 1명,"구급함, 무전기, 음용수, 그늘막","예방 순찰 30분 간격 강화 | 응급 대응 장비 위치·작동 상태 점검 | 고위험 방문객 (노약자·어린이·임산부) 적극 모니터링 | 기상 변화·밀도 실시간 확인 | 대기 인력 현장 근접 배치 | [우천] 미끄러짐 주의 안내, 낙뢰 위험 시설 대피, 우천 장비 점검 | [한파] 저체온증 위험 모니터링, 실내 대피 공간 운영, 동상 응급처치 키트 배치 | [야간] 조명 확보 및 시야 불량 구역 안전선 설치, 야간 순찰 강화",이상 징후(쓰러짐·발열·외상) 발견 즉시 위험 단계 상향,놀이터 — 어린이 외상·골절 빈발
F05,반려견놀이터,혼잡,강풍|야간|우천|피크타임,4,0.1277,주의,🟡,0.0969,0.6186,0.3729,0.0085,예방 모니터 1명 + 대기 요원 1명,"구급함, 무전기, 음용수, 그늘막","예방 순찰 30분 간격 강화 | 응급 대응 장비 위치·작동 상태 점검 | 고위험 방문객 (노약자·어린이·임산부) 적극 모니터링 | 기상 변화·밀도 실시간 확인 | 대기 인력 현장 근접 배치 | [우천] 미끄러짐 주의 안내, 낙뢰 위험 시설 대피, 우천 장비 점검 | [강풍] 낙하물 위험 구역 통제, 야외 구조물·천막 긴급 점검 | [야간] 조명 확보 및 시야 불량 구역 안전선 설치, 야간 순찰 강화",이상 징후(쓰러짐·발열·외상) 발견 즉시 위험 단계 상향,놀이터 — 어린이 외상·골절 빈발
F05,반려견놀이터,혼잡,강풍|야간|피크타임|한파,4,0.1329,주의,🟡,0.0969,0.441,0.5496,0.0094,예방 모니터 1명 + 대기 요원 1명,"구급함, 무전기, 음용수, 그늘막","예방 순찰 30분 간격 강화 | 응급 대응 장비 위치·작동 상태 점검 | 고위험 방문객 (노약자·어린이·임산부) 적극 모니터링 | 기상 변화·밀도 실시간 확인 | 대기 인력 현장 근접 배치 | [한파] 저체온증 위험 모니터링, 실내 대피 공간 운영, 동상 응급처치 키트 배치 | [강풍] 낙하물 위험 구역 통제, 야외 구조물·천막 긴급 점검 | [야간] 조명 확보 및 시야 불량 구역 안전선 설치, 야간 순찰 강화",이상 징후(쓰러짐·발열·외상) 발견 즉시 위험 단계 상향,놀이터 — 어린이 외상·골절 빈발
F05,반려견놀이터,혼잡,강풍|야간|우천|폭염|한파,5,0.1299,주의,🟡,0.1058,0.927,0.0608,0.0122,예방 모니터 1명 + 대기 요원 1명,"구급함, 무전기, 음용수, 그늘막","예방 순찰 30분 간격 강화 | 응급 대응 장비 위치·작동 상태 점검 | 고위험 방문객 (노약자·어린이·임산부) 적극 모니터링 | 기상 변화·밀도 실시간 확인 | 대기 인력 현장 근접 배치 | [폭염] 그늘·음용수 추가 배치, 열사병 집중 모니터링, 피크타임 야외 자제 권고 | [우천] 미끄러짐 주의 안내, 낙뢰 위험 시설 대피, 우천 장비 점검 | [한파] 저체온증 위험 모니터링, 실내 대피 공간 운영, 동상 응급처치 키트 배치 | [강풍] 낙하물 위험 구역 통제, 야외 구조물·천막 긴급 점검 | [야간] 조명 확보 및 시야 불량 구역 안전선 설치, 야간 순찰 강화",이상 징후(쓰러짐·발열·외상) 발견 즉시 위험 단계 상향,놀이터 — 어린이 외상·골절 빈발
F05,반려견놀이터,혼잡,강풍|우천|폭염|피크타임|한파,5,0.128,주의,🟡,0.1058,0.9811,0.0106,0.0083,예방 모니터 1명 + 대기 요원 1명,"구급함, 무전기, 음용수, 그늘막","예방 순찰 30분 간격 강화 | 응급 대응 장비 위치·작동 상태 점검 | 고위험 방문객 (노약자·어린이·임산부) 적극 모니터링 | 기상 변화·밀도 실시간 확인 | 대기 인력 현장 근접 배치 | [폭염] 그늘·음용수 추가 배치, 열사병 집중 모니터링, 피크타임 야외 자제 권고 | [우천] 미끄러짐 주의 안내, 낙뢰 위험 시설 대피, 우천 장비 점검 | [한파] 저체온증 위험 모니터링, 실내 대피 공간 운영, 동상 응급처치 키트 배치 | [강풍] 낙하물 위험 구역 통제, 야외 구조물·천막 긴급 점검",이상 징후(쓰러짐·발열·외상) 발견 즉시 위험 단계 상향,놀이터 — 어린이 외상·골절 빈발
F05,반려견놀이터,혼잡,야간|우천|폭염|피크타임|한파,5,0.1299,주의,🟡,0.1058,0.927,0.0608,0.0122,예방 모니터 1명 + 대기 요원 1명,"구급함, 무전기, 음용수, 그늘막","예방 순찰 30분 간격 강화 | 응급 대응 장비 위치·작동 상태 점검 | 고위험 방문객 (노약자·어린이·임산부) 적극 모니터링 | 기상 변화·밀도 실시간 확인 | 대기 인력 현장 근접 배치 | [폭염] 그늘·음용수 추가 배치, 열사병 집중 모니터링, 피크타임 야외 자제 권고 | [우천] 미끄러짐 주의 안내, 낙뢰 위험 시설 대피, 우천 장비 점검 | [한파] 저체온증 위험 모니터링, 실내 대피 공간 운영, 동상 응급처치 키트 배치 | [야간] 조명 확보 및 시야 불량 구역 안전선 설치, 야간 순찰 강화",이상 징후(쓰러짐·발열·외상) 발견 즉시 위험 단계 상향,놀이터 — 어린이 외상·골절 빈발
F05,반려견놀이터,혼잡,강풍|야간|우천|폭염|피크타임,5,0.1299,주의,🟡,0.1058,0.927,0.0608,0.0122,예방 모니터 1명 + 대기 요원 1명,"구급함, 무전기, 음용수, 그늘막","예방 순찰 30분 간격 강화 | 응급 대응 장비 위치·작동 상태 점검 | 고위험 방문객 (노약자·어린이·임산부) 적극 모니터링 | 기상 변화·밀도 실시간 확인 | 대기 인력 현장 근접 배치 | [폭염] 그늘·음용수 추가 배치, 열사병 집중 모니터링, 피크타임 야외 자제 권고 | [우천] 미끄러짐 주의 안내, 낙뢰 위험 시설 대피, 우천 장비 점검 | [강풍] 낙하물 위험 구역 통제, 야외 구조물·천막 긴급 점검 | [야간] 조명 확보 및 시야 불량 구역 안전선 설치, 야간 순찰 강화",이상 징후(쓰러짐·발열·외상) 발견 즉시 위험 단계 상향,놀이터 — 어린이 외상·골절 빈발
F05,반려견놀이터,혼잡,강풍|야간|폭염|피크타임|한파,5,0.1297,주의,🟡,0.1058,0.9201,0.077,0.0029,예방 모니터 1명 + 대기 요원 1명,"구급함, 무전기, 음용수, 그늘막","예방 순찰 30분 간격 강화 | 응급 대응 장비 위치·작동 상태 점검 | 고위험 방문객 (노약자·어린이·임산부) 적극 모니터링 | 기상 변화·밀도 실시간 확인 | 대기 인력 현장 근접 배치 | [폭염] 그늘·음용수 추가 배치, 열사병 집중 모니터링, 피크타임 야외 자제 권고 | [한파] 저체온증 위험 모니터링, 실내 대피 공간 운영, 동상 응급처치 키트 배치 | [강풍] 낙하물 위험 구역 통제, 야외 구조물·천막 긴급 점검 | [야간] 조명 확보 및 시야 불량 구역 안전선 설치, 야간 순찰 강화",이상 징후(쓰러짐·발열·외상) 발견 즉시 위험 단계 상향,놀이터 — 어린이 외상·골절 빈발
F05,반려견놀이터,혼잡,강풍|야간|우천|피크타임|한파,5,0.1303,주의,🟡,0.0969,0.5534,0.4242,0.0224,예방 모니터 1명 + 대기 요원 1명,"구급함, 무전기, 음용수, 그늘막","예방 순찰 30분 간격 강화 | 응급 대응 장비 위치·작동 상태 점검 | 고위험 방문객 (노약자·어린이·임산부) 적극 모니터링 | 기상 변화·밀도 실시간 확인 | 대기 인력 현장 근접 배치 | [우천] 미끄러짐 주의 안내, 낙뢰 위험 시설 대피, 우천 장비 점검 | [한파] 저체온증 위험 모니터링, 실내 대피 공간 운영, 동상 응급처치 키트 배치 | [강풍] 낙하물 위험 구역 통제, 야외 구조물·천막 긴급 점검 | [야간] 조명 확보 및 시야 불량 구역 안전선 설치, 야간 순찰 강화",이상 징후(쓰러짐·발열·외상) 발견 즉시 위험 단계 상향,놀이터 — 어린이 외상·골절 빈발
F05,반려견놀이터,혼잡,강풍|야간|우천|폭염|피크타임|한파,6,0.1299,주의,🟡,0.1058,0.927,0.0608,0.0122,예방 모니터 1명 + 대기 요원 1명,"구급함, 무전기, 음용수, 그늘막","예방 순찰 30분 간격 강화 | 응급 대응 장비 위치·작동 상태 점검 | 고위험 방문객 (노약자·어린이·임산부) 적극 모니터링 | 기상 변화·밀도 실시간 확인 | 대기 인력 현장 근접 배치 | [폭염] 그늘·음용수 추가 배치, 열사병 집중 모니터링, 피크타임 야외 자제 권고 | [우천] 미끄러짐 주의 안내, 낙뢰 위험 시설 대피, 우천 장비 점검 | [한파] 저체온증 위험 모니터링, 실내 대피 공간 운영, 동상 응급처치 키트 배치 | [강풍] 낙하물 위험 구역 통제, 야외 구조물·천막 긴급 점검 | [야간] 조명 확보 및 시야 불량 구역 안전선 설치, 야간 순찰 강화",이상 징후(쓰러짐·발열·외상) 발견 즉시 위험 단계 상향,놀이터 — 어린이 외상·골절 빈발
F05,반려견놀이터,매우혼잡,없음,0,0.1208,주의,🟡,0.0969,0.8486,0.1481,0.0033,예방 모니터 1명 + 대기 요원 1명,"구급함, 무전기, 음용수, 그늘막",예방 순찰 30분 간격 강화 | 응급 대응 장비 위치·작동 상태 점검 | 고위험 방문객 (노약자·어린이·임산부) 적극 모니터링 | 기상 변화·밀도 실시간 확인 | 대기 인력 현장 근접 배치,이상 징후(쓰러짐·발열·외상) 발견 즉시 위험 단계 상향,놀이터 — 어린이 외상·골절 빈발
F05,반려견놀이터,매우혼잡,폭염,1,0.1333,주의,🟡,0.1058,0.8336,0.1472,0.0191,예방 모니터 1명 + 대기 요원 1명,"구급함, 무전기, 음용수, 그늘막","예방 순찰 30분 간격 강화 | 응급 대응 장비 위치·작동 상태 점검 | 고위험 방문객 (노약자·어린이·임산부) 적극 모니터링 | 기상 변화·밀도 실시간 확인 | 대기 인력 현장 근접 배치 | [폭염] 그늘·음용수 추가 배치, 열사병 집중 모니터링, 피크타임 야외 자제 권고",이상 징후(쓰러짐·발열·외상) 발견 즉시 위험 단계 상향,놀이터 — 어린이 외상·골절 빈발
F05,반려견놀이터,매우혼잡,우천,1,0.1268,주의,🟡,0.0969,0.6664,0.3161,0.0175,예방 모니터 1명 + 대기 요원 1명,"구급함, 무전기, 음용수, 그늘막","예방 순찰 30분 간격 강화 | 응급 대응 장비 위치·작동 상태 점검 | 고위험 방문객 (노약자·어린이·임산부) 적극 모니터링 | 기상 변화·밀도 실시간 확인 | 대기 인력 현장 근접 배치 | [우천] 미끄러짐 주의 안내, 낙뢰 위험 시설 대피, 우천 장비 점검",이상 징후(쓰러짐·발열·외상) 발견 즉시 위험 단계 상향,놀이터 — 어린이 외상·골절 빈발
F05,반려견놀이터,매우혼잡,한파,1,0.1278,주의,🟡,0.0969,0.7059,0.2325,0.0616,예방 모니터 1명 + 대기 요원 1명,"구급함, 무전기, 음용수, 그늘막","예방 순찰 30분 간격 강화 | 응급 대응 장비 위치·작동 상태 점검 | 고위험 방문객 (노약자·어린이·임산부) 적극 모니터링 | 기상 변화·밀도 실시간 확인 | 대기 인력 현장 근접 배치 | [한파] 저체온증 위험 모니터링, 실내 대피 공간 운영, 동상 응급처치 키트 배치",이상 징후(쓰러짐·발열·외상) 발견 즉시 위험 단계 상향,놀이터 — 어린이 외상·골절 빈발
F05,반려견놀이터,매우혼잡,강풍,1,0.1213,주의,🟡,0.0969,0.8382,0.1535,0.0083,예방 모니터 1명 + 대기 요원 1명,"구급함, 무전기, 음용수, 그늘막","예방 순찰 30분 간격 강화 | 응급 대응 장비 위치·작동 상태 점검 | 고위험 방문객 (노약자·어린이·임산부) 적극 모니터링 | 기상 변화·밀도 실시간 확인 | 대기 인력 현장 근접 배치 | [강풍] 낙하물 위험 구역 통제, 야외 구조물·천막 긴급 점검",이상 징후(쓰러짐·발열·외상) 발견 즉시 위험 단계 상향,놀이터 — 어린이 외상·골절 빈발
F05,반려견놀이터,매우혼잡,야간,1,0.1252,주의,🟡,0.0969,0.7057,0.2864,0.0078,예방 모니터 1명 + 대기 요원 1명,"구급함, 무전기, 음용수, 그늘막","예방 순찰 30분 간격 강화 | 응급 대응 장비 위치·작동 상태 점검 | 고위험 방문객 (노약자·어린이·임산부) 적극 모니터링 | 기상 변화·밀도 실시간 확인 | 대기 인력 현장 근접 배치 | [야간] 조명 확보 및 시야 불량 구역 안전선 설치, 야간 순찰 강화",이상 징후(쓰러짐·발열·외상) 발견 즉시 위험 단계 상향,놀이터 — 어린이 외상·골절 빈발
F05,반려견놀이터,매우혼잡,피크타임,1,0.1196,주의,🟡,0.0969,0.8899,0.1072,0.0029,예방 모니터 1명 + 대기 요원 1명,"구급함, 무전기, 음용수, 그늘막",예방 순찰 30분 간격 강화 | 응급 대응 장비 위치·작동 상태 점검 | 고위험 방문객 (노약자·어린이·임산부) 적극 모니터링 | 기상 변화·밀도 실시간 확인 | 대기 인력 현장 근접 배치,이상 징후(쓰러짐·발열·외상) 발견 즉시 위험 단계 상향,놀이터 — 어린이 외상·골절 빈발
F05,반려견놀이터,매우혼잡,우천|폭염,2,0.1389,주의,🟡,0.1058,0.7667,0.1479,0.0854,예방 모니터 1명 + 대기 요원 1명,"구급함, 무전기, 음용수, 그늘막","예방 순찰 30분 간격 강화 | 응급 대응 장비 위치·작동 상태 점검 | 고위험 방문객 (노약자·어린이·임산부) 적극 모니터링 | 기상 변화·밀도 실시간 확인 | 대기 인력 현장 근접 배치 | [폭염] 그늘·음용수 추가 배치, 열사병 집중 모니터링, 피크타임 야외 자제 권고 | [우천] 미끄러짐 주의 안내, 낙뢰 위험 시설 대피, 우천 장비 점검",이상 징후(쓰러짐·발열·외상) 발견 즉시 위험 단계 상향,놀이터 — 어린이 외상·골절 빈발
F05,반려견놀이터,매우혼잡,폭염|한파,2,0.1333,주의,🟡,0.1058,0.8336,0.1472,0.0191,예방 모니터 1명 + 대기 요원 1명,"구급함, 무전기, 음용수, 그늘막","예방 순찰 30분 간격 강화 | 응급 대응 장비 위치·작동 상태 점검 | 고위험 방문객 (노약자·어린이·임산부) 적극 모니터링 | 기상 변화·밀도 실시간 확인 | 대기 인력 현장 근접 배치 | [폭염] 그늘·음용수 추가 배치, 열사병 집중 모니터링, 피크타임 야외 자제 권고 | [한파] 저체온증 위험 모니터링, 실내 대피 공간 운영, 동상 응급처치 키트 배치",이상 징후(쓰러짐·발열·외상) 발견 즉시 위험 단계 상향,놀이터 — 어린이 외상·골절 빈발
F05,반려견놀이터,매우혼잡,강풍|폭염,2,0.1333,주의,🟡,0.1058,0.8336,0.1472,0.0191,예방 모니터 1명 + 대기 요원 1명,"구급함, 무전기, 음용수, 그늘막","예방 순찰 30분 간격 강화 | 응급 대응 장비 위치·작동 상태 점검 | 고위험 방문객 (노약자·어린이·임산부) 적극 모니터링 | 기상 변화·밀도 실시간 확인 | 대기 인력 현장 근접 배치 | [폭염] 그늘·음용수 추가 배치, 열사병 집중 모니터링, 피크타임 야외 자제 권고 | [강풍] 낙하물 위험 구역 통제, 야외 구조물·천막 긴급 점검",이상 징후(쓰러짐·발열·외상) 발견 즉시 위험 단계 상향,놀이터 — 어린이 외상·골절 빈발
F05,반려견놀이터,매우혼잡,야간|폭염,2,0.1322,주의,🟡,0.1058,0.8671,0.1144,0.0185,예방 모니터 1명 + 대기 요원 1명,"구급함, 무전기, 음용수, 그늘막","예방 순찰 30분 간격 강화 | 응급 대응 장비 위치·작동 상태 점검 | 고위험 방문객 (노약자·어린이·임산부) 적극 모니터링 | 기상 변화·밀도 실시간 확인 | 대기 인력 현장 근접 배치 | [폭염] 그늘·음용수 추가 배치, 열사병 집중 모니터링, 피크타임 야외 자제 권고 | [야간] 조명 확보 및 시야 불량 구역 안전선 설치, 야간 순찰 강화",이상 징후(쓰러짐·발열·외상) 발견 즉시 위험 단계 상향,놀이터 — 어린이 외상·골절 빈발
F05,반려견놀이터,매우혼잡,폭염|피크타임,2,0.1321,주의,🟡,0.1058,0.8651,0.1188,0.016,예방 모니터 1명 + 대기 요원 1명,"구급함, 무전기, 음용수, 그늘막","예방 순찰 30분 간격 강화 | 응급 대응 장비 위치·작동 상태 점검 | 고위험 방문객 (노약자·어린이·임산부) 적극 모니터링 | 기상 변화·밀도 실시간 확인 | 대기 인력 현장 근접 배치 | [폭염] 그늘·음용수 추가 배치, 열사병 집중 모니터링, 피크타임 야외 자제 권고",이상 징후(쓰러짐·발열·외상) 발견 즉시 위험 단계 상향,놀이터 — 어린이 외상·골절 빈발
F05,반려견놀이터,매우혼잡,우천|한파,2,0.129,주의,🟡,0.0969,0.715,0.1923,0.0927,예방 모니터 1명 + 대기 요원 1명,"구급함, 무전기, 음용수, 그늘막","예방 순찰 30분 간격 강화 | 응급 대응 장비 위치·작동 상태 점검 | 고위험 방문객 (노약자·어린이·임산부) 적극 모니터링 | 기상 변화·밀도 실시간 확인 | 대기 인력 현장 근접 배치 | [우천] 미끄러짐 주의 안내, 낙뢰 위험 시설 대피, 우천 장비 점검 | [한파] 저체온증 위험 모니터링, 실내 대피 공간 운영, 동상 응급처치 키트 배치",이상 징후(쓰러짐·발열·외상) 발견 즉시 위험 단계 상향,놀이터 — 어린이 외상·골절 빈발
F05,반려견놀이터,매우혼잡,강풍|우천,2,0.1219,주의,🟡,0.0969,0.8485,0.1256,0.0259,예방 모니터 1명 + 대기 요원 1명,"구급함, 무전기, 음용수, 그늘막","예방 순찰 30분 간격 강화 | 응급 대응 장비 위치·작동 상태 점검 | 고위험 방문객 (노약자·어린이·임산부) 적극 모니터링 | 기상 변화·밀도 실시간 확인 | 대기 인력 현장 근접 배치 | [우천] 미끄러짐 주의 안내, 낙뢰 위험 시설 대피, 우천 장비 점검 | [강풍] 낙하물 위험 구역 통제, 야외 구조물·천막 긴급 점검",이상 징후(쓰러짐·발열·외상) 발견 즉시 위험 단계 상향,놀이터 — 어린이 외상·골절 빈발
F05,반려견놀이터,매우혼잡,야간|우천,2,0.1269,주의,🟡,0.0969,0.6944,0.2694,0.0362,예방 모니터 1명 + 대기 요원 1명,"구급함, 무전기, 음용수, 그늘막","예방 순찰 30분 간격 강화 | 응급 대응 장비 위치·작동 상태 점검 | 고위험 방문객 (노약자·어린이·임산부) 적극 모니터링 | 기상 변화·밀도 실시간 확인 | 대기 인력 현장 근접 배치 | [우천] 미끄러짐 주의 안내, 낙뢰 위험 시설 대피, 우천 장비 점검 | [야간] 조명 확보 및 시야 불량 구역 안전선 설치, 야간 순찰 강화",이상 징후(쓰러짐·발열·외상) 발견 즉시 위험 단계 상향,놀이터 — 어린이 외상·골절 빈발
F05,반려견놀이터,매우혼잡,우천|피크타임,2,0.1239,주의,🟡,0.0969,0.7665,0.2143,0.0192,예방 모니터 1명 + 대기 요원 1명,"구급함, 무전기, 음용수, 그늘막","예방 순찰 30분 간격 강화 | 응급 대응 장비 위치·작동 상태 점검 | 고위험 방문객 (노약자·어린이·임산부) 적극 모니터링 | 기상 변화·밀도 실시간 확인 | 대기 인력 현장 근접 배치 | [우천] 미끄러짐 주의 안내, 낙뢰 위험 시설 대피, 우천 장비 점검",이상 징후(쓰러짐·발열·외상) 발견 즉시 위험 단계 상향,놀이터 — 어린이 외상·골절 빈발
F05,반려견놀이터,매우혼잡,강풍|한파,2,0.1278,주의,🟡,0.0969,0.7059,0.2325,0.0616,예방 모니터 1명 + 대기 요원 1명,"구급함, 무전기, 음용수, 그늘막","예방 순찰 30분 간격 강화 | 응급 대응 장비 위치·작동 상태 점검 | 고위험 방문객 (노약자·어린이·임산부) 적극 모니터링 | 기상 변화·밀도 실시간 확인 | 대기 인력 현장 근접 배치 | [한파] 저체온증 위험 모니터링, 실내 대피 공간 운영, 동상 응급처치 키트 배치 | [강풍] 낙하물 위험 구역 통제, 야외 구조물·천막 긴급 점검",이상 징후(쓰러짐·발열·외상) 발견 즉시 위험 단계 상향,놀이터 — 어린이 외상·골절 빈발
F05,반려견놀이터,매우혼잡,야간|한파,2,0.1318,주의,🟡,0.0969,0.5734,0.3606,0.066,예방 모니터 1명 + 대기 요원 1명,"구급함, 무전기, 음용수, 그늘막","예방 순찰 30분 간격 강화 | 응급 대응 장비 위치·작동 상태 점검 | 고위험 방문객 (노약자·어린이·임산부) 적극 모니터링 | 기상 변화·밀도 실시간 확인 | 대기 인력 현장 근접 배치 | [한파] 저체온증 위험 모니터링, 실내 대피 공간 운영, 동상 응급처치 키트 배치 | [야간] 조명 확보 및 시야 불량 구역 안전선 설치, 야간 순찰 강화",이상 징후(쓰러짐·발열·외상) 발견 즉시 위험 단계 상향,놀이터 — 어린이 외상·골절 빈발
F05,반려견놀이터,매우혼잡,피크타임|한파,2,0.1258,주의,🟡,0.0969,0.7631,0.182,0.0549,예방 모니터 1명 + 대기 요원 1명,"구급함, 무전기, 음용수, 그늘막","예방 순찰 30분 간격 강화 | 응급 대응 장비 위치·작동 상태 점검 | 고위험 방문객 (노약자·어린이·임산부) 적극 모니터링 | 기상 변화·밀도 실시간 확인 | 대기 인력 현장 근접 배치 | [한파] 저체온증 위험 모니터링, 실내 대피 공간 운영, 동상 응급처치 키트 배치",이상 징후(쓰러짐·발열·외상) 발견 즉시 위험 단계 상향,놀이터 — 어린이 외상·골절 빈발
F05,반려견놀이터,매우혼잡,강풍|야간,2,0.1236,주의,🟡,0.0969,0.7702,0.2158,0.014,예방 모니터 1명 + 대기 요원 1명,"구급함, 무전기, 음용수, 그늘막","예방 순찰 30분 간격 강화 | 응급 대응 장비 위치·작동 상태 점검 | 고위험 방문객 (노약자·어린이·임산부) 적극 모니터링 | 기상 변화·밀도 실시간 확인 | 대기 인력 현장 근접 배치 | [강풍] 낙하물 위험 구역 통제, 야외 구조물·천막 긴급 점검 | [야간] 조명 확보 및 시야 불량 구역 안전선 설치, 야간 순찰 강화",이상 징후(쓰러짐·발열·외상) 발견 즉시 위험 단계 상향,놀이터 — 어린이 외상·골절 빈발
F05,반려견놀이터,매우혼잡,강풍|피크타임,2,0.1185,주의,🟡,0.0969,0.9325,0.0605,0.007,예방 모니터 1명 + 대기 요원 1명,"구급함, 무전기, 음용수, 그늘막","예방 순찰 30분 간격 강화 | 응급 대응 장비 위치·작동 상태 점검 | 고위험 방문객 (노약자·어린이·임산부) 적극 모니터링 | 기상 변화·밀도 실시간 확인 | 대기 인력 현장 근접 배치 | [강풍] 낙하물 위험 구역 통제, 야외 구조물·천막 긴급 점검",이상 징후(쓰러짐·발열·외상) 발견 즉시 위험 단계 상향,놀이터 — 어린이 외상·골절 빈발
F05,반려견놀이터,매우혼잡,야간|피크타임,2,0.1252,주의,🟡,0.0969,0.7057,0.2864,0.0078,예방 모니터 1명 + 대기 요원 1명,"구급함, 무전기, 음용수, 그늘막","예방 순찰 30분 간격 강화 | 응급 대응 장비 위치·작동 상태 점검 | 고위험 방문객 (노약자·어린이·임산부) 적극 모니터링 | 기상 변화·밀도 실시간 확인 | 대기 인력 현장 근접 배치 | [야간] 조명 확보 및 시야 불량 구역 안전선 설치, 야간 순찰 강화",이상 징후(쓰러짐·발열·외상) 발견 즉시 위험 단계 상향,놀이터 — 어린이 외상·골절 빈발
F05,반려견놀이터,매우혼잡,우천|폭염|한파,3,0.1389,주의,🟡,0.1058,0.7667,0.1479,0.0854,예방 모니터 1명 + 대기 요원 1명,"구급함, 무전기, 음용수, 그늘막","예방 순찰 30분 간격 강화 | 응급 대응 장비 위치·작동 상태 점검 | 고위험 방문객 (노약자·어린이·임산부) 적극 모니터링 | 기상 변화·밀도 실시간 확인 | 대기 인력 현장 근접 배치 | [폭염] 그늘·음용수 추가 배치, 열사병 집중 모니터링, 피크타임 야외 자제 권고 | [우천] 미끄러짐 주의 안내, 낙뢰 위험 시설 대피, 우천 장비 점검 | [한파] 저체온증 위험 모니터링, 실내 대피 공간 운영, 동상 응급처치 키트 배치",이상 징후(쓰러짐·발열·외상) 발견 즉시 위험 단계 상향,놀이터 — 어린이 외상·골절 빈발
F05,반려견놀이터,매우혼잡,강풍|우천|폭염,3,0.1389,주의,🟡,0.1058,0.7667,0.1479,0.0854,예방 모니터 1명 + 대기 요원 1명,"구급함, 무전기, 음용수, 그늘막","예방 순찰 30분 간격 강화 | 응급 대응 장비 위치·작동 상태 점검 | 고위험 방문객 (노약자·어린이·임산부) 적극 모니터링 | 기상 변화·밀도 실시간 확인 | 대기 인력 현장 근접 배치 | [폭염] 그늘·음용수 추가 배치, 열사병 집중 모니터링, 피크타임 야외 자제 권고 | [우천] 미끄러짐 주의 안내, 낙뢰 위험 시설 대피, 우천 장비 점검 | [강풍] 낙하물 위험 구역 통제, 야외 구조물·천막 긴급 점검",이상 징후(쓰러짐·발열·외상) 발견 즉시 위험 단계 상향,놀이터 — 어린이 외상·골절 빈발
F05,반려견놀이터,매우혼잡,야간|우천|폭염,3,0.135,주의,🟡,0.1058,0.8476,0.0915,0.0609,예방 모니터 1명 + 대기 요원 1명,"구급함, 무전기, 음용수, 그늘막","예방 순찰 30분 간격 강화 | 응급 대응 장비 위치·작동 상태 점검 | 고위험 방문객 (노약자·어린이·임산부) 적극 모니터링 | 기상 변화·밀도 실시간 확인 | 대기 인력 현장 근접 배치 | [폭염] 그늘·음용수 추가 배치, 열사병 집중 모니터링, 피크타임 야외 자제 권고 | [우천] 미끄러짐 주의 안내, 낙뢰 위험 시설 대피, 우천 장비 점검 | [야간] 조명 확보 및 시야 불량 구역 안전선 설치, 야간 순찰 강화",이상 징후(쓰러짐·발열·외상) 발견 즉시 위험 단계 상향,놀이터 — 어린이 외상·골절 빈발
F05,반려견놀이터,매우혼잡,우천|폭염|피크타임,3,0.137,주의,🟡,0.1058,0.8064,0.121,0.0726,예방 모니터 1명 + 대기 요원 1명,"구급함, 무전기, 음용수, 그늘막","예방 순찰 30분 간격 강화 | 응급 대응 장비 위치·작동 상태 점검 | 고위험 방문객 (노약자·어린이·임산부) 적극 모니터링 | 기상 변화·밀도 실시간 확인 | 대기 인력 현장 근접 배치 | [폭염] 그늘·음용수 추가 배치, 열사병 집중 모니터링, 피크타임 야외 자제 권고 | [우천] 미끄러짐 주의 안내, 낙뢰 위험 시설 대피, 우천 장비 점검",이상 징후(쓰러짐·발열·외상) 발견 즉시 위험 단계 상향,놀이터 — 어린이 외상·골절 빈발
F05,반려견놀이터,매우혼잡,강풍|폭염|한파,3,0.1333,주의,🟡,0.1058,0.8336,0.1472,0.0191,예방 모니터 1명 + 대기 요원 1명,"구급함, 무전기, 음용수, 그늘막","예방 순찰 30분 간격 강화 | 응급 대응 장비 위치·작동 상태 점검 | 고위험 방문객 (노약자·어린이·임산부) 적극 모니터링 | 기상 변화·밀도 실시간 확인 | 대기 인력 현장 근접 배치 | [폭염] 그늘·음용수 추가 배치, 열사병 집중 모니터링, 피크타임 야외 자제 권고 | [한파] 저체온증 위험 모니터링, 실내 대피 공간 운영, 동상 응급처치 키트 배치 | [강풍] 낙하물 위험 구역 통제, 야외 구조물·천막 긴급 점검",이상 징후(쓰러짐·발열·외상) 발견 즉시 위험 단계 상향,놀이터 — 어린이 외상·골절 빈발
F05,반려견놀이터,매우혼잡,야간|폭염|한파,3,0.1322,주의,🟡,0.1058,0.8671,0.1144,0.0185,예방 모니터 1명 + 대기 요원 1명,"구급함, 무전기, 음용수, 그늘막","예방 순찰 30분 간격 강화 | 응급 대응 장비 위치·작동 상태 점검 | 고위험 방문객 (노약자·어린이·임산부) 적극 모니터링 | 기상 변화·밀도 실시간 확인 | 대기 인력 현장 근접 배치 | [폭염] 그늘·음용수 추가 배치, 열사병 집중 모니터링, 피크타임 야외 자제 권고 | [한파] 저체온증 위험 모니터링, 실내 대피 공간 운영, 동상 응급처치 키트 배치 | [야간] 조명 확보 및 시야 불량 구역 안전선 설치, 야간 순찰 강화",이상 징후(쓰러짐·발열·외상) 발견 즉시 위험 단계 상향,놀이터 — 어린이 외상·골절 빈발
F05,반려견놀이터,매우혼잡,폭염|피크타임|한파,3,0.1321,주의,🟡,0.1058,0.8651,0.1188,0.016,예방 모니터 1명 + 대기 요원 1명,"구급함, 무전기, 음용수, 그늘막","예방 순찰 30분 간격 강화 | 응급 대응 장비 위치·작동 상태 점검 | 고위험 방문객 (노약자·어린이·임산부) 적극 모니터링 | 기상 변화·밀도 실시간 확인 | 대기 인력 현장 근접 배치 | [폭염] 그늘·음용수 추가 배치, 열사병 집중 모니터링, 피크타임 야외 자제 권고 | [한파] 저체온증 위험 모니터링, 실내 대피 공간 운영, 동상 응급처치 키트 배치",이상 징후(쓰러짐·발열·외상) 발견 즉시 위험 단계 상향,놀이터 — 어린이 외상·골절 빈발
F05,반려견놀이터,매우혼잡,강풍|야간|폭염,3,0.1322,주의,🟡,0.1058,0.8671,0.1144,0.0185,예방 모니터 1명 + 대기 요원 1명,"구급함, 무전기, 음용수, 그늘막","예방 순찰 30분 간격 강화 | 응급 대응 장비 위치·작동 상태 점검 | 고위험 방문객 (노약자·어린이·임산부) 적극 모니터링 | 기상 변화·밀도 실시간 확인 | 대기 인력 현장 근접 배치 | [폭염] 그늘·음용수 추가 배치, 열사병 집중 모니터링, 피크타임 야외 자제 권고 | [강풍] 낙하물 위험 구역 통제, 야외 구조물·천막 긴급 점검 | [야간] 조명 확보 및 시야 불량 구역 안전선 설치, 야간 순찰 강화",이상 징후(쓰러짐·발열·외상) 발견 즉시 위험 단계 상향,놀이터 — 어린이 외상·골절 빈발
F05,반려견놀이터,매우혼잡,강풍|폭염|피크타임,3,0.1321,주의,🟡,0.1058,0.8651,0.1188,0.016,예방 모니터 1명 + 대기 요원 1명,"구급함, 무전기, 음용수, 그늘막","예방 순찰 30분 간격 강화 | 응급 대응 장비 위치·작동 상태 점검 | 고위험 방문객 (노약자·어린이·임산부) 적극 모니터링 | 기상 변화·밀도 실시간 확인 | 대기 인력 현장 근접 배치 | [폭염] 그늘·음용수 추가 배치, 열사병 집중 모니터링, 피크타임 야외 자제 권고 | [강풍] 낙하물 위험 구역 통제, 야외 구조물·천막 긴급 점검",이상 징후(쓰러짐·발열·외상) 발견 즉시 위험 단계 상향,놀이터 — 어린이 외상·골절 빈발
F05,반려견놀이터,매우혼잡,야간|폭염|피크타임,3,0.1322,주의,🟡,0.1058,0.8671,0.1144,0.0185,예방 모니터 1명 + 대기 요원 1명,"구급함, 무전기, 음용수, 그늘막","예방 순찰 30분 간격 강화 | 응급 대응 장비 위치·작동 상태 점검 | 고위험 방문객 (노약자·어린이·임산부) 적극 모니터링 | 기상 변화·밀도 실시간 확인 | 대기 인력 현장 근접 배치 | [폭염] 그늘·음용수 추가 배치, 열사병 집중 모니터링, 피크타임 야외 자제 권고 | [야간] 조명 확보 및 시야 불량 구역 안전선 설치, 야간 순찰 강화",이상 징후(쓰러짐·발열·외상) 발견 즉시 위험 단계 상향,놀이터 — 어린이 외상·골절 빈발
F05,반려견놀이터,매우혼잡,강풍|우천|한파,3,0.129,주의,🟡,0.0969,0.715,0.1923,0.0927,예방 모니터 1명 + 대기 요원 1명,"구급함, 무전기, 음용수, 그늘막","예방 순찰 30분 간격 강화 | 응급 대응 장비 위치·작동 상태 점검 | 고위험 방문객 (노약자·어린이·임산부) 적극 모니터링 | 기상 변화·밀도 실시간 확인 | 대기 인력 현장 근접 배치 | [우천] 미끄러짐 주의 안내, 낙뢰 위험 시설 대피, 우천 장비 점검 | [한파] 저체온증 위험 모니터링, 실내 대피 공간 운영, 동상 응급처치 키트 배치 | [강풍] 낙하물 위험 구역 통제, 야외 구조물·천막 긴급 점검",이상 징후(쓰러짐·발열·외상) 발견 즉시 위험 단계 상향,놀이터 — 어린이 외상·골절 빈발
F05,반려견놀이터,매우혼잡,야간|우천|한파,3,0.1285,주의,🟡,0.0969,0.7158,0.2013,0.0829,예방 모니터 1명 + 대기 요원 1명,"구급함, 무전기, 음용수, 그늘막","예방 순찰 30분 간격 강화 | 응급 대응 장비 위치·작동 상태 점검 | 고위험 방문객 (노약자·어린이·임산부) 적극 모니터링 | 기상 변화·밀도 실시간 확인 | 대기 인력 현장 근접 배치 | [우천] 미끄러짐 주의 안내, 낙뢰 위험 시설 대피, 우천 장비 점검 | [한파] 저체온증 위험 모니터링, 실내 대피 공간 운영, 동상 응급처치 키트 배치 | [야간] 조명 확보 및 시야 불량 구역 안전선 설치, 야간 순찰 강화",이상 징후(쓰러짐·발열·외상) 발견 즉시 위험 단계 상향,놀이터 — 어린이 외상·골절 빈발
F05,반려견놀이터,매우혼잡,우천|피크타임|한파,3,0.1269,주의,🟡,0.0969,0.773,0.1424,0.0846,예방 모니터 1명 + 대기 요원 1명,"구급함, 무전기, 음용수, 그늘막","예방 순찰 30분 간격 강화 | 응급 대응 장비 위치·작동 상태 점검 | 고위험 방문객 (노약자·어린이·임산부) 적극 모니터링 | 기상 변화·밀도 실시간 확인 | 대기 인력 현장 근접 배치 | [우천] 미끄러짐 주의 안내, 낙뢰 위험 시설 대피, 우천 장비 점검 | [한파] 저체온증 위험 모니터링, 실내 대피 공간 운영, 동상 응급처치 키트 배치",이상 징후(쓰러짐·발열·외상) 발견 즉시 위험 단계 상향,놀이터 — 어린이 외상·골절 빈발
F05,반려견놀이터,매우혼잡,강풍|야간|우천,3,0.1218,주의,🟡,0.0969,0.8478,0.1291,0.0231,예방 모니터 1명 + 대기 요원 1명,"구급함, 무전기, 음용수, 그늘막","예방 순찰 30분 간격 강화 | 응급 대응 장비 위치·작동 상태 점검 | 고위험 방문객 (노약자·어린이·임산부) 적극 모니터링 | 기상 변화·밀도 실시간 확인 | 대기 인력 현장 근접 배치 | [우천] 미끄러짐 주의 안내, 낙뢰 위험 시설 대피, 우천 장비 점검 | [강풍] 낙하물 위험 구역 통제, 야외 구조물·천막 긴급 점검 | [야간] 조명 확보 및 시야 불량 구역 안전선 설치, 야간 순찰 강화",이상 징후(쓰러짐·발열·외상) 발견 즉시 위험 단계 상향,놀이터 — 어린이 외상·골절 빈발
F05,반려견놀이터,매우혼잡,강풍|우천|피크타임,3,0.1195,주의,🟡,0.0969,0.9235,0.054,0.0225,예방 모니터 1명 + 대기 요원 1명,"구급함, 무전기, 음용수, 그늘막","예방 순찰 30분 간격 강화 | 응급 대응 장비 위치·작동 상태 점검 | 고위험 방문객 (노약자·어린이·임산부) 적극 모니터링 | 기상 변화·밀도 실시간 확인 | 대기 인력 현장 근접 배치 | [우천] 미끄러짐 주의 안내, 낙뢰 위험 시설 대피, 우천 장비 점검 | [강풍] 낙하물 위험 구역 통제, 야외 구조물·천막 긴급 점검",이상 징후(쓰러짐·발열·외상) 발견 즉시 위험 단계 상향,놀이터 — 어린이 외상·골절 빈발
F05,반려견놀이터,매우혼잡,야간|우천|피크타임,3,0.1269,주의,🟡,0.0969,0.6944,0.2694,0.0362,예방 모니터 1명 + 대기 요원 1명,"구급함, 무전기, 음용수, 그늘막","예방 순찰 30분 간격 강화 | 응급 대응 장비 위치·작동 상태 점검 | 고위험 방문객 (노약자·어린이·임산부) 적극 모니터링 | 기상 변화·밀도 실시간 확인 | 대기 인력 현장 근접 배치 | [우천] 미끄러짐 주의 안내, 낙뢰 위험 시설 대피, 우천 장비 점검 | [야간] 조명 확보 및 시야 불량 구역 안전선 설치, 야간 순찰 강화",이상 징후(쓰러짐·발열·외상) 발견 즉시 위험 단계 상향,놀이터 — 어린이 외상·골절 빈발
F05,반려견놀이터,매우혼잡,강풍|야간|한파,3,0.1318,주의,🟡,0.0969,0.5734,0.3606,0.066,예방 모니터 1명 + 대기 요원 1명,"구급함, 무전기, 음용수, 그늘막","예방 순찰 30분 간격 강화 | 응급 대응 장비 위치·작동 상태 점검 | 고위험 방문객 (노약자·어린이·임산부) 적극 모니터링 | 기상 변화·밀도 실시간 확인 | 대기 인력 현장 근접 배치 | [한파] 저체온증 위험 모니터링, 실내 대피 공간 운영, 동상 응급처치 키트 배치 | [강풍] 낙하물 위험 구역 통제, 야외 구조물·천막 긴급 점검 | [야간] 조명 확보 및 시야 불량 구역 안전선 설치, 야간 순찰 강화",이상 징후(쓰러짐·발열·외상) 발견 즉시 위험 단계 상향,놀이터 — 어린이 외상·골절 빈발
F05,반려견놀이터,매우혼잡,강풍|피크타임|한파,3,0.1258,주의,🟡,0.0969,0.7631,0.182,0.0549,예방 모니터 1명 + 대기 요원 1명,"구급함, 무전기, 음용수, 그늘막","예방 순찰 30분 간격 강화 | 응급 대응 장비 위치·작동 상태 점검 | 고위험 방문객 (노약자·어린이·임산부) 적극 모니터링 | 기상 변화·밀도 실시간 확인 | 대기 인력 현장 근접 배치 | [한파] 저체온증 위험 모니터링, 실내 대피 공간 운영, 동상 응급처치 키트 배치 | [강풍] 낙하물 위험 구역 통제, 야외 구조물·천막 긴급 점검",이상 징후(쓰러짐·발열·외상) 발견 즉시 위험 단계 상향,놀이터 — 어린이 외상·골절 빈발
F05,반려견놀이터,매우혼잡,야간|피크타임|한파,3,0.1318,주의,🟡,0.0969,0.5734,0.3606,0.066,예방 모니터 1명 + 대기 요원 1명,"구급함, 무전기, 음용수, 그늘막","예방 순찰 30분 간격 강화 | 응급 대응 장비 위치·작동 상태 점검 | 고위험 방문객 (노약자·어린이·임산부) 적극 모니터링 | 기상 변화·밀도 실시간 확인 | 대기 인력 현장 근접 배치 | [한파] 저체온증 위험 모니터링, 실내 대피 공간 운영, 동상 응급처치 키트 배치 | [야간] 조명 확보 및 시야 불량 구역 안전선 설치, 야간 순찰 강화",이상 징후(쓰러짐·발열·외상) 발견 즉시 위험 단계 상향,놀이터 — 어린이 외상·골절 빈발
F05,반려견놀이터,매우혼잡,강풍|야간|피크타임,3,0.1236,주의,🟡,0.0969,0.7702,0.2158,0.014,예방 모니터 1명 + 대기 요원 1명,"구급함, 무전기, 음용수, 그늘막","예방 순찰 30분 간격 강화 | 응급 대응 장비 위치·작동 상태 점검 | 고위험 방문객 (노약자·어린이·임산부) 적극 모니터링 | 기상 변화·밀도 실시간 확인 | 대기 인력 현장 근접 배치 | [강풍] 낙하물 위험 구역 통제, 야외 구조물·천막 긴급 점검 | [야간] 조명 확보 및 시야 불량 구역 안전선 설치, 야간 순찰 강화",이상 징후(쓰러짐·발열·외상) 발견 즉시 위험 단계 상향,놀이터 — 어린이 외상·골절 빈발
F05,반려견놀이터,매우혼잡,강풍|우천|폭염|한파,4,0.1389,주의,🟡,0.1058,0.7667,0.1479,0.0854,예방 모니터 1명 + 대기 요원 1명,"구급함, 무전기, 음용수, 그늘막","예방 순찰 30분 간격 강화 | 응급 대응 장비 위치·작동 상태 점검 | 고위험 방문객 (노약자·어린이·임산부) 적극 모니터링 | 기상 변화·밀도 실시간 확인 | 대기 인력 현장 근접 배치 | [폭염] 그늘·음용수 추가 배치, 열사병 집중 모니터링, 피크타임 야외 자제 권고 | [우천] 미끄러짐 주의 안내, 낙뢰 위험 시설 대피, 우천 장비 점검 | [한파] 저체온증 위험 모니터링, 실내 대피 공간 운영, 동상 응급처치 키트 배치 | [강풍] 낙하물 위험 구역 통제, 야외 구조물·천막 긴급 점검",이상 징후(쓰러짐·발열·외상) 발견 즉시 위험 단계 상향,놀이터 — 어린이 외상·골절 빈발
F05,반려견놀이터,매우혼잡,야간|우천|폭염|한파,4,0.135,주의,🟡,0.1058,0.8476,0.0915,0.0609,예방 모니터 1명 + 대기 요원 1명,"구급함, 무전기, 음용수, 그늘막","예방 순찰 30분 간격 강화 | 응급 대응 장비 위치·작동 상태 점검 | 고위험 방문객 (노약자·어린이·임산부) 적극 모니터링 | 기상 변화·밀도 실시간 확인 | 대기 인력 현장 근접 배치 | [폭염] 그늘·음용수 추가 배치, 열사병 집중 모니터링, 피크타임 야외 자제 권고 | [우천] 미끄러짐 주의 안내, 낙뢰 위험 시설 대피, 우천 장비 점검 | [한파] 저체온증 위험 모니터링, 실내 대피 공간 운영, 동상 응급처치 키트 배치 | [야간] 조명 확보 및 시야 불량 구역 안전선 설치, 야간 순찰 강화",이상 징후(쓰러짐·발열·외상) 발견 즉시 위험 단계 상향,놀이터 — 어린이 외상·골절 빈발
F05,반려견놀이터,매우혼잡,우천|폭염|피크타임|한파,4,0.137,주의,🟡,0.1058,0.8064,0.121,0.0726,예방 모니터 1명 + 대기 요원 1명,"구급함, 무전기, 음용수, 그늘막","예방 순찰 30분 간격 강화 | 응급 대응 장비 위치·작동 상태 점검 | 고위험 방문객 (노약자·어린이·임산부) 적극 모니터링 | 기상 변화·밀도 실시간 확인 | 대기 인력 현장 근접 배치 | [폭염] 그늘·음용수 추가 배치, 열사병 집중 모니터링, 피크타임 야외 자제 권고 | [우천] 미끄러짐 주의 안내, 낙뢰 위험 시설 대피, 우천 장비 점검 | [한파] 저체온증 위험 모니터링, 실내 대피 공간 운영, 동상 응급처치 키트 배치",이상 징후(쓰러짐·발열·외상) 발견 즉시 위험 단계 상향,놀이터 — 어린이 외상·골절 빈발
F05,반려견놀이터,매우혼잡,강풍|야간|우천|폭염,4,0.135,주의,🟡,0.1058,0.8476,0.0915,0.0609,예방 모니터 1명 + 대기 요원 1명,"구급함, 무전기, 음용수, 그늘막","예방 순찰 30분 간격 강화 | 응급 대응 장비 위치·작동 상태 점검 | 고위험 방문객 (노약자·어린이·임산부) 적극 모니터링 | 기상 변화·밀도 실시간 확인 | 대기 인력 현장 근접 배치 | [폭염] 그늘·음용수 추가 배치, 열사병 집중 모니터링, 피크타임 야외 자제 권고 | [우천] 미끄러짐 주의 안내, 낙뢰 위험 시설 대피, 우천 장비 점검 | [강풍] 낙하물 위험 구역 통제, 야외 구조물·천막 긴급 점검 | [야간] 조명 확보 및 시야 불량 구역 안전선 설치, 야간 순찰 강화",이상 징후(쓰러짐·발열·외상) 발견 즉시 위험 단계 상향,놀이터 — 어린이 외상·골절 빈발
F05,반려견놀이터,매우혼잡,강풍|우천|폭염|피크타임,4,0.137,주의,🟡,0.1058,0.8064,0.121,0.0726,예방 모니터 1명 + 대기 요원 1명,"구급함, 무전기, 음용수, 그늘막","예방 순찰 30분 간격 강화 | 응급 대응 장비 위치·작동 상태 점검 | 고위험 방문객 (노약자·어린이·임산부) 적극 모니터링 | 기상 변화·밀도 실시간 확인 | 대기 인력 현장 근접 배치 | [폭염] 그늘·음용수 추가 배치, 열사병 집중 모니터링, 피크타임 야외 자제 권고 | [우천] 미끄러짐 주의 안내, 낙뢰 위험 시설 대피, 우천 장비 점검 | [강풍] 낙하물 위험 구역 통제, 야외 구조물·천막 긴급 점검",이상 징후(쓰러짐·발열·외상) 발견 즉시 위험 단계 상향,놀이터 — 어린이 외상·골절 빈발
F05,반려견놀이터,매우혼잡,야간|우천|폭염|피크타임,4,0.135,주의,🟡,0.1058,0.8476,0.0915,0.0609,예방 모니터 1명 + 대기 요원 1명,"구급함, 무전기, 음용수, 그늘막","예방 순찰 30분 간격 강화 | 응급 대응 장비 위치·작동 상태 점검 | 고위험 방문객 (노약자·어린이·임산부) 적극 모니터링 | 기상 변화·밀도 실시간 확인 | 대기 인력 현장 근접 배치 | [폭염] 그늘·음용수 추가 배치, 열사병 집중 모니터링, 피크타임 야외 자제 권고 | [우천] 미끄러짐 주의 안내, 낙뢰 위험 시설 대피, 우천 장비 점검 | [야간] 조명 확보 및 시야 불량 구역 안전선 설치, 야간 순찰 강화",이상 징후(쓰러짐·발열·외상) 발견 즉시 위험 단계 상향,놀이터 — 어린이 외상·골절 빈발
F05,반려견놀이터,매우혼잡,강풍|야간|폭염|한파,4,0.1322,주의,🟡,0.1058,0.8671,0.1144,0.0185,예방 모니터 1명 + 대기 요원 1명,"구급함, 무전기, 음용수, 그늘막","예방 순찰 30분 간격 강화 | 응급 대응 장비 위치·작동 상태 점검 | 고위험 방문객 (노약자·어린이·임산부) 적극 모니터링 | 기상 변화·밀도 실시간 확인 | 대기 인력 현장 근접 배치 | [폭염] 그늘·음용수 추가 배치, 열사병 집중 모니터링, 피크타임 야외 자제 권고 | [한파] 저체온증 위험 모니터링, 실내 대피 공간 운영, 동상 응급처치 키트 배치 | [강풍] 낙하물 위험 구역 통제, 야외 구조물·천막 긴급 점검 | [야간] 조명 확보 및 시야 불량 구역 안전선 설치, 야간 순찰 강화",이상 징후(쓰러짐·발열·외상) 발견 즉시 위험 단계 상향,놀이터 — 어린이 외상·골절 빈발
F05,반려견놀이터,매우혼잡,강풍|폭염|피크타임|한파,4,0.1321,주의,🟡,0.1058,0.8651,0.1188,0.016,예방 모니터 1명 + 대기 요원 1명,"구급함, 무전기, 음용수, 그늘막","예방 순찰 30분 간격 강화 | 응급 대응 장비 위치·작동 상태 점검 | 고위험 방문객 (노약자·어린이·임산부) 적극 모니터링 | 기상 변화·밀도 실시간 확인 | 대기 인력 현장 근접 배치 | [폭염] 그늘·음용수 추가 배치, 열사병 집중 모니터링, 피크타임 야외 자제 권고 | [한파] 저체온증 위험 모니터링, 실내 대피 공간 운영, 동상 응급처치 키트 배치 | [강풍] 낙하물 위험 구역 통제, 야외 구조물·천막 긴급 점검",이상 징후(쓰러짐·발열·외상) 발견 즉시 위험 단계 상향,놀이터 — 어린이 외상·골절 빈발
F05,반려견놀이터,매우혼잡,야간|폭염|피크타임|한파,4,0.1322,주의,🟡,0.1058,0.8671,0.1144,0.0185,예방 모니터 1명 + 대기 요원 1명,"구급함, 무전기, 음용수, 그늘막","예방 순찰 30분 간격 강화 | 응급 대응 장비 위치·작동 상태 점검 | 고위험 방문객 (노약자·어린이·임산부) 적극 모니터링 | 기상 변화·밀도 실시간 확인 | 대기 인력 현장 근접 배치 | [폭염] 그늘·음용수 추가 배치, 열사병 집중 모니터링, 피크타임 야외 자제 권고 | [한파] 저체온증 위험 모니터링, 실내 대피 공간 운영, 동상 응급처치 키트 배치 | [야간] 조명 확보 및 시야 불량 구역 안전선 설치, 야간 순찰 강화",이상 징후(쓰러짐·발열·외상) 발견 즉시 위험 단계 상향,놀이터 — 어린이 외상·골절 빈발
F05,반려견놀이터,매우혼잡,강풍|야간|폭염|피크타임,4,0.1322,주의,🟡,0.1058,0.8671,0.1144,0.0185,예방 모니터 1명 + 대기 요원 1명,"구급함, 무전기, 음용수, 그늘막","예방 순찰 30분 간격 강화 | 응급 대응 장비 위치·작동 상태 점검 | 고위험 방문객 (노약자·어린이·임산부) 적극 모니터링 | 기상 변화·밀도 실시간 확인 | 대기 인력 현장 근접 배치 | [폭염] 그늘·음용수 추가 배치, 열사병 집중 모니터링, 피크타임 야외 자제 권고 | [강풍] 낙하물 위험 구역 통제, 야외 구조물·천막 긴급 점검 | [야간] 조명 확보 및 시야 불량 구역 안전선 설치, 야간 순찰 강화",이상 징후(쓰러짐·발열·외상) 발견 즉시 위험 단계 상향,놀이터 — 어린이 외상·골절 빈발
F05,반려견놀이터,매우혼잡,강풍|야간|우천|한파,4,0.1285,주의,🟡,0.0969,0.7158,0.2013,0.0829,예방 모니터 1명 + 대기 요원 1명,"구급함, 무전기, 음용수, 그늘막","예방 순찰 30분 간격 강화 | 응급 대응 장비 위치·작동 상태 점검 | 고위험 방문객 (노약자·어린이·임산부) 적극 모니터링 | 기상 변화·밀도 실시간 확인 | 대기 인력 현장 근접 배치 | [우천] 미끄러짐 주의 안내, 낙뢰 위험 시설 대피, 우천 장비 점검 | [한파] 저체온증 위험 모니터링, 실내 대피 공간 운영, 동상 응급처치 키트 배치 | [강풍] 낙하물 위험 구역 통제, 야외 구조물·천막 긴급 점검 | [야간] 조명 확보 및 시야 불량 구역 안전선 설치, 야간 순찰 강화",이상 징후(쓰러짐·발열·외상) 발견 즉시 위험 단계 상향,놀이터 — 어린이 외상·골절 빈발
F05,반려견놀이터,매우혼잡,강풍|우천|피크타임|한파,4,0.1269,주의,🟡,0.0969,0.773,0.1424,0.0846,예방 모니터 1명 + 대기 요원 1명,"구급함, 무전기, 음용수, 그늘막","예방 순찰 30분 간격 강화 | 응급 대응 장비 위치·작동 상태 점검 | 고위험 방문객 (노약자·어린이·임산부) 적극 모니터링 | 기상 변화·밀도 실시간 확인 | 대기 인력 현장 근접 배치 | [우천] 미끄러짐 주의 안내, 낙뢰 위험 시설 대피, 우천 장비 점검 | [한파] 저체온증 위험 모니터링, 실내 대피 공간 운영, 동상 응급처치 키트 배치 | [강풍] 낙하물 위험 구역 통제, 야외 구조물·천막 긴급 점검",이상 징후(쓰러짐·발열·외상) 발견 즉시 위험 단계 상향,놀이터 — 어린이 외상·골절 빈발
F05,반려견놀이터,매우혼잡,야간|우천|피크타임|한파,4,0.1285,주의,🟡,0.0969,0.7158,0.2013,0.0829,예방 모니터 1명 + 대기 요원 1명,"구급함, 무전기, 음용수, 그늘막","예방 순찰 30분 간격 강화 | 응급 대응 장비 위치·작동 상태 점검 | 고위험 방문객 (노약자·어린이·임산부) 적극 모니터링 | 기상 변화·밀도 실시간 확인 | 대기 인력 현장 근접 배치 | [우천] 미끄러짐 주의 안내, 낙뢰 위험 시설 대피, 우천 장비 점검 | [한파] 저체온증 위험 모니터링, 실내 대피 공간 운영, 동상 응급처치 키트 배치 | [야간] 조명 확보 및 시야 불량 구역 안전선 설치, 야간 순찰 강화",이상 징후(쓰러짐·발열·외상) 발견 즉시 위험 단계 상향,놀이터 — 어린이 외상·골절 빈발
F05,반려견놀이터,매우혼잡,강풍|야간|우천|피크타임,4,0.1218,주의,🟡,0.0969,0.8478,0.1291,0.0231,예방 모니터 1명 + 대기 요원 1명,"구급함, 무전기, 음용수, 그늘막","예방 순찰 30분 간격 강화 | 응급 대응 장비 위치·작동 상태 점검 | 고위험 방문객 (노약자·어린이·임산부) 적극 모니터링 | 기상 변화·밀도 실시간 확인 | 대기 인력 현장 근접 배치 | [우천] 미끄러짐 주의 안내, 낙뢰 위험 시설 대피, 우천 장비 점검 | [강풍] 낙하물 위험 구역 통제, 야외 구조물·천막 긴급 점검 | [야간] 조명 확보 및 시야 불량 구역 안전선 설치, 야간 순찰 강화",이상 징후(쓰러짐·발열·외상) 발견 즉시 위험 단계 상향,놀이터 — 어린이 외상·골절 빈발
F05,반려견놀이터,매우혼잡,강풍|야간|피크타임|한파,4,0.1318,주의,🟡,0.0969,0.5734,0.3606,0.066,예방 모니터 1명 + 대기 요원 1명,"구급함, 무전기, 음용수, 그늘막","예방 순찰 30분 간격 강화 | 응급 대응 장비 위치·작동 상태 점검 | 고위험 방문객 (노약자·어린이·임산부) 적극 모니터링 | 기상 변화·밀도 실시간 확인 | 대기 인력 현장 근접 배치 | [한파] 저체온증 위험 모니터링, 실내 대피 공간 운영, 동상 응급처치 키트 배치 | [강풍] 낙하물 위험 구역 통제, 야외 구조물·천막 긴급 점검 | [야간] 조명 확보 및 시야 불량 구역 안전선 설치, 야간 순찰 강화",이상 징후(쓰러짐·발열·외상) 발견 즉시 위험 단계 상향,놀이터 — 어린이 외상·골절 빈발
F05,반려견놀이터,매우혼잡,강풍|야간|우천|폭염|한파,5,0.135,주의,🟡,0.1058,0.8476,0.0915,0.0609,예방 모니터 1명 + 대기 요원 1명,"구급함, 무전기, 음용수, 그늘막","예방 순찰 30분 간격 강화 | 응급 대응 장비 위치·작동 상태 점검 | 고위험 방문객 (노약자·어린이·임산부) 적극 모니터링 | 기상 변화·밀도 실시간 확인 | 대기 인력 현장 근접 배치 | [폭염] 그늘·음용수 추가 배치, 열사병 집중 모니터링, 피크타임 야외 자제 권고 | [우천] 미끄러짐 주의 안내, 낙뢰 위험 시설 대피, 우천 장비 점검 | [한파] 저체온증 위험 모니터링, 실내 대피 공간 운영, 동상 응급처치 키트 배치 | [강풍] 낙하물 위험 구역 통제, 야외 구조물·천막 긴급 점검 | [야간] 조명 확보 및 시야 불량 구역 안전선 설치, 야간 순찰 강화",이상 징후(쓰러짐·발열·외상) 발견 즉시 위험 단계 상향,놀이터 — 어린이 외상·골절 빈발
F05,반려견놀이터,매우혼잡,강풍|우천|폭염|피크타임|한파,5,0.137,주의,🟡,0.1058,0.8064,0.121,0.0726,예방 모니터 1명 + 대기 요원 1명,"구급함, 무전기, 음용수, 그늘막","예방 순찰 30분 간격 강화 | 응급 대응 장비 위치·작동 상태 점검 | 고위험 방문객 (노약자·어린이·임산부) 적극 모니터링 | 기상 변화·밀도 실시간 확인 | 대기 인력 현장 근접 배치 | [폭염] 그늘·음용수 추가 배치, 열사병 집중 모니터링, 피크타임 야외 자제 권고 | [우천] 미끄러짐 주의 안내, 낙뢰 위험 시설 대피, 우천 장비 점검 | [한파] 저체온증 위험 모니터링, 실내 대피 공간 운영, 동상 응급처치 키트 배치 | [강풍] 낙하물 위험 구역 통제, 야외 구조물·천막 긴급 점검",이상 징후(쓰러짐·발열·외상) 발견 즉시 위험 단계 상향,놀이터 — 어린이 외상·골절 빈발
F05,반려견놀이터,매우혼잡,야간|우천|폭염|피크타임|한파,5,0.135,주의,🟡,0.1058,0.8476,0.0915,0.0609,예방 모니터 1명 + 대기 요원 1명,"구급함, 무전기, 음용수, 그늘막","예방 순찰 30분 간격 강화 | 응급 대응 장비 위치·작동 상태 점검 | 고위험 방문객 (노약자·어린이·임산부) 적극 모니터링 | 기상 변화·밀도 실시간 확인 | 대기 인력 현장 근접 배치 | [폭염] 그늘·음용수 추가 배치, 열사병 집중 모니터링, 피크타임 야외 자제 권고 | [우천] 미끄러짐 주의 안내, 낙뢰 위험 시설 대피, 우천 장비 점검 | [한파] 저체온증 위험 모니터링, 실내 대피 공간 운영, 동상 응급처치 키트 배치 | [야간] 조명 확보 및 시야 불량 구역 안전선 설치, 야간 순찰 강화",이상 징후(쓰러짐·발열·외상) 발견 즉시 위험 단계 상향,놀이터 — 어린이 외상·골절 빈발
F05,반려견놀이터,매우혼잡,강풍|야간|우천|폭염|피크타임,5,0.135,주의,🟡,0.1058,0.8476,0.0915,0.0609,예방 모니터 1명 + 대기 요원 1명,"구급함, 무전기, 음용수, 그늘막","예방 순찰 30분 간격 강화 | 응급 대응 장비 위치·작동 상태 점검 | 고위험 방문객 (노약자·어린이·임산부) 적극 모니터링 | 기상 변화·밀도 실시간 확인 | 대기 인력 현장 근접 배치 | [폭염] 그늘·음용수 추가 배치, 열사병 집중 모니터링, 피크타임 야외 자제 권고 | [우천] 미끄러짐 주의 안내, 낙뢰 위험 시설 대피, 우천 장비 점검 | [강풍] 낙하물 위험 구역 통제, 야외 구조물·천막 긴급 점검 | [야간] 조명 확보 및 시야 불량 구역 안전선 설치, 야간 순찰 강화",이상 징후(쓰러짐·발열·외상) 발견 즉시 위험 단계 상향,놀이터 — 어린이 외상·골절 빈발
F05,반려견놀이터,매우혼잡,강풍|야간|폭염|피크타임|한파,5,0.1322,주의,🟡,0.1058,0.8671,0.1144,0.0185,예방 모니터 1명 + 대기 요원 1명,"구급함, 무전기, 음용수, 그늘막","예방 순찰 30분 간격 강화 | 응급 대응 장비 위치·작동 상태 점검 | 고위험 방문객 (노약자·어린이·임산부) 적극 모니터링 | 기상 변화·밀도 실시간 확인 | 대기 인력 현장 근접 배치 | [폭염] 그늘·음용수 추가 배치, 열사병 집중 모니터링, 피크타임 야외 자제 권고 | [한파] 저체온증 위험 모니터링, 실내 대피 공간 운영, 동상 응급처치 키트 배치 | [강풍] 낙하물 위험 구역 통제, 야외 구조물·천막 긴급 점검 | [야간] 조명 확보 및 시야 불량 구역 안전선 설치, 야간 순찰 강화",이상 징후(쓰러짐·발열·외상) 발견 즉시 위험 단계 상향,놀이터 — 어린이 외상·골절 빈발
F05,반려견놀이터,매우혼잡,강풍|야간|우천|피크타임|한파,5,0.1285,주의,🟡,0.0969,0.7158,0.2013,0.0829,예방 모니터 1명 + 대기 요원 1명,"구급함, 무전기, 음용수, 그늘막","예방 순찰 30분 간격 강화 | 응급 대응 장비 위치·작동 상태 점검 | 고위험 방문객 (노약자·어린이·임산부) 적극 모니터링 | 기상 변화·밀도 실시간 확인 | 대기 인력 현장 근접 배치 | [우천] 미끄러짐 주의 안내, 낙뢰 위험 시설 대피, 우천 장비 점검 | [한파] 저체온증 위험 모니터링, 실내 대피 공간 운영, 동상 응급처치 키트 배치 | [강풍] 낙하물 위험 구역 통제, 야외 구조물·천막 긴급 점검 | [야간] 조명 확보 및 시야 불량 구역 안전선 설치, 야간 순찰 강화",이상 징후(쓰러짐·발열·외상) 발견 즉시 위험 단계 상향,놀이터 — 어린이 외상·골절 빈발
F05,반려견놀이터,매우혼잡,강풍|야간|우천|폭염|피크타임|한파,6,0.135,주의,🟡,0.1058,0.8476,0.0915,0.0609,예방 모니터 1명 + 대기 요원 1명,"구급함, 무전기, 음용수, 그늘막","예방 순찰 30분 간격 강화 | 응급 대응 장비 위치·작동 상태 점검 | 고위험 방문객 (노약자·어린이·임산부) 적극 모니터링 | 기상 변화·밀도 실시간 확인 | 대기 인력 현장 근접 배치 | [폭염] 그늘·음용수 추가 배치, 열사병 집중 모니터링, 피크타임 야외 자제 권고 | [우천] 미끄러짐 주의 안내, 낙뢰 위험 시설 대피, 우천 장비 점검 | [한파] 저체온증 위험 모니터링, 실내 대피 공간 운영, 동상 응급처치 키트 배치 | [강풍] 낙하물 위험 구역 통제, 야외 구조물·천막 긴급 점검 | [야간] 조명 확보 및 시야 불량 구역 안전선 설치, 야간 순찰 강화",이상 징후(쓰러짐·발열·외상) 발견 즉시 위험 단계 상향,놀이터 — 어린이 외상·골절 빈발
F06,중앙광장,여유,없음,0,0.0337,관찰,🔵,0.028,0.9935,0.0054,0.0011,순찰 요원 1명,"구급함, 무전기",일반 안전 순찰 60분 간격 유지 | 기상특보·예보 확인 | 방문객 밀도 추이 모니터링 | 비상 연락망 점검,기상특보 발령 또는 밀도 > 0.6 시 주의 단계 상향,관문 — 혼잡 시 낙상·압사 주의
F06,중앙광장,여유,폭염,1,0.0342,관찰,🔵,0.028,0.9669,0.0121,0.021,순찰 요원 1명,"구급함, 무전기","일반 안전 순찰 60분 간격 유지 | 기상특보·예보 확인 | 방문객 밀도 추이 모니터링 | 비상 연락망 점검 | [폭염] 그늘·음용수 추가 배치, 열사병 집중 모니터링, 피크타임 야외 자제 권고",기상특보 발령 또는 밀도 > 0.6 시 주의 단계 상향,관문 — 혼잡 시 낙상·압사 주의
F06,중앙광장,여유,우천,1,0.0337,관찰,🔵,0.028,0.9913,0.0074,0.0013,순찰 요원 1명,"구급함, 무전기","일반 안전 순찰 60분 간격 유지 | 기상특보·예보 확인 | 방문객 밀도 추이 모니터링 | 비상 연락망 점검 | [우천] 미끄러짐 주의 안내, 낙뢰 위험 시설 대피, 우천 장비 점검",기상특보 발령 또는 밀도 > 0.6 시 주의 단계 상향,관문 — 혼잡 시 낙상·압사 주의
F06,중앙광장,여유,한파,1,0.0378,관찰,🔵,0.028,0.7246,0.1439,0.1315,순찰 요원 1명,"구급함, 무전기","일반 안전 순찰 60분 간격 유지 | 기상특보·예보 확인 | 방문객 밀도 추이 모니터링 | 비상 연락망 점검 | [한파] 저체온증 위험 모니터링, 실내 대피 공간 운영, 동상 응급처치 키트 배치",기상특보 발령 또는 밀도 > 0.6 시 주의 단계 상향,관문 — 혼잡 시 낙상·압사 주의
F06,중앙광장,여유,강풍,1,0.0341,관찰,🔵,0.028,0.9764,0.0085,0.0151,순찰 요원 1명,"구급함, 무전기","일반 안전 순찰 60분 간격 유지 | 기상특보·예보 확인 | 방문객 밀도 추이 모니터링 | 비상 연락망 점검 | [강풍] 낙하물 위험 구역 통제, 야외 구조물·천막 긴급 점검",기상특보 발령 또는 밀도 > 0.6 시 주의 단계 상향,관문 — 혼잡 시 낙상·압사 주의
F06,중앙광장,여유,야간,1,0.0339,관찰,🔵,0.028,0.9783,0.0163,0.0053,순찰 요원 1명,"구급함, 무전기","일반 안전 순찰 60분 간격 유지 | 기상특보·예보 확인 | 방문객 밀도 추이 모니터링 | 비상 연락망 점검 | [야간] 조명 확보 및 시야 불량 구역 안전선 설치, 야간 순찰 강화",기상특보 발령 또는 밀도 > 0.6 시 주의 단계 상향,관문 — 혼잡 시 낙상·압사 주의
F06,중앙광장,여유,피크타임,1,0.0338,관찰,🔵,0.028,0.9884,0.0058,0.0059,순찰 요원 1명,"구급함, 무전기",일반 안전 순찰 60분 간격 유지 | 기상특보·예보 확인 | 방문객 밀도 추이 모니터링 | 비상 연락망 점검,기상특보 발령 또는 밀도 > 0.6 시 주의 단계 상향,관문 — 혼잡 시 낙상·압사 주의
F06,중앙광장,여유,우천|폭염,2,0.0342,관찰,🔵,0.028,0.9707,0.0102,0.0191,순찰 요원 1명,"구급함, 무전기","일반 안전 순찰 60분 간격 유지 | 기상특보·예보 확인 | 방문객 밀도 추이 모니터링 | 비상 연락망 점검 | [폭염] 그늘·음용수 추가 배치, 열사병 집중 모니터링, 피크타임 야외 자제 권고 | [우천] 미끄러짐 주의 안내, 낙뢰 위험 시설 대피, 우천 장비 점검",기상특보 발령 또는 밀도 > 0.6 시 주의 단계 상향,관문 — 혼잡 시 낙상·압사 주의
F06,중앙광장,여유,폭염|한파,2,0.0342,관찰,🔵,0.028,0.9669,0.0121,0.021,순찰 요원 1명,"구급함, 무전기","일반 안전 순찰 60분 간격 유지 | 기상특보·예보 확인 | 방문객 밀도 추이 모니터링 | 비상 연락망 점검 | [폭염] 그늘·음용수 추가 배치, 열사병 집중 모니터링, 피크타임 야외 자제 권고 | [한파] 저체온증 위험 모니터링, 실내 대피 공간 운영, 동상 응급처치 키트 배치",기상특보 발령 또는 밀도 > 0.6 시 주의 단계 상향,관문 — 혼잡 시 낙상·압사 주의
F06,중앙광장,여유,강풍|폭염,2,0.0342,관찰,🔵,0.028,0.9669,0.0121,0.021,순찰 요원 1명,"구급함, 무전기","일반 안전 순찰 60분 간격 유지 | 기상특보·예보 확인 | 방문객 밀도 추이 모니터링 | 비상 연락망 점검 | [폭염] 그늘·음용수 추가 배치, 열사병 집중 모니터링, 피크타임 야외 자제 권고 | [강풍] 낙하물 위험 구역 통제, 야외 구조물·천막 긴급 점검",기상특보 발령 또는 밀도 > 0.6 시 주의 단계 상향,관문 — 혼잡 시 낙상·압사 주의
F06,중앙광장,여유,야간|폭염,2,0.0347,관찰,🔵,0.028,0.945,0.012,0.043,순찰 요원 1명,"구급함, 무전기","일반 안전 순찰 60분 간격 유지 | 기상특보·예보 확인 | 방문객 밀도 추이 모니터링 | 비상 연락망 점검 | [폭염] 그늘·음용수 추가 배치, 열사병 집중 모니터링, 피크타임 야외 자제 권고 | [야간] 조명 확보 및 시야 불량 구역 안전선 설치, 야간 순찰 강화",기상특보 발령 또는 밀도 > 0.6 시 주의 단계 상향,관문 — 혼잡 시 낙상·압사 주의
F06,중앙광장,여유,폭염|피크타임,2,0.0353,관찰,🔵,0.028,0.9124,0.0233,0.0643,순찰 요원 1명,"구급함, 무전기","일반 안전 순찰 60분 간격 유지 | 기상특보·예보 확인 | 방문객 밀도 추이 모니터링 | 비상 연락망 점검 | [폭염] 그늘·음용수 추가 배치, 열사병 집중 모니터링, 피크타임 야외 자제 권고",기상특보 발령 또는 밀도 > 0.6 시 주의 단계 상향,관문 — 혼잡 시 낙상·압사 주의
F06,중앙광장,여유,우천|한파,2,0.0351,관찰,🔵,0.028,0.8553,0.1247,0.02,순찰 요원 1명,"구급함, 무전기","일반 안전 순찰 60분 간격 유지 | 기상특보·예보 확인 | 방문객 밀도 추이 모니터링 | 비상 연락망 점검 | [우천] 미끄러짐 주의 안내, 낙뢰 위험 시설 대피, 우천 장비 점검 | [한파] 저체온증 위험 모니터링, 실내 대피 공간 운영, 동상 응급처치 키트 배치",기상특보 발령 또는 밀도 > 0.6 시 주의 단계 상향,관문 — 혼잡 시 낙상·압사 주의
F06,중앙광장,여유,강풍|우천,2,0.0338,관찰,🔵,0.028,0.9897,0.0064,0.0039,순찰 요원 1명,"구급함, 무전기","일반 안전 순찰 60분 간격 유지 | 기상특보·예보 확인 | 방문객 밀도 추이 모니터링 | 비상 연락망 점검 | [우천] 미끄러짐 주의 안내, 낙뢰 위험 시설 대피, 우천 장비 점검 | [강풍] 낙하물 위험 구역 통제, 야외 구조물·천막 긴급 점검",기상특보 발령 또는 밀도 > 0.6 시 주의 단계 상향,관문 — 혼잡 시 낙상·압사 주의
F06,중앙광장,여유,야간|우천,2,0.0339,관찰,🔵,0.028,0.9829,0.0123,0.0048,순찰 요원 1명,"구급함, 무전기","일반 안전 순찰 60분 간격 유지 | 기상특보·예보 확인 | 방문객 밀도 추이 모니터링 | 비상 연락망 점검 | [우천] 미끄러짐 주의 안내, 낙뢰 위험 시설 대피, 우천 장비 점검 | [야간] 조명 확보 및 시야 불량 구역 안전선 설치, 야간 순찰 강화",기상특보 발령 또는 밀도 > 0.6 시 주의 단계 상향,관문 — 혼잡 시 낙상·압사 주의
F06,중앙광장,여유,우천|피크타임,2,0.034,관찰,🔵,0.028,0.9799,0.0099,0.0102,순찰 요원 1명,"구급함, 무전기","일반 안전 순찰 60분 간격 유지 | 기상특보·예보 확인 | 방문객 밀도 추이 모니터링 | 비상 연락망 점검 | [우천] 미끄러짐 주의 안내, 낙뢰 위험 시설 대피, 우천 장비 점검",기상특보 발령 또는 밀도 > 0.6 시 주의 단계 상향,관문 — 혼잡 시 낙상·압사 주의
F06,중앙광장,여유,강풍|한파,2,0.0378,관찰,🔵,0.028,0.7246,0.1439,0.1315,순찰 요원 1명,"구급함, 무전기","일반 안전 순찰 60분 간격 유지 | 기상특보·예보 확인 | 방문객 밀도 추이 모니터링 | 비상 연락망 점검 | [한파] 저체온증 위험 모니터링, 실내 대피 공간 운영, 동상 응급처치 키트 배치 | [강풍] 낙하물 위험 구역 통제, 야외 구조물·천막 긴급 점검",기상특보 발령 또는 밀도 > 0.6 시 주의 단계 상향,관문 — 혼잡 시 낙상·압사 주의
F06,중앙광장,여유,야간|한파,2,0.0389,관찰,🔵,0.028,0.5661,0.3218,0.1122,순찰 요원 1명,"구급함, 무전기","일반 안전 순찰 60분 간격 유지 | 기상특보·예보 확인 | 방문객 밀도 추이 모니터링 | 비상 연락망 점검 | [한파] 저체온증 위험 모니터링, 실내 대피 공간 운영, 동상 응급처치 키트 배치 | [야간] 조명 확보 및 시야 불량 구역 안전선 설치, 야간 순찰 강화",기상특보 발령 또는 밀도 > 0.6 시 주의 단계 상향,관문 — 혼잡 시 낙상·압사 주의
F06,중앙광장,여유,피크타임|한파,2,0.0399,관찰,🔵,0.028,0.6633,0.0937,0.243,순찰 요원 1명,"구급함, 무전기","일반 안전 순찰 60분 간격 유지 | 기상특보·예보 확인 | 방문객 밀도 추이 모니터링 | 비상 연락망 점검 | [한파] 저체온증 위험 모니터링, 실내 대피 공간 운영, 동상 응급처치 키트 배치",기상특보 발령 또는 밀도 > 0.6 시 주의 단계 상향,관문 — 혼잡 시 낙상·압사 주의
F06,중앙광장,여유,강풍|야간,2,0.0344,관찰,🔵,0.028,0.9344,0.0487,0.0169,순찰 요원 1명,"구급함, 무전기","일반 안전 순찰 60분 간격 유지 | 기상특보·예보 확인 | 방문객 밀도 추이 모니터링 | 비상 연락망 점검 | [강풍] 낙하물 위험 구역 통제, 야외 구조물·천막 긴급 점검 | [야간] 조명 확보 및 시야 불량 구역 안전선 설치, 야간 순찰 강화",기상특보 발령 또는 밀도 > 0.6 시 주의 단계 상향,관문 — 혼잡 시 낙상·압사 주의
F06,중앙광장,여유,강풍|피크타임,2,0.0348,관찰,🔵,0.028,0.9428,0.0105,0.0467,순찰 요원 1명,"구급함, 무전기","일반 안전 순찰 60분 간격 유지 | 기상특보·예보 확인 | 방문객 밀도 추이 모니터링 | 비상 연락망 점검 | [강풍] 낙하물 위험 구역 통제, 야외 구조물·천막 긴급 점검",기상특보 발령 또는 밀도 > 0.6 시 주의 단계 상향,관문 — 혼잡 시 낙상·압사 주의
F06,중앙광장,여유,야간|피크타임,2,0.0339,관찰,🔵,0.028,0.9783,0.0163,0.0053,순찰 요원 1명,"구급함, 무전기","일반 안전 순찰 60분 간격 유지 | 기상특보·예보 확인 | 방문객 밀도 추이 모니터링 | 비상 연락망 점검 | [야간] 조명 확보 및 시야 불량 구역 안전선 설치, 야간 순찰 강화",기상특보 발령 또는 밀도 > 0.6 시 주의 단계 상향,관문 — 혼잡 시 낙상·압사 주의
F06,중앙광장,여유,우천|폭염|한파,3,0.0342,관찰,🔵,0.028,0.9707,0.0102,0.0191,순찰 요원 1명,"구급함, 무전기","일반 안전 순찰 60분 간격 유지 | 기상특보·예보 확인 | 방문객 밀도 추이 모니터링 | 비상 연락망 점검 | [폭염] 그늘·음용수 추가 배치, 열사병 집중 모니터링, 피크타임 야외 자제 권고 | [우천] 미끄러짐 주의 안내, 낙뢰 위험 시설 대피, 우천 장비 점검 | [한파] 저체온증 위험 모니터링, 실내 대피 공간 운영, 동상 응급처치 키트 배치",기상특보 발령 또는 밀도 > 0.6 시 주의 단계 상향,관문 — 혼잡 시 낙상·압사 주의
F06,중앙광장,여유,강풍|우천|폭염,3,0.0342,관찰,🔵,0.028,0.9707,0.0102,0.0191,순찰 요원 1명,"구급함, 무전기","일반 안전 순찰 60분 간격 유지 | 기상특보·예보 확인 | 방문객 밀도 추이 모니터링 | 비상 연락망 점검 | [폭염] 그늘·음용수 추가 배치, 열사병 집중 모니터링, 피크타임 야외 자제 권고 | [우천] 미끄러짐 주의 안내, 낙뢰 위험 시설 대피, 우천 장비 점검 | [강풍] 낙하물 위험 구역 통제, 야외 구조물·천막 긴급 점검",기상특보 발령 또는 밀도 > 0.6 시 주의 단계 상향,관문 — 혼잡 시 낙상·압사 주의
F06,중앙광장,여유,야간|우천|폭염,3,0.0344,관찰,🔵,0.028,0.9612,0.0061,0.0327,순찰 요원 1명,"구급함, 무전기","일반 안전 순찰 60분 간격 유지 | 기상특보·예보 확인 | 방문객 밀도 추이 모니터링 | 비상 연락망 점검 | [폭염] 그늘·음용수 추가 배치, 열사병 집중 모니터링, 피크타임 야외 자제 권고 | [우천] 미끄러짐 주의 안내, 낙뢰 위험 시설 대피, 우천 장비 점검 | [야간] 조명 확보 및 시야 불량 구역 안전선 설치, 야간 순찰 강화",기상특보 발령 또는 밀도 > 0.6 시 주의 단계 상향,관문 — 혼잡 시 낙상·압사 주의
F06,중앙광장,여유,우천|폭염|피크타임,3,0.0354,관찰,🔵,0.028,0.9066,0.022,0.0714,순찰 요원 1명,"구급함, 무전기","일반 안전 순찰 60분 간격 유지 | 기상특보·예보 확인 | 방문객 밀도 추이 모니터링 | 비상 연락망 점검 | [폭염] 그늘·음용수 추가 배치, 열사병 집중 모니터링, 피크타임 야외 자제 권고 | [우천] 미끄러짐 주의 안내, 낙뢰 위험 시설 대피, 우천 장비 점검",기상특보 발령 또는 밀도 > 0.6 시 주의 단계 상향,관문 — 혼잡 시 낙상·압사 주의
F06,중앙광장,여유,강풍|폭염|한파,3,0.0342,관찰,🔵,0.028,0.9669,0.0121,0.021,순찰 요원 1명,"구급함, 무전기","일반 안전 순찰 60분 간격 유지 | 기상특보·예보 확인 | 방문객 밀도 추이 모니터링 | 비상 연락망 점검 | [폭염] 그늘·음용수 추가 배치, 열사병 집중 모니터링, 피크타임 야외 자제 권고 | [한파] 저체온증 위험 모니터링, 실내 대피 공간 운영, 동상 응급처치 키트 배치 | [강풍] 낙하물 위험 구역 통제, 야외 구조물·천막 긴급 점검",기상특보 발령 또는 밀도 > 0.6 시 주의 단계 상향,관문 — 혼잡 시 낙상·압사 주의
F06,중앙광장,여유,야간|폭염|한파,3,0.0347,관찰,🔵,0.028,0.945,0.012,0.043,순찰 요원 1명,"구급함, 무전기","일반 안전 순찰 60분 간격 유지 | 기상특보·예보 확인 | 방문객 밀도 추이 모니터링 | 비상 연락망 점검 | [폭염] 그늘·음용수 추가 배치, 열사병 집중 모니터링, 피크타임 야외 자제 권고 | [한파] 저체온증 위험 모니터링, 실내 대피 공간 운영, 동상 응급처치 키트 배치 | [야간] 조명 확보 및 시야 불량 구역 안전선 설치, 야간 순찰 강화",기상특보 발령 또는 밀도 > 0.6 시 주의 단계 상향,관문 — 혼잡 시 낙상·압사 주의
F06,중앙광장,여유,폭염|피크타임|한파,3,0.0353,관찰,🔵,0.028,0.9124,0.0233,0.0643,순찰 요원 1명,"구급함, 무전기","일반 안전 순찰 60분 간격 유지 | 기상특보·예보 확인 | 방문객 밀도 추이 모니터링 | 비상 연락망 점검 | [폭염] 그늘·음용수 추가 배치, 열사병 집중 모니터링, 피크타임 야외 자제 권고 | [한파] 저체온증 위험 모니터링, 실내 대피 공간 운영, 동상 응급처치 키트 배치",기상특보 발령 또는 밀도 > 0.6 시 주의 단계 상향,관문 — 혼잡 시 낙상·압사 주의
F06,중앙광장,여유,강풍|야간|폭염,3,0.0347,관찰,🔵,0.028,0.945,0.012,0.043,순찰 요원 1명,"구급함, 무전기","일반 안전 순찰 60분 간격 유지 | 기상특보·예보 확인 | 방문객 밀도 추이 모니터링 | 비상 연락망 점검 | [폭염] 그늘·음용수 추가 배치, 열사병 집중 모니터링, 피크타임 야외 자제 권고 | [강풍] 낙하물 위험 구역 통제, 야외 구조물·천막 긴급 점검 | [야간] 조명 확보 및 시야 불량 구역 안전선 설치, 야간 순찰 강화",기상특보 발령 또는 밀도 > 0.6 시 주의 단계 상향,관문 — 혼잡 시 낙상·압사 주의
F06,중앙광장,여유,강풍|폭염|피크타임,3,0.0353,관찰,🔵,0.028,0.9124,0.0233,0.0643,순찰 요원 1명,"구급함, 무전기","일반 안전 순찰 60분 간격 유지 | 기상특보·예보 확인 | 방문객 밀도 추이 모니터링 | 비상 연락망 점검 | [폭염] 그늘·음용수 추가 배치, 열사병 집중 모니터링, 피크타임 야외 자제 권고 | [강풍] 낙하물 위험 구역 통제, 야외 구조물·천막 긴급 점검",기상특보 발령 또는 밀도 > 0.6 시 주의 단계 상향,관문 — 혼잡 시 낙상·압사 주의
F06,중앙광장,여유,야간|폭염|피크타임,3,0.0347,관찰,🔵,0.028,0.945,0.012,0.043,순찰 요원 1명,"구급함, 무전기","일반 안전 순찰 60분 간격 유지 | 기상특보·예보 확인 | 방문객 밀도 추이 모니터링 | 비상 연락망 점검 | [폭염] 그늘·음용수 추가 배치, 열사병 집중 모니터링, 피크타임 야외 자제 권고 | [야간] 조명 확보 및 시야 불량 구역 안전선 설치, 야간 순찰 강화",기상특보 발령 또는 밀도 > 0.6 시 주의 단계 상향,관문 — 혼잡 시 낙상·압사 주의
F06,중앙광장,여유,강풍|우천|한파,3,0.0351,관찰,🔵,0.028,0.8553,0.1247,0.02,순찰 요원 1명,"구급함, 무전기","일반 안전 순찰 60분 간격 유지 | 기상특보·예보 확인 | 방문객 밀도 추이 모니터링 | 비상 연락망 점검 | [우천] 미끄러짐 주의 안내, 낙뢰 위험 시설 대피, 우천 장비 점검 | [한파] 저체온증 위험 모니터링, 실내 대피 공간 운영, 동상 응급처치 키트 배치 | [강풍] 낙하물 위험 구역 통제, 야외 구조물·천막 긴급 점검",기상특보 발령 또는 밀도 > 0.6 시 주의 단계 상향,관문 — 혼잡 시 낙상·압사 주의
F06,중앙광장,여유,야간|우천|한파,3,0.0357,관찰,🔵,0.028,0.7947,0.1786,0.0267,순찰 요원 1명,"구급함, 무전기","일반 안전 순찰 60분 간격 유지 | 기상특보·예보 확인 | 방문객 밀도 추이 모니터링 | 비상 연락망 점검 | [우천] 미끄러짐 주의 안내, 낙뢰 위험 시설 대피, 우천 장비 점검 | [한파] 저체온증 위험 모니터링, 실내 대피 공간 운영, 동상 응급처치 키트 배치 | [야간] 조명 확보 및 시야 불량 구역 안전선 설치, 야간 순찰 강화",기상특보 발령 또는 밀도 > 0.6 시 주의 단계 상향,관문 — 혼잡 시 낙상·압사 주의
F06,중앙광장,여유,우천|피크타임|한파,3,0.0359,관찰,🔵,0.028,0.8443,0.0894,0.0663,순찰 요원 1명,"구급함, 무전기","일반 안전 순찰 60분 간격 유지 | 기상특보·예보 확인 | 방문객 밀도 추이 모니터링 | 비상 연락망 점검 | [우천] 미끄러짐 주의 안내, 낙뢰 위험 시설 대피, 우천 장비 점검 | [한파] 저체온증 위험 모니터링, 실내 대피 공간 운영, 동상 응급처치 키트 배치",기상특보 발령 또는 밀도 > 0.6 시 주의 단계 상향,관문 — 혼잡 시 낙상·압사 주의
F06,중앙광장,여유,강풍|야간|우천,3,0.0339,관찰,🔵,0.028,0.9756,0.0186,0.0059,순찰 요원 1명,"구급함, 무전기","일반 안전 순찰 60분 간격 유지 | 기상특보·예보 확인 | 방문객 밀도 추이 모니터링 | 비상 연락망 점검 | [우천] 미끄러짐 주의 안내, 낙뢰 위험 시설 대피, 우천 장비 점검 | [강풍] 낙하물 위험 구역 통제, 야외 구조물·천막 긴급 점검 | [야간] 조명 확보 및 시야 불량 구역 안전선 설치, 야간 순찰 강화",기상특보 발령 또는 밀도 > 0.6 시 주의 단계 상향,관문 — 혼잡 시 낙상·압사 주의
F06,중앙광장,여유,강풍|우천|피크타임,3,0.0342,관찰,🔵,0.028,0.9724,0.0075,0.0202,순찰 요원 1명,"구급함, 무전기","일반 안전 순찰 60분 간격 유지 | 기상특보·예보 확인 | 방문객 밀도 추이 모니터링 | 비상 연락망 점검 | [우천] 미끄러짐 주의 안내, 낙뢰 위험 시설 대피, 우천 장비 점검 | [강풍] 낙하물 위험 구역 통제, 야외 구조물·천막 긴급 점검",기상특보 발령 또는 밀도 > 0.6 시 주의 단계 상향,관문 — 혼잡 시 낙상·압사 주의
F06,중앙광장,여유,야간|우천|피크타임,3,0.0339,관찰,🔵,0.028,0.9829,0.0123,0.0048,순찰 요원 1명,"구급함, 무전기","일반 안전 순찰 60분 간격 유지 | 기상특보·예보 확인 | 방문객 밀도 추이 모니터링 | 비상 연락망 점검 | [우천] 미끄러짐 주의 안내, 낙뢰 위험 시설 대피, 우천 장비 점검 | [야간] 조명 확보 및 시야 불량 구역 안전선 설치, 야간 순찰 강화",기상특보 발령 또는 밀도 > 0.6 시 주의 단계 상향,관문 — 혼잡 시 낙상·압사 주의
F06,중앙광장,여유,강풍|야간|한파,3,0.0389,관찰,🔵,0.028,0.5661,0.3218,0.1122,순찰 요원 1명,"구급함, 무전기","일반 안전 순찰 60분 간격 유지 | 기상특보·예보 확인 | 방문객 밀도 추이 모니터링 | 비상 연락망 점검 | [한파] 저체온증 위험 모니터링, 실내 대피 공간 운영, 동상 응급처치 키트 배치 | [강풍] 낙하물 위험 구역 통제, 야외 구조물·천막 긴급 점검 | [야간] 조명 확보 및 시야 불량 구역 안전선 설치, 야간 순찰 강화",기상특보 발령 또는 밀도 > 0.6 시 주의 단계 상향,관문 — 혼잡 시 낙상·압사 주의
F06,중앙광장,여유,강풍|피크타임|한파,3,0.0399,관찰,🔵,0.028,0.6633,0.0937,0.243,순찰 요원 1명,"구급함, 무전기","일반 안전 순찰 60분 간격 유지 | 기상특보·예보 확인 | 방문객 밀도 추이 모니터링 | 비상 연락망 점검 | [한파] 저체온증 위험 모니터링, 실내 대피 공간 운영, 동상 응급처치 키트 배치 | [강풍] 낙하물 위험 구역 통제, 야외 구조물·천막 긴급 점검",기상특보 발령 또는 밀도 > 0.6 시 주의 단계 상향,관문 — 혼잡 시 낙상·압사 주의
F06,중앙광장,여유,야간|피크타임|한파,3,0.0389,관찰,🔵,0.028,0.5661,0.3218,0.1122,순찰 요원 1명,"구급함, 무전기","일반 안전 순찰 60분 간격 유지 | 기상특보·예보 확인 | 방문객 밀도 추이 모니터링 | 비상 연락망 점검 | [한파] 저체온증 위험 모니터링, 실내 대피 공간 운영, 동상 응급처치 키트 배치 | [야간] 조명 확보 및 시야 불량 구역 안전선 설치, 야간 순찰 강화",기상특보 발령 또는 밀도 > 0.6 시 주의 단계 상향,관문 — 혼잡 시 낙상·압사 주의
F06,중앙광장,여유,강풍|야간|피크타임,3,0.0344,관찰,🔵,0.028,0.9344,0.0487,0.0169,순찰 요원 1명,"구급함, 무전기","일반 안전 순찰 60분 간격 유지 | 기상특보·예보 확인 | 방문객 밀도 추이 모니터링 | 비상 연락망 점검 | [강풍] 낙하물 위험 구역 통제, 야외 구조물·천막 긴급 점검 | [야간] 조명 확보 및 시야 불량 구역 안전선 설치, 야간 순찰 강화",기상특보 발령 또는 밀도 > 0.6 시 주의 단계 상향,관문 — 혼잡 시 낙상·압사 주의
F06,중앙광장,여유,강풍|우천|폭염|한파,4,0.0342,관찰,🔵,0.028,0.9707,0.0102,0.0191,순찰 요원 1명,"구급함, 무전기","일반 안전 순찰 60분 간격 유지 | 기상특보·예보 확인 | 방문객 밀도 추이 모니터링 | 비상 연락망 점검 | [폭염] 그늘·음용수 추가 배치, 열사병 집중 모니터링, 피크타임 야외 자제 권고 | [우천] 미끄러짐 주의 안내, 낙뢰 위험 시설 대피, 우천 장비 점검 | [한파] 저체온증 위험 모니터링, 실내 대피 공간 운영, 동상 응급처치 키트 배치 | [강풍] 낙하물 위험 구역 통제, 야외 구조물·천막 긴급 점검",기상특보 발령 또는 밀도 > 0.6 시 주의 단계 상향,관문 — 혼잡 시 낙상·압사 주의
F06,중앙광장,여유,야간|우천|폭염|한파,4,0.0344,관찰,🔵,0.028,0.9612,0.0061,0.0327,순찰 요원 1명,"구급함, 무전기","일반 안전 순찰 60분 간격 유지 | 기상특보·예보 확인 | 방문객 밀도 추이 모니터링 | 비상 연락망 점검 | [폭염] 그늘·음용수 추가 배치, 열사병 집중 모니터링, 피크타임 야외 자제 권고 | [우천] 미끄러짐 주의 안내, 낙뢰 위험 시설 대피, 우천 장비 점검 | [한파] 저체온증 위험 모니터링, 실내 대피 공간 운영, 동상 응급처치 키트 배치 | [야간] 조명 확보 및 시야 불량 구역 안전선 설치, 야간 순찰 강화",기상특보 발령 또는 밀도 > 0.6 시 주의 단계 상향,관문 — 혼잡 시 낙상·압사 주의
F06,중앙광장,여유,우천|폭염|피크타임|한파,4,0.0354,관찰,🔵,0.028,0.9066,0.022,0.0714,순찰 요원 1명,"구급함, 무전기","일반 안전 순찰 60분 간격 유지 | 기상특보·예보 확인 | 방문객 밀도 추이 모니터링 | 비상 연락망 점검 | [폭염] 그늘·음용수 추가 배치, 열사병 집중 모니터링, 피크타임 야외 자제 권고 | [우천] 미끄러짐 주의 안내, 낙뢰 위험 시설 대피, 우천 장비 점검 | [한파] 저체온증 위험 모니터링, 실내 대피 공간 운영, 동상 응급처치 키트 배치",기상특보 발령 또는 밀도 > 0.6 시 주의 단계 상향,관문 — 혼잡 시 낙상·압사 주의
F06,중앙광장,여유,강풍|야간|우천|폭염,4,0.0344,관찰,🔵,0.028,0.9612,0.0061,0.0327,순찰 요원 1명,"구급함, 무전기","일반 안전 순찰 60분 간격 유지 | 기상특보·예보 확인 | 방문객 밀도 추이 모니터링 | 비상 연락망 점검 | [폭염] 그늘·음용수 추가 배치, 열사병 집중 모니터링, 피크타임 야외 자제 권고 | [우천] 미끄러짐 주의 안내, 낙뢰 위험 시설 대피, 우천 장비 점검 | [강풍] 낙하물 위험 구역 통제, 야외 구조물·천막 긴급 점검 | [야간] 조명 확보 및 시야 불량 구역 안전선 설치, 야간 순찰 강화",기상특보 발령 또는 밀도 > 0.6 시 주의 단계 상향,관문 — 혼잡 시 낙상·압사 주의
F06,중앙광장,여유,강풍|우천|폭염|피크타임,4,0.0354,관찰,🔵,0.028,0.9066,0.022,0.0714,순찰 요원 1명,"구급함, 무전기","일반 안전 순찰 60분 간격 유지 | 기상특보·예보 확인 | 방문객 밀도 추이 모니터링 | 비상 연락망 점검 | [폭염] 그늘·음용수 추가 배치, 열사병 집중 모니터링, 피크타임 야외 자제 권고 | [우천] 미끄러짐 주의 안내, 낙뢰 위험 시설 대피, 우천 장비 점검 | [강풍] 낙하물 위험 구역 통제, 야외 구조물·천막 긴급 점검",기상특보 발령 또는 밀도 > 0.6 시 주의 단계 상향,관문 — 혼잡 시 낙상·압사 주의
F06,중앙광장,여유,야간|우천|폭염|피크타임,4,0.0344,관찰,🔵,0.028,0.9612,0.0061,0.0327,순찰 요원 1명,"구급함, 무전기","일반 안전 순찰 60분 간격 유지 | 기상특보·예보 확인 | 방문객 밀도 추이 모니터링 | 비상 연락망 점검 | [폭염] 그늘·음용수 추가 배치, 열사병 집중 모니터링, 피크타임 야외 자제 권고 | [우천] 미끄러짐 주의 안내, 낙뢰 위험 시설 대피, 우천 장비 점검 | [야간] 조명 확보 및 시야 불량 구역 안전선 설치, 야간 순찰 강화",기상특보 발령 또는 밀도 > 0.6 시 주의 단계 상향,관문 — 혼잡 시 낙상·압사 주의
F06,중앙광장,여유,강풍|야간|폭염|한파,4,0.0347,관찰,🔵,0.028,0.945,0.012,0.043,순찰 요원 1명,"구급함, 무전기","일반 안전 순찰 60분 간격 유지 | 기상특보·예보 확인 | 방문객 밀도 추이 모니터링 | 비상 연락망 점검 | [폭염] 그늘·음용수 추가 배치, 열사병 집중 모니터링, 피크타임 야외 자제 권고 | [한파] 저체온증 위험 모니터링, 실내 대피 공간 운영, 동상 응급처치 키트 배치 | [강풍] 낙하물 위험 구역 통제, 야외 구조물·천막 긴급 점검 | [야간] 조명 확보 및 시야 불량 구역 안전선 설치, 야간 순찰 강화",기상특보 발령 또는 밀도 > 0.6 시 주의 단계 상향,관문 — 혼잡 시 낙상·압사 주의
F06,중앙광장,여유,강풍|폭염|피크타임|한파,4,0.0353,관찰,🔵,0.028,0.9124,0.0233,0.0643,순찰 요원 1명,"구급함, 무전기","일반 안전 순찰 60분 간격 유지 | 기상특보·예보 확인 | 방문객 밀도 추이 모니터링 | 비상 연락망 점검 | [폭염] 그늘·음용수 추가 배치, 열사병 집중 모니터링, 피크타임 야외 자제 권고 | [한파] 저체온증 위험 모니터링, 실내 대피 공간 운영, 동상 응급처치 키트 배치 | [강풍] 낙하물 위험 구역 통제, 야외 구조물·천막 긴급 점검",기상특보 발령 또는 밀도 > 0.6 시 주의 단계 상향,관문 — 혼잡 시 낙상·압사 주의
F06,중앙광장,여유,야간|폭염|피크타임|한파,4,0.0347,관찰,🔵,0.028,0.945,0.012,0.043,순찰 요원 1명,"구급함, 무전기","일반 안전 순찰 60분 간격 유지 | 기상특보·예보 확인 | 방문객 밀도 추이 모니터링 | 비상 연락망 점검 | [폭염] 그늘·음용수 추가 배치, 열사병 집중 모니터링, 피크타임 야외 자제 권고 | [한파] 저체온증 위험 모니터링, 실내 대피 공간 운영, 동상 응급처치 키트 배치 | [야간] 조명 확보 및 시야 불량 구역 안전선 설치, 야간 순찰 강화",기상특보 발령 또는 밀도 > 0.6 시 주의 단계 상향,관문 — 혼잡 시 낙상·압사 주의
F06,중앙광장,여유,강풍|야간|폭염|피크타임,4,0.0347,관찰,🔵,0.028,0.945,0.012,0.043,순찰 요원 1명,"구급함, 무전기","일반 안전 순찰 60분 간격 유지 | 기상특보·예보 확인 | 방문객 밀도 추이 모니터링 | 비상 연락망 점검 | [폭염] 그늘·음용수 추가 배치, 열사병 집중 모니터링, 피크타임 야외 자제 권고 | [강풍] 낙하물 위험 구역 통제, 야외 구조물·천막 긴급 점검 | [야간] 조명 확보 및 시야 불량 구역 안전선 설치, 야간 순찰 강화",기상특보 발령 또는 밀도 > 0.6 시 주의 단계 상향,관문 — 혼잡 시 낙상·압사 주의
F06,중앙광장,여유,강풍|야간|우천|한파,4,0.0357,관찰,🔵,0.028,0.7947,0.1786,0.0267,순찰 요원 1명,"구급함, 무전기","일반 안전 순찰 60분 간격 유지 | 기상특보·예보 확인 | 방문객 밀도 추이 모니터링 | 비상 연락망 점검 | [우천] 미끄러짐 주의 안내, 낙뢰 위험 시설 대피, 우천 장비 점검 | [한파] 저체온증 위험 모니터링, 실내 대피 공간 운영, 동상 응급처치 키트 배치 | [강풍] 낙하물 위험 구역 통제, 야외 구조물·천막 긴급 점검 | [야간] 조명 확보 및 시야 불량 구역 안전선 설치, 야간 순찰 강화",기상특보 발령 또는 밀도 > 0.6 시 주의 단계 상향,관문 — 혼잡 시 낙상·압사 주의
F06,중앙광장,여유,강풍|우천|피크타임|한파,4,0.0359,관찰,🔵,0.028,0.8443,0.0894,0.0663,순찰 요원 1명,"구급함, 무전기","일반 안전 순찰 60분 간격 유지 | 기상특보·예보 확인 | 방문객 밀도 추이 모니터링 | 비상 연락망 점검 | [우천] 미끄러짐 주의 안내, 낙뢰 위험 시설 대피, 우천 장비 점검 | [한파] 저체온증 위험 모니터링, 실내 대피 공간 운영, 동상 응급처치 키트 배치 | [강풍] 낙하물 위험 구역 통제, 야외 구조물·천막 긴급 점검",기상특보 발령 또는 밀도 > 0.6 시 주의 단계 상향,관문 — 혼잡 시 낙상·압사 주의
F06,중앙광장,여유,야간|우천|피크타임|한파,4,0.0357,관찰,🔵,0.028,0.7947,0.1786,0.0267,순찰 요원 1명,"구급함, 무전기","일반 안전 순찰 60분 간격 유지 | 기상특보·예보 확인 | 방문객 밀도 추이 모니터링 | 비상 연락망 점검 | [우천] 미끄러짐 주의 안내, 낙뢰 위험 시설 대피, 우천 장비 점검 | [한파] 저체온증 위험 모니터링, 실내 대피 공간 운영, 동상 응급처치 키트 배치 | [야간] 조명 확보 및 시야 불량 구역 안전선 설치, 야간 순찰 강화",기상특보 발령 또는 밀도 > 0.6 시 주의 단계 상향,관문 — 혼잡 시 낙상·압사 주의
F06,중앙광장,여유,강풍|야간|우천|피크타임,4,0.0339,관찰,🔵,0.028,0.9756,0.0186,0.0059,순찰 요원 1명,"구급함, 무전기","일반 안전 순찰 60분 간격 유지 | 기상특보·예보 확인 | 방문객 밀도 추이 모니터링 | 비상 연락망 점검 | [우천] 미끄러짐 주의 안내, 낙뢰 위험 시설 대피, 우천 장비 점검 | [강풍] 낙하물 위험 구역 통제, 야외 구조물·천막 긴급 점검 | [야간] 조명 확보 및 시야 불량 구역 안전선 설치, 야간 순찰 강화",기상특보 발령 또는 밀도 > 0.6 시 주의 단계 상향,관문 — 혼잡 시 낙상·압사 주의
F06,중앙광장,여유,강풍|야간|피크타임|한파,4,0.0389,관찰,🔵,0.028,0.5661,0.3218,0.1122,순찰 요원 1명,"구급함, 무전기","일반 안전 순찰 60분 간격 유지 | 기상특보·예보 확인 | 방문객 밀도 추이 모니터링 | 비상 연락망 점검 | [한파] 저체온증 위험 모니터링, 실내 대피 공간 운영, 동상 응급처치 키트 배치 | [강풍] 낙하물 위험 구역 통제, 야외 구조물·천막 긴급 점검 | [야간] 조명 확보 및 시야 불량 구역 안전선 설치, 야간 순찰 강화",기상특보 발령 또는 밀도 > 0.6 시 주의 단계 상향,관문 — 혼잡 시 낙상·압사 주의
F06,중앙광장,여유,강풍|야간|우천|폭염|한파,5,0.0344,관찰,🔵,0.028,0.9612,0.0061,0.0327,순찰 요원 1명,"구급함, 무전기","일반 안전 순찰 60분 간격 유지 | 기상특보·예보 확인 | 방문객 밀도 추이 모니터링 | 비상 연락망 점검 | [폭염] 그늘·음용수 추가 배치, 열사병 집중 모니터링, 피크타임 야외 자제 권고 | [우천] 미끄러짐 주의 안내, 낙뢰 위험 시설 대피, 우천 장비 점검 | [한파] 저체온증 위험 모니터링, 실내 대피 공간 운영, 동상 응급처치 키트 배치 | [강풍] 낙하물 위험 구역 통제, 야외 구조물·천막 긴급 점검 | [야간] 조명 확보 및 시야 불량 구역 안전선 설치, 야간 순찰 강화",기상특보 발령 또는 밀도 > 0.6 시 주의 단계 상향,관문 — 혼잡 시 낙상·압사 주의
F06,중앙광장,여유,강풍|우천|폭염|피크타임|한파,5,0.0354,관찰,🔵,0.028,0.9066,0.022,0.0714,순찰 요원 1명,"구급함, 무전기","일반 안전 순찰 60분 간격 유지 | 기상특보·예보 확인 | 방문객 밀도 추이 모니터링 | 비상 연락망 점검 | [폭염] 그늘·음용수 추가 배치, 열사병 집중 모니터링, 피크타임 야외 자제 권고 | [우천] 미끄러짐 주의 안내, 낙뢰 위험 시설 대피, 우천 장비 점검 | [한파] 저체온증 위험 모니터링, 실내 대피 공간 운영, 동상 응급처치 키트 배치 | [강풍] 낙하물 위험 구역 통제, 야외 구조물·천막 긴급 점검",기상특보 발령 또는 밀도 > 0.6 시 주의 단계 상향,관문 — 혼잡 시 낙상·압사 주의
F06,중앙광장,여유,야간|우천|폭염|피크타임|한파,5,0.0344,관찰,🔵,0.028,0.9612,0.0061,0.0327,순찰 요원 1명,"구급함, 무전기","일반 안전 순찰 60분 간격 유지 | 기상특보·예보 확인 | 방문객 밀도 추이 모니터링 | 비상 연락망 점검 | [폭염] 그늘·음용수 추가 배치, 열사병 집중 모니터링, 피크타임 야외 자제 권고 | [우천] 미끄러짐 주의 안내, 낙뢰 위험 시설 대피, 우천 장비 점검 | [한파] 저체온증 위험 모니터링, 실내 대피 공간 운영, 동상 응급처치 키트 배치 | [야간] 조명 확보 및 시야 불량 구역 안전선 설치, 야간 순찰 강화",기상특보 발령 또는 밀도 > 0.6 시 주의 단계 상향,관문 — 혼잡 시 낙상·압사 주의
F06,중앙광장,여유,강풍|야간|우천|폭염|피크타임,5,0.0344,관찰,🔵,0.028,0.9612,0.0061,0.0327,순찰 요원 1명,"구급함, 무전기","일반 안전 순찰 60분 간격 유지 | 기상특보·예보 확인 | 방문객 밀도 추이 모니터링 | 비상 연락망 점검 | [폭염] 그늘·음용수 추가 배치, 열사병 집중 모니터링, 피크타임 야외 자제 권고 | [우천] 미끄러짐 주의 안내, 낙뢰 위험 시설 대피, 우천 장비 점검 | [강풍] 낙하물 위험 구역 통제, 야외 구조물·천막 긴급 점검 | [야간] 조명 확보 및 시야 불량 구역 안전선 설치, 야간 순찰 강화",기상특보 발령 또는 밀도 > 0.6 시 주의 단계 상향,관문 — 혼잡 시 낙상·압사 주의
F06,중앙광장,여유,강풍|야간|폭염|피크타임|한파,5,0.0347,관찰,🔵,0.028,0.945,0.012,0.043,순찰 요원 1명,"구급함, 무전기","일반 안전 순찰 60분 간격 유지 | 기상특보·예보 확인 | 방문객 밀도 추이 모니터링 | 비상 연락망 점검 | [폭염] 그늘·음용수 추가 배치, 열사병 집중 모니터링, 피크타임 야외 자제 권고 | [한파] 저체온증 위험 모니터링, 실내 대피 공간 운영, 동상 응급처치 키트 배치 | [강풍] 낙하물 위험 구역 통제, 야외 구조물·천막 긴급 점검 | [야간] 조명 확보 및 시야 불량 구역 안전선 설치, 야간 순찰 강화",기상특보 발령 또는 밀도 > 0.6 시 주의 단계 상향,관문 — 혼잡 시 낙상·압사 주의
F06,중앙광장,여유,강풍|야간|우천|피크타임|한파,5,0.0357,관찰,🔵,0.028,0.7947,0.1786,0.0267,순찰 요원 1명,"구급함, 무전기","일반 안전 순찰 60분 간격 유지 | 기상특보·예보 확인 | 방문객 밀도 추이 모니터링 | 비상 연락망 점검 | [우천] 미끄러짐 주의 안내, 낙뢰 위험 시설 대피, 우천 장비 점검 | [한파] 저체온증 위험 모니터링, 실내 대피 공간 운영, 동상 응급처치 키트 배치 | [강풍] 낙하물 위험 구역 통제, 야외 구조물·천막 긴급 점검 | [야간] 조명 확보 및 시야 불량 구역 안전선 설치, 야간 순찰 강화",기상특보 발령 또는 밀도 > 0.6 시 주의 단계 상향,관문 — 혼잡 시 낙상·압사 주의
F06,중앙광장,여유,강풍|야간|우천|폭염|피크타임|한파,6,0.0344,관찰,🔵,0.028,0.9612,0.0061,0.0327,순찰 요원 1명,"구급함, 무전기","일반 안전 순찰 60분 간격 유지 | 기상특보·예보 확인 | 방문객 밀도 추이 모니터링 | 비상 연락망 점검 | [폭염] 그늘·음용수 추가 배치, 열사병 집중 모니터링, 피크타임 야외 자제 권고 | [우천] 미끄러짐 주의 안내, 낙뢰 위험 시설 대피, 우천 장비 점검 | [한파] 저체온증 위험 모니터링, 실내 대피 공간 운영, 동상 응급처치 키트 배치 | [강풍] 낙하물 위험 구역 통제, 야외 구조물·천막 긴급 점검 | [야간] 조명 확보 및 시야 불량 구역 안전선 설치, 야간 순찰 강화",기상특보 발령 또는 밀도 > 0.6 시 주의 단계 상향,관문 — 혼잡 시 낙상·압사 주의
F06,중앙광장,보통,없음,0,0.037,관찰,🔵,0.028,0.6405,0.3341,0.0254,순찰 요원 1명,"구급함, 무전기",일반 안전 순찰 60분 간격 유지 | 기상특보·예보 확인 | 방문객 밀도 추이 모니터링 | 비상 연락망 점검,기상특보 발령 또는 밀도 > 0.6 시 주의 단계 상향,관문 — 혼잡 시 낙상·압사 주의
F06,중앙광장,보통,폭염,1,0.0392,관찰,🔵,0.028,0.5978,0.2476,0.1546,순찰 요원 1명,"구급함, 무전기","일반 안전 순찰 60분 간격 유지 | 기상특보·예보 확인 | 방문객 밀도 추이 모니터링 | 비상 연락망 점검 | [폭염] 그늘·음용수 추가 배치, 열사병 집중 모니터링, 피크타임 야외 자제 권고",기상특보 발령 또는 밀도 > 0.6 시 주의 단계 상향,관문 — 혼잡 시 낙상·압사 주의
F06,중앙광장,보통,우천,1,0.0499,관찰,🔵,0.028,0.2026,0.1198,0.6776,순찰 요원 1명,"구급함, 무전기","일반 안전 순찰 60분 간격 유지 | 기상특보·예보 확인 | 방문객 밀도 추이 모니터링 | 비상 연락망 점검 | [우천] 미끄러짐 주의 안내, 낙뢰 위험 시설 대피, 우천 장비 점검",기상특보 발령 또는 밀도 > 0.6 시 주의 단계 상향,관문 — 혼잡 시 낙상·압사 주의
F06,중앙광장,보통,한파,1,0.0934,주의,🟡,0.0659,0.4159,0.5004,0.0837,예방 모니터 1명 + 대기 요원 1명,"구급함, 무전기, 음용수, 그늘막","예방 순찰 30분 간격 강화 | 응급 대응 장비 위치·작동 상태 점검 | 고위험 방문객 (노약자·어린이·임산부) 적극 모니터링 | 기상 변화·밀도 실시간 확인 | 대기 인력 현장 근접 배치 | [한파] 저체온증 위험 모니터링, 실내 대피 공간 운영, 동상 응급처치 키트 배치",이상 징후(쓰러짐·발열·외상) 발견 즉시 위험 단계 상향,관문 — 혼잡 시 낙상·압사 주의
F06,중앙광장,보통,강풍,1,0.0361,관찰,🔵,0.028,0.7302,0.2569,0.013,순찰 요원 1명,"구급함, 무전기","일반 안전 순찰 60분 간격 유지 | 기상특보·예보 확인 | 방문객 밀도 추이 모니터링 | 비상 연락망 점검 | [강풍] 낙하물 위험 구역 통제, 야외 구조물·천막 긴급 점검",기상특보 발령 또는 밀도 > 0.6 시 주의 단계 상향,관문 — 혼잡 시 낙상·압사 주의
F06,중앙광장,보통,야간,1,0.0373,관찰,🔵,0.028,0.5908,0.3912,0.018,순찰 요원 1명,"구급함, 무전기","일반 안전 순찰 60분 간격 유지 | 기상특보·예보 확인 | 방문객 밀도 추이 모니터링 | 비상 연락망 점검 | [야간] 조명 확보 및 시야 불량 구역 안전선 설치, 야간 순찰 강화",기상특보 발령 또는 밀도 > 0.6 시 주의 단계 상향,관문 — 혼잡 시 낙상·압사 주의
F06,중앙광장,보통,피크타임,1,0.0416,관찰,🔵,0.028,0.3792,0.4251,0.1957,순찰 요원 1명,"구급함, 무전기",일반 안전 순찰 60분 간격 유지 | 기상특보·예보 확인 | 방문객 밀도 추이 모니터링 | 비상 연락망 점검,기상특보 발령 또는 밀도 > 0.6 시 주의 단계 상향,관문 — 혼잡 시 낙상·압사 주의
F06,중앙광장,보통,우천|폭염,2,0.0537,관찰,🔵,0.028,0.077,0.0448,0.8782,순찰 요원 1명,"구급함, 무전기","일반 안전 순찰 60분 간격 유지 | 기상특보·예보 확인 | 방문객 밀도 추이 모니터링 | 비상 연락망 점검 | [폭염] 그늘·음용수 추가 배치, 열사병 집중 모니터링, 피크타임 야외 자제 권고 | [우천] 미끄러짐 주의 안내, 낙뢰 위험 시설 대피, 우천 장비 점검",기상특보 발령 또는 밀도 > 0.6 시 주의 단계 상향,관문 — 혼잡 시 낙상·압사 주의
F06,중앙광장,보통,폭염|한파,2,0.0392,관찰,🔵,0.028,0.5978,0.2476,0.1546,순찰 요원 1명,"구급함, 무전기","일반 안전 순찰 60분 간격 유지 | 기상특보·예보 확인 | 방문객 밀도 추이 모니터링 | 비상 연락망 점검 | [폭염] 그늘·음용수 추가 배치, 열사병 집중 모니터링, 피크타임 야외 자제 권고 | [한파] 저체온증 위험 모니터링, 실내 대피 공간 운영, 동상 응급처치 키트 배치",기상특보 발령 또는 밀도 > 0.6 시 주의 단계 상향,관문 — 혼잡 시 낙상·압사 주의
F06,중앙광장,보통,강풍|폭염,2,0.0392,관찰,🔵,0.028,0.5978,0.2476,0.1546,순찰 요원 1명,"구급함, 무전기","일반 안전 순찰 60분 간격 유지 | 기상특보·예보 확인 | 방문객 밀도 추이 모니터링 | 비상 연락망 점검 | [폭염] 그늘·음용수 추가 배치, 열사병 집중 모니터링, 피크타임 야외 자제 권고 | [강풍] 낙하물 위험 구역 통제, 야외 구조물·천막 긴급 점검",기상특보 발령 또는 밀도 > 0.6 시 주의 단계 상향,관문 — 혼잡 시 낙상·압사 주의
F06,중앙광장,보통,야간|폭염,2,0.0355,관찰,🔵,0.028,0.8688,0.0746,0.0566,순찰 요원 1명,"구급함, 무전기","일반 안전 순찰 60분 간격 유지 | 기상특보·예보 확인 | 방문객 밀도 추이 모니터링 | 비상 연락망 점검 | [폭염] 그늘·음용수 추가 배치, 열사병 집중 모니터링, 피크타임 야외 자제 권고 | [야간] 조명 확보 및 시야 불량 구역 안전선 설치, 야간 순찰 강화",기상특보 발령 또는 밀도 > 0.6 시 주의 단계 상향,관문 — 혼잡 시 낙상·압사 주의
F06,중앙광장,보통,폭염|피크타임,2,0.0441,관찰,🔵,0.028,0.3396,0.3089,0.3516,순찰 요원 1명,"구급함, 무전기","일반 안전 순찰 60분 간격 유지 | 기상특보·예보 확인 | 방문객 밀도 추이 모니터링 | 비상 연락망 점검 | [폭염] 그늘·음용수 추가 배치, 열사병 집중 모니터링, 피크타임 야외 자제 권고",기상특보 발령 또는 밀도 > 0.6 시 주의 단계 상향,관문 — 혼잡 시 낙상·압사 주의
F06,중앙광장,보통,우천|한파,2,0.0507,관찰,🔵,0.028,0.171,0.1132,0.7158,순찰 요원 1명,"구급함, 무전기","일반 안전 순찰 60분 간격 유지 | 기상특보·예보 확인 | 방문객 밀도 추이 모니터링 | 비상 연락망 점검 | [우천] 미끄러짐 주의 안내, 낙뢰 위험 시설 대피, 우천 장비 점검 | [한파] 저체온증 위험 모니터링, 실내 대피 공간 운영, 동상 응급처치 키트 배치",기상특보 발령 또는 밀도 > 0.6 시 주의 단계 상향,관문 — 혼잡 시 낙상·압사 주의
F06,중앙광장,보통,강풍|우천,2,0.0456,관찰,🔵,0.028,0.4094,0.0944,0.4962,순찰 요원 1명,"구급함, 무전기","일반 안전 순찰 60분 간격 유지 | 기상특보·예보 확인 | 방문객 밀도 추이 모니터링 | 비상 연락망 점검 | [우천] 미끄러짐 주의 안내, 낙뢰 위험 시설 대피, 우천 장비 점검 | [강풍] 낙하물 위험 구역 통제, 야외 구조물·천막 긴급 점검",기상특보 발령 또는 밀도 > 0.6 시 주의 단계 상향,관문 — 혼잡 시 낙상·압사 주의
F06,중앙광장,보통,야간|우천,2,0.0478,관찰,🔵,0.028,0.3093,0.098,0.5927,순찰 요원 1명,"구급함, 무전기","일반 안전 순찰 60분 간격 유지 | 기상특보·예보 확인 | 방문객 밀도 추이 모니터링 | 비상 연락망 점검 | [우천] 미끄러짐 주의 안내, 낙뢰 위험 시설 대피, 우천 장비 점검 | [야간] 조명 확보 및 시야 불량 구역 안전선 설치, 야간 순찰 강화",기상특보 발령 또는 밀도 > 0.6 시 주의 단계 상향,관문 — 혼잡 시 낙상·압사 주의
F06,중앙광장,보통,우천|피크타임,2,0.0546,관찰,🔵,0.028,0.0321,0.0508,0.9171,순찰 요원 1명,"구급함, 무전기","일반 안전 순찰 60분 간격 유지 | 기상특보·예보 확인 | 방문객 밀도 추이 모니터링 | 비상 연락망 점검 | [우천] 미끄러짐 주의 안내, 낙뢰 위험 시설 대피, 우천 장비 점검",기상특보 발령 또는 밀도 > 0.6 시 주의 단계 상향,관문 — 혼잡 시 낙상·압사 주의
F06,중앙광장,보통,강풍|한파,2,0.0934,주의,🟡,0.0659,0.4159,0.5004,0.0837,예방 모니터 1명 + 대기 요원 1명,"구급함, 무전기, 음용수, 그늘막","예방 순찰 30분 간격 강화 | 응급 대응 장비 위치·작동 상태 점검 | 고위험 방문객 (노약자·어린이·임산부) 적극 모니터링 | 기상 변화·밀도 실시간 확인 | 대기 인력 현장 근접 배치 | [한파] 저체온증 위험 모니터링, 실내 대피 공간 운영, 동상 응급처치 키트 배치 | [강풍] 낙하물 위험 구역 통제, 야외 구조물·천막 긴급 점검",이상 징후(쓰러짐·발열·외상) 발견 즉시 위험 단계 상향,관문 — 혼잡 시 낙상·압사 주의
F06,중앙광장,보통,야간|한파,2,0.0941,주의,🟡,0.0659,0.2822,0.6918,0.026,예방 모니터 1명 + 대기 요원 1명,"구급함, 무전기, 음용수, 그늘막","예방 순찰 30분 간격 강화 | 응급 대응 장비 위치·작동 상태 점검 | 고위험 방문객 (노약자·어린이·임산부) 적극 모니터링 | 기상 변화·밀도 실시간 확인 | 대기 인력 현장 근접 배치 | [한파] 저체온증 위험 모니터링, 실내 대피 공간 운영, 동상 응급처치 키트 배치 | [야간] 조명 확보 및 시야 불량 구역 안전선 설치, 야간 순찰 강화",이상 징후(쓰러짐·발열·외상) 발견 즉시 위험 단계 상향,관문 — 혼잡 시 낙상·압사 주의
F06,중앙광장,보통,피크타임|한파,2,0.1001,주의,🟡,0.0659,0.1875,0.6633,0.1492,예방 모니터 1명 + 대기 요원 1명,"구급함, 무전기, 음용수, 그늘막","예방 순찰 30분 간격 강화 | 응급 대응 장비 위치·작동 상태 점검 | 고위험 방문객 (노약자·어린이·임산부) 적극 모니터링 | 기상 변화·밀도 실시간 확인 | 대기 인력 현장 근접 배치 | [한파] 저체온증 위험 모니터링, 실내 대피 공간 운영, 동상 응급처치 키트 배치",이상 징후(쓰러짐·발열·외상) 발견 즉시 위험 단계 상향,관문 — 혼잡 시 낙상·압사 주의
F06,중앙광장,보통,강풍|야간,2,0.0371,관찰,🔵,0.028,0.5977,0.3992,0.0031,순찰 요원 1명,"구급함, 무전기","일반 안전 순찰 60분 간격 유지 | 기상특보·예보 확인 | 방문객 밀도 추이 모니터링 | 비상 연락망 점검 | [강풍] 낙하물 위험 구역 통제, 야외 구조물·천막 긴급 점검 | [야간] 조명 확보 및 시야 불량 구역 안전선 설치, 야간 순찰 강화",기상특보 발령 또는 밀도 > 0.6 시 주의 단계 상향,관문 — 혼잡 시 낙상·압사 주의
F06,중앙광장,보통,강풍|피크타임,2,0.0387,관찰,🔵,0.028,0.4875,0.4566,0.0559,순찰 요원 1명,"구급함, 무전기","일반 안전 순찰 60분 간격 유지 | 기상특보·예보 확인 | 방문객 밀도 추이 모니터링 | 비상 연락망 점검 | [강풍] 낙하물 위험 구역 통제, 야외 구조물·천막 긴급 점검",기상특보 발령 또는 밀도 > 0.6 시 주의 단계 상향,관문 — 혼잡 시 낙상·압사 주의
F06,중앙광장,보통,야간|피크타임,2,0.0373,관찰,🔵,0.028,0.5908,0.3912,0.018,순찰 요원 1명,"구급함, 무전기","일반 안전 순찰 60분 간격 유지 | 기상특보·예보 확인 | 방문객 밀도 추이 모니터링 | 비상 연락망 점검 | [야간] 조명 확보 및 시야 불량 구역 안전선 설치, 야간 순찰 강화",기상특보 발령 또는 밀도 > 0.6 시 주의 단계 상향,관문 — 혼잡 시 낙상·압사 주의
F06,중앙광장,보통,우천|폭염|한파,3,0.0537,관찰,🔵,0.028,0.077,0.0448,0.8782,순찰 요원 1명,"구급함, 무전기","일반 안전 순찰 60분 간격 유지 | 기상특보·예보 확인 | 방문객 밀도 추이 모니터링 | 비상 연락망 점검 | [폭염] 그늘·음용수 추가 배치, 열사병 집중 모니터링, 피크타임 야외 자제 권고 | [우천] 미끄러짐 주의 안내, 낙뢰 위험 시설 대피, 우천 장비 점검 | [한파] 저체온증 위험 모니터링, 실내 대피 공간 운영, 동상 응급처치 키트 배치",기상특보 발령 또는 밀도 > 0.6 시 주의 단계 상향,관문 — 혼잡 시 낙상·압사 주의
F06,중앙광장,보통,강풍|우천|폭염,3,0.0537,관찰,🔵,0.028,0.077,0.0448,0.8782,순찰 요원 1명,"구급함, 무전기","일반 안전 순찰 60분 간격 유지 | 기상특보·예보 확인 | 방문객 밀도 추이 모니터링 | 비상 연락망 점검 | [폭염] 그늘·음용수 추가 배치, 열사병 집중 모니터링, 피크타임 야외 자제 권고 | [우천] 미끄러짐 주의 안내, 낙뢰 위험 시설 대피, 우천 장비 점검 | [강풍] 낙하물 위험 구역 통제, 야외 구조물·천막 긴급 점검",기상특보 발령 또는 밀도 > 0.6 시 주의 단계 상향,관문 — 혼잡 시 낙상·압사 주의
F06,중앙광장,보통,야간|우천|폭염,3,0.049,관찰,🔵,0.028,0.2999,0.0268,0.6733,순찰 요원 1명,"구급함, 무전기","일반 안전 순찰 60분 간격 유지 | 기상특보·예보 확인 | 방문객 밀도 추이 모니터링 | 비상 연락망 점검 | [폭염] 그늘·음용수 추가 배치, 열사병 집중 모니터링, 피크타임 야외 자제 권고 | [우천] 미끄러짐 주의 안내, 낙뢰 위험 시설 대피, 우천 장비 점검 | [야간] 조명 확보 및 시야 불량 구역 안전선 설치, 야간 순찰 강화",기상특보 발령 또는 밀도 > 0.6 시 주의 단계 상향,관문 — 혼잡 시 낙상·압사 주의
F06,중앙광장,보통,우천|폭염|피크타임,3,0.0551,관찰,🔵,0.028,0.0258,0.0307,0.9435,순찰 요원 1명,"구급함, 무전기","일반 안전 순찰 60분 간격 유지 | 기상특보·예보 확인 | 방문객 밀도 추이 모니터링 | 비상 연락망 점검 | [폭염] 그늘·음용수 추가 배치, 열사병 집중 모니터링, 피크타임 야외 자제 권고 | [우천] 미끄러짐 주의 안내, 낙뢰 위험 시설 대피, 우천 장비 점검",기상특보 발령 또는 밀도 > 0.6 시 주의 단계 상향,관문 — 혼잡 시 낙상·압사 주의
F06,중앙광장,보통,강풍|폭염|한파,3,0.0392,관찰,🔵,0.028,0.5978,0.2476,0.1546,순찰 요원 1명,"구급함, 무전기","일반 안전 순찰 60분 간격 유지 | 기상특보·예보 확인 | 방문객 밀도 추이 모니터링 | 비상 연락망 점검 | [폭염] 그늘·음용수 추가 배치, 열사병 집중 모니터링, 피크타임 야외 자제 권고 | [한파] 저체온증 위험 모니터링, 실내 대피 공간 운영, 동상 응급처치 키트 배치 | [강풍] 낙하물 위험 구역 통제, 야외 구조물·천막 긴급 점검",기상특보 발령 또는 밀도 > 0.6 시 주의 단계 상향,관문 — 혼잡 시 낙상·압사 주의
F06,중앙광장,보통,야간|폭염|한파,3,0.0355,관찰,🔵,0.028,0.8688,0.0746,0.0566,순찰 요원 1명,"구급함, 무전기","일반 안전 순찰 60분 간격 유지 | 기상특보·예보 확인 | 방문객 밀도 추이 모니터링 | 비상 연락망 점검 | [폭염] 그늘·음용수 추가 배치, 열사병 집중 모니터링, 피크타임 야외 자제 권고 | [한파] 저체온증 위험 모니터링, 실내 대피 공간 운영, 동상 응급처치 키트 배치 | [야간] 조명 확보 및 시야 불량 구역 안전선 설치, 야간 순찰 강화",기상특보 발령 또는 밀도 > 0.6 시 주의 단계 상향,관문 — 혼잡 시 낙상·압사 주의
F06,중앙광장,보통,폭염|피크타임|한파,3,0.0441,관찰,🔵,0.028,0.3396,0.3089,0.3516,순찰 요원 1명,"구급함, 무전기","일반 안전 순찰 60분 간격 유지 | 기상특보·예보 확인 | 방문객 밀도 추이 모니터링 | 비상 연락망 점검 | [폭염] 그늘·음용수 추가 배치, 열사병 집중 모니터링, 피크타임 야외 자제 권고 | [한파] 저체온증 위험 모니터링, 실내 대피 공간 운영, 동상 응급처치 키트 배치",기상특보 발령 또는 밀도 > 0.6 시 주의 단계 상향,관문 — 혼잡 시 낙상·압사 주의
F06,중앙광장,보통,강풍|야간|폭염,3,0.0355,관찰,🔵,0.028,0.8688,0.0746,0.0566,순찰 요원 1명,"구급함, 무전기","일반 안전 순찰 60분 간격 유지 | 기상특보·예보 확인 | 방문객 밀도 추이 모니터링 | 비상 연락망 점검 | [폭염] 그늘·음용수 추가 배치, 열사병 집중 모니터링, 피크타임 야외 자제 권고 | [강풍] 낙하물 위험 구역 통제, 야외 구조물·천막 긴급 점검 | [야간] 조명 확보 및 시야 불량 구역 안전선 설치, 야간 순찰 강화",기상특보 발령 또는 밀도 > 0.6 시 주의 단계 상향,관문 — 혼잡 시 낙상·압사 주의
F06,중앙광장,보통,강풍|폭염|피크타임,3,0.0441,관찰,🔵,0.028,0.3396,0.3089,0.3516,순찰 요원 1명,"구급함, 무전기","일반 안전 순찰 60분 간격 유지 | 기상특보·예보 확인 | 방문객 밀도 추이 모니터링 | 비상 연락망 점검 | [폭염] 그늘·음용수 추가 배치, 열사병 집중 모니터링, 피크타임 야외 자제 권고 | [강풍] 낙하물 위험 구역 통제, 야외 구조물·천막 긴급 점검",기상특보 발령 또는 밀도 > 0.6 시 주의 단계 상향,관문 — 혼잡 시 낙상·압사 주의
F06,중앙광장,보통,야간|폭염|피크타임,3,0.0355,관찰,🔵,0.028,0.8688,0.0746,0.0566,순찰 요원 1명,"구급함, 무전기","일반 안전 순찰 60분 간격 유지 | 기상특보·예보 확인 | 방문객 밀도 추이 모니터링 | 비상 연락망 점검 | [폭염] 그늘·음용수 추가 배치, 열사병 집중 모니터링, 피크타임 야외 자제 권고 | [야간] 조명 확보 및 시야 불량 구역 안전선 설치, 야간 순찰 강화",기상특보 발령 또는 밀도 > 0.6 시 주의 단계 상향,관문 — 혼잡 시 낙상·압사 주의
F06,중앙광장,보통,강풍|우천|한파,3,0.0507,관찰,🔵,0.028,0.171,0.1132,0.7158,순찰 요원 1명,"구급함, 무전기","일반 안전 순찰 60분 간격 유지 | 기상특보·예보 확인 | 방문객 밀도 추이 모니터링 | 비상 연락망 점검 | [우천] 미끄러짐 주의 안내, 낙뢰 위험 시설 대피, 우천 장비 점검 | [한파] 저체온증 위험 모니터링, 실내 대피 공간 운영, 동상 응급처치 키트 배치 | [강풍] 낙하물 위험 구역 통제, 야외 구조물·천막 긴급 점검",기상특보 발령 또는 밀도 > 0.6 시 주의 단계 상향,관문 — 혼잡 시 낙상·압사 주의
F06,중앙광장,보통,야간|우천|한파,3,0.0473,관찰,🔵,0.028,0.2775,0.1851,0.5375,순찰 요원 1명,"구급함, 무전기","일반 안전 순찰 60분 간격 유지 | 기상특보·예보 확인 | 방문객 밀도 추이 모니터링 | 비상 연락망 점검 | [우천] 미끄러짐 주의 안내, 낙뢰 위험 시설 대피, 우천 장비 점검 | [한파] 저체온증 위험 모니터링, 실내 대피 공간 운영, 동상 응급처치 키트 배치 | [야간] 조명 확보 및 시야 불량 구역 안전선 설치, 야간 순찰 강화",기상특보 발령 또는 밀도 > 0.6 시 주의 단계 상향,관문 — 혼잡 시 낙상·압사 주의
F06,중앙광장,보통,우천|피크타임|한파,3,0.0538,관찰,🔵,0.028,0.0483,0.0865,0.8652,순찰 요원 1명,"구급함, 무전기","일반 안전 순찰 60분 간격 유지 | 기상특보·예보 확인 | 방문객 밀도 추이 모니터링 | 비상 연락망 점검 | [우천] 미끄러짐 주의 안내, 낙뢰 위험 시설 대피, 우천 장비 점검 | [한파] 저체온증 위험 모니터링, 실내 대피 공간 운영, 동상 응급처치 키트 배치",기상특보 발령 또는 밀도 > 0.6 시 주의 단계 상향,관문 — 혼잡 시 낙상·압사 주의
F06,중앙광장,보통,강풍|야간|우천,3,0.0404,관찰,🔵,0.028,0.6074,0.1463,0.2463,순찰 요원 1명,"구급함, 무전기","일반 안전 순찰 60분 간격 유지 | 기상특보·예보 확인 | 방문객 밀도 추이 모니터링 | 비상 연락망 점검 | [우천] 미끄러짐 주의 안내, 낙뢰 위험 시설 대피, 우천 장비 점검 | [강풍] 낙하물 위험 구역 통제, 야외 구조물·천막 긴급 점검 | [야간] 조명 확보 및 시야 불량 구역 안전선 설치, 야간 순찰 강화",기상특보 발령 또는 밀도 > 0.6 시 주의 단계 상향,관문 — 혼잡 시 낙상·압사 주의
F06,중앙광장,보통,강풍|우천|피크타임,3,0.0526,관찰,🔵,0.028,0.1033,0.0818,0.815,순찰 요원 1명,"구급함, 무전기","일반 안전 순찰 60분 간격 유지 | 기상특보·예보 확인 | 방문객 밀도 추이 모니터링 | 비상 연락망 점검 | [우천] 미끄러짐 주의 안내, 낙뢰 위험 시설 대피, 우천 장비 점검 | [강풍] 낙하물 위험 구역 통제, 야외 구조물·천막 긴급 점검",기상특보 발령 또는 밀도 > 0.6 시 주의 단계 상향,관문 — 혼잡 시 낙상·압사 주의
F06,중앙광장,보통,야간|우천|피크타임,3,0.0478,관찰,🔵,0.028,0.3093,0.098,0.5927,순찰 요원 1명,"구급함, 무전기","일반 안전 순찰 60분 간격 유지 | 기상특보·예보 확인 | 방문객 밀도 추이 모니터링 | 비상 연락망 점검 | [우천] 미끄러짐 주의 안내, 낙뢰 위험 시설 대피, 우천 장비 점검 | [야간] 조명 확보 및 시야 불량 구역 안전선 설치, 야간 순찰 강화",기상특보 발령 또는 밀도 > 0.6 시 주의 단계 상향,관문 — 혼잡 시 낙상·압사 주의
F06,중앙광장,보통,강풍|야간|한파,3,0.0941,주의,🟡,0.0659,0.2822,0.6918,0.026,예방 모니터 1명 + 대기 요원 1명,"구급함, 무전기, 음용수, 그늘막","예방 순찰 30분 간격 강화 | 응급 대응 장비 위치·작동 상태 점검 | 고위험 방문객 (노약자·어린이·임산부) 적극 모니터링 | 기상 변화·밀도 실시간 확인 | 대기 인력 현장 근접 배치 | [한파] 저체온증 위험 모니터링, 실내 대피 공간 운영, 동상 응급처치 키트 배치 | [강풍] 낙하물 위험 구역 통제, 야외 구조물·천막 긴급 점검 | [야간] 조명 확보 및 시야 불량 구역 안전선 설치, 야간 순찰 강화",이상 징후(쓰러짐·발열·외상) 발견 즉시 위험 단계 상향,관문 — 혼잡 시 낙상·압사 주의
F06,중앙광장,보통,강풍|피크타임|한파,3,0.1001,주의,🟡,0.0659,0.1875,0.6633,0.1492,예방 모니터 1명 + 대기 요원 1명,"구급함, 무전기, 음용수, 그늘막","예방 순찰 30분 간격 강화 | 응급 대응 장비 위치·작동 상태 점검 | 고위험 방문객 (노약자·어린이·임산부) 적극 모니터링 | 기상 변화·밀도 실시간 확인 | 대기 인력 현장 근접 배치 | [한파] 저체온증 위험 모니터링, 실내 대피 공간 운영, 동상 응급처치 키트 배치 | [강풍] 낙하물 위험 구역 통제, 야외 구조물·천막 긴급 점검",이상 징후(쓰러짐·발열·외상) 발견 즉시 위험 단계 상향,관문 — 혼잡 시 낙상·압사 주의
F06,중앙광장,보통,야간|피크타임|한파,3,0.0941,주의,🟡,0.0659,0.2822,0.6918,0.026,예방 모니터 1명 + 대기 요원 1명,"구급함, 무전기, 음용수, 그늘막","예방 순찰 30분 간격 강화 | 응급 대응 장비 위치·작동 상태 점검 | 고위험 방문객 (노약자·어린이·임산부) 적극 모니터링 | 기상 변화·밀도 실시간 확인 | 대기 인력 현장 근접 배치 | [한파] 저체온증 위험 모니터링, 실내 대피 공간 운영, 동상 응급처치 키트 배치 | [야간] 조명 확보 및 시야 불량 구역 안전선 설치, 야간 순찰 강화",이상 징후(쓰러짐·발열·외상) 발견 즉시 위험 단계 상향,관문 — 혼잡 시 낙상·압사 주의
F06,중앙광장,보통,강풍|야간|피크타임,3,0.0371,관찰,🔵,0.028,0.5977,0.3992,0.0031,순찰 요원 1명,"구급함, 무전기","일반 안전 순찰 60분 간격 유지 | 기상특보·예보 확인 | 방문객 밀도 추이 모니터링 | 비상 연락망 점검 | [강풍] 낙하물 위험 구역 통제, 야외 구조물·천막 긴급 점검 | [야간] 조명 확보 및 시야 불량 구역 안전선 설치, 야간 순찰 강화",기상특보 발령 또는 밀도 > 0.6 시 주의 단계 상향,관문 — 혼잡 시 낙상·압사 주의
F06,중앙광장,보통,강풍|우천|폭염|한파,4,0.0537,관찰,🔵,0.028,0.077,0.0448,0.8782,순찰 요원 1명,"구급함, 무전기","일반 안전 순찰 60분 간격 유지 | 기상특보·예보 확인 | 방문객 밀도 추이 모니터링 | 비상 연락망 점검 | [폭염] 그늘·음용수 추가 배치, 열사병 집중 모니터링, 피크타임 야외 자제 권고 | [우천] 미끄러짐 주의 안내, 낙뢰 위험 시설 대피, 우천 장비 점검 | [한파] 저체온증 위험 모니터링, 실내 대피 공간 운영, 동상 응급처치 키트 배치 | [강풍] 낙하물 위험 구역 통제, 야외 구조물·천막 긴급 점검",기상특보 발령 또는 밀도 > 0.6 시 주의 단계 상향,관문 — 혼잡 시 낙상·압사 주의
F06,중앙광장,보통,야간|우천|폭염|한파,4,0.049,관찰,🔵,0.028,0.2999,0.0268,0.6733,순찰 요원 1명,"구급함, 무전기","일반 안전 순찰 60분 간격 유지 | 기상특보·예보 확인 | 방문객 밀도 추이 모니터링 | 비상 연락망 점검 | [폭염] 그늘·음용수 추가 배치, 열사병 집중 모니터링, 피크타임 야외 자제 권고 | [우천] 미끄러짐 주의 안내, 낙뢰 위험 시설 대피, 우천 장비 점검 | [한파] 저체온증 위험 모니터링, 실내 대피 공간 운영, 동상 응급처치 키트 배치 | [야간] 조명 확보 및 시야 불량 구역 안전선 설치, 야간 순찰 강화",기상특보 발령 또는 밀도 > 0.6 시 주의 단계 상향,관문 — 혼잡 시 낙상·압사 주의
F06,중앙광장,보통,우천|폭염|피크타임|한파,4,0.0551,관찰,🔵,0.028,0.0258,0.0307,0.9435,순찰 요원 1명,"구급함, 무전기","일반 안전 순찰 60분 간격 유지 | 기상특보·예보 확인 | 방문객 밀도 추이 모니터링 | 비상 연락망 점검 | [폭염] 그늘·음용수 추가 배치, 열사병 집중 모니터링, 피크타임 야외 자제 권고 | [우천] 미끄러짐 주의 안내, 낙뢰 위험 시설 대피, 우천 장비 점검 | [한파] 저체온증 위험 모니터링, 실내 대피 공간 운영, 동상 응급처치 키트 배치",기상특보 발령 또는 밀도 > 0.6 시 주의 단계 상향,관문 — 혼잡 시 낙상·압사 주의
F06,중앙광장,보통,강풍|야간|우천|폭염,4,0.049,관찰,🔵,0.028,0.2999,0.0268,0.6733,순찰 요원 1명,"구급함, 무전기","일반 안전 순찰 60분 간격 유지 | 기상특보·예보 확인 | 방문객 밀도 추이 모니터링 | 비상 연락망 점검 | [폭염] 그늘·음용수 추가 배치, 열사병 집중 모니터링, 피크타임 야외 자제 권고 | [우천] 미끄러짐 주의 안내, 낙뢰 위험 시설 대피, 우천 장비 점검 | [강풍] 낙하물 위험 구역 통제, 야외 구조물·천막 긴급 점검 | [야간] 조명 확보 및 시야 불량 구역 안전선 설치, 야간 순찰 강화",기상특보 발령 또는 밀도 > 0.6 시 주의 단계 상향,관문 — 혼잡 시 낙상·압사 주의
F06,중앙광장,보통,강풍|우천|폭염|피크타임,4,0.0551,관찰,🔵,0.028,0.0258,0.0307,0.9435,순찰 요원 1명,"구급함, 무전기","일반 안전 순찰 60분 간격 유지 | 기상특보·예보 확인 | 방문객 밀도 추이 모니터링 | 비상 연락망 점검 | [폭염] 그늘·음용수 추가 배치, 열사병 집중 모니터링, 피크타임 야외 자제 권고 | [우천] 미끄러짐 주의 안내, 낙뢰 위험 시설 대피, 우천 장비 점검 | [강풍] 낙하물 위험 구역 통제, 야외 구조물·천막 긴급 점검",기상특보 발령 또는 밀도 > 0.6 시 주의 단계 상향,관문 — 혼잡 시 낙상·압사 주의
F06,중앙광장,보통,야간|우천|폭염|피크타임,4,0.049,관찰,🔵,0.028,0.2999,0.0268,0.6733,순찰 요원 1명,"구급함, 무전기","일반 안전 순찰 60분 간격 유지 | 기상특보·예보 확인 | 방문객 밀도 추이 모니터링 | 비상 연락망 점검 | [폭염] 그늘·음용수 추가 배치, 열사병 집중 모니터링, 피크타임 야외 자제 권고 | [우천] 미끄러짐 주의 안내, 낙뢰 위험 시설 대피, 우천 장비 점검 | [야간] 조명 확보 및 시야 불량 구역 안전선 설치, 야간 순찰 강화",기상특보 발령 또는 밀도 > 0.6 시 주의 단계 상향,관문 — 혼잡 시 낙상·압사 주의
F06,중앙광장,보통,강풍|야간|폭염|한파,4,0.0355,관찰,🔵,0.028,0.8688,0.0746,0.0566,순찰 요원 1명,"구급함, 무전기","일반 안전 순찰 60분 간격 유지 | 기상특보·예보 확인 | 방문객 밀도 추이 모니터링 | 비상 연락망 점검 | [폭염] 그늘·음용수 추가 배치, 열사병 집중 모니터링, 피크타임 야외 자제 권고 | [한파] 저체온증 위험 모니터링, 실내 대피 공간 운영, 동상 응급처치 키트 배치 | [강풍] 낙하물 위험 구역 통제, 야외 구조물·천막 긴급 점검 | [야간] 조명 확보 및 시야 불량 구역 안전선 설치, 야간 순찰 강화",기상특보 발령 또는 밀도 > 0.6 시 주의 단계 상향,관문 — 혼잡 시 낙상·압사 주의
F06,중앙광장,보통,강풍|폭염|피크타임|한파,4,0.0441,관찰,🔵,0.028,0.3396,0.3089,0.3516,순찰 요원 1명,"구급함, 무전기","일반 안전 순찰 60분 간격 유지 | 기상특보·예보 확인 | 방문객 밀도 추이 모니터링 | 비상 연락망 점검 | [폭염] 그늘·음용수 추가 배치, 열사병 집중 모니터링, 피크타임 야외 자제 권고 | [한파] 저체온증 위험 모니터링, 실내 대피 공간 운영, 동상 응급처치 키트 배치 | [강풍] 낙하물 위험 구역 통제, 야외 구조물·천막 긴급 점검",기상특보 발령 또는 밀도 > 0.6 시 주의 단계 상향,관문 — 혼잡 시 낙상·압사 주의
F06,중앙광장,보통,야간|폭염|피크타임|한파,4,0.0355,관찰,🔵,0.028,0.8688,0.0746,0.0566,순찰 요원 1명,"구급함, 무전기","일반 안전 순찰 60분 간격 유지 | 기상특보·예보 확인 | 방문객 밀도 추이 모니터링 | 비상 연락망 점검 | [폭염] 그늘·음용수 추가 배치, 열사병 집중 모니터링, 피크타임 야외 자제 권고 | [한파] 저체온증 위험 모니터링, 실내 대피 공간 운영, 동상 응급처치 키트 배치 | [야간] 조명 확보 및 시야 불량 구역 안전선 설치, 야간 순찰 강화",기상특보 발령 또는 밀도 > 0.6 시 주의 단계 상향,관문 — 혼잡 시 낙상·압사 주의
F06,중앙광장,보통,강풍|야간|폭염|피크타임,4,0.0355,관찰,🔵,0.028,0.8688,0.0746,0.0566,순찰 요원 1명,"구급함, 무전기","일반 안전 순찰 60분 간격 유지 | 기상특보·예보 확인 | 방문객 밀도 추이 모니터링 | 비상 연락망 점검 | [폭염] 그늘·음용수 추가 배치, 열사병 집중 모니터링, 피크타임 야외 자제 권고 | [강풍] 낙하물 위험 구역 통제, 야외 구조물·천막 긴급 점검 | [야간] 조명 확보 및 시야 불량 구역 안전선 설치, 야간 순찰 강화",기상특보 발령 또는 밀도 > 0.6 시 주의 단계 상향,관문 — 혼잡 시 낙상·압사 주의
F06,중앙광장,보통,강풍|야간|우천|한파,4,0.0473,관찰,🔵,0.028,0.2775,0.1851,0.5375,순찰 요원 1명,"구급함, 무전기","일반 안전 순찰 60분 간격 유지 | 기상특보·예보 확인 | 방문객 밀도 추이 모니터링 | 비상 연락망 점검 | [우천] 미끄러짐 주의 안내, 낙뢰 위험 시설 대피, 우천 장비 점검 | [한파] 저체온증 위험 모니터링, 실내 대피 공간 운영, 동상 응급처치 키트 배치 | [강풍] 낙하물 위험 구역 통제, 야외 구조물·천막 긴급 점검 | [야간] 조명 확보 및 시야 불량 구역 안전선 설치, 야간 순찰 강화",기상특보 발령 또는 밀도 > 0.6 시 주의 단계 상향,관문 — 혼잡 시 낙상·압사 주의
F06,중앙광장,보통,강풍|우천|피크타임|한파,4,0.0538,관찰,🔵,0.028,0.0483,0.0865,0.8652,순찰 요원 1명,"구급함, 무전기","일반 안전 순찰 60분 간격 유지 | 기상특보·예보 확인 | 방문객 밀도 추이 모니터링 | 비상 연락망 점검 | [우천] 미끄러짐 주의 안내, 낙뢰 위험 시설 대피, 우천 장비 점검 | [한파] 저체온증 위험 모니터링, 실내 대피 공간 운영, 동상 응급처치 키트 배치 | [강풍] 낙하물 위험 구역 통제, 야외 구조물·천막 긴급 점검",기상특보 발령 또는 밀도 > 0.6 시 주의 단계 상향,관문 — 혼잡 시 낙상·압사 주의
F06,중앙광장,보통,야간|우천|피크타임|한파,4,0.0473,관찰,🔵,0.028,0.2775,0.1851,0.5375,순찰 요원 1명,"구급함, 무전기","일반 안전 순찰 60분 간격 유지 | 기상특보·예보 확인 | 방문객 밀도 추이 모니터링 | 비상 연락망 점검 | [우천] 미끄러짐 주의 안내, 낙뢰 위험 시설 대피, 우천 장비 점검 | [한파] 저체온증 위험 모니터링, 실내 대피 공간 운영, 동상 응급처치 키트 배치 | [야간] 조명 확보 및 시야 불량 구역 안전선 설치, 야간 순찰 강화",기상특보 발령 또는 밀도 > 0.6 시 주의 단계 상향,관문 — 혼잡 시 낙상·압사 주의
F06,중앙광장,보통,강풍|야간|우천|피크타임,4,0.0404,관찰,🔵,0.028,0.6074,0.1463,0.2463,순찰 요원 1명,"구급함, 무전기","일반 안전 순찰 60분 간격 유지 | 기상특보·예보 확인 | 방문객 밀도 추이 모니터링 | 비상 연락망 점검 | [우천] 미끄러짐 주의 안내, 낙뢰 위험 시설 대피, 우천 장비 점검 | [강풍] 낙하물 위험 구역 통제, 야외 구조물·천막 긴급 점검 | [야간] 조명 확보 및 시야 불량 구역 안전선 설치, 야간 순찰 강화",기상특보 발령 또는 밀도 > 0.6 시 주의 단계 상향,관문 — 혼잡 시 낙상·압사 주의
F06,중앙광장,보통,강풍|야간|피크타임|한파,4,0.0941,주의,🟡,0.0659,0.2822,0.6918,0.026,예방 모니터 1명 + 대기 요원 1명,"구급함, 무전기, 음용수, 그늘막","예방 순찰 30분 간격 강화 | 응급 대응 장비 위치·작동 상태 점검 | 고위험 방문객 (노약자·어린이·임산부) 적극 모니터링 | 기상 변화·밀도 실시간 확인 | 대기 인력 현장 근접 배치 | [한파] 저체온증 위험 모니터링, 실내 대피 공간 운영, 동상 응급처치 키트 배치 | [강풍] 낙하물 위험 구역 통제, 야외 구조물·천막 긴급 점검 | [야간] 조명 확보 및 시야 불량 구역 안전선 설치, 야간 순찰 강화",이상 징후(쓰러짐·발열·외상) 발견 즉시 위험 단계 상향,관문 — 혼잡 시 낙상·압사 주의
F06,중앙광장,보통,강풍|야간|우천|폭염|한파,5,0.049,관찰,🔵,0.028,0.2999,0.0268,0.6733,순찰 요원 1명,"구급함, 무전기","일반 안전 순찰 60분 간격 유지 | 기상특보·예보 확인 | 방문객 밀도 추이 모니터링 | 비상 연락망 점검 | [폭염] 그늘·음용수 추가 배치, 열사병 집중 모니터링, 피크타임 야외 자제 권고 | [우천] 미끄러짐 주의 안내, 낙뢰 위험 시설 대피, 우천 장비 점검 | [한파] 저체온증 위험 모니터링, 실내 대피 공간 운영, 동상 응급처치 키트 배치 | [강풍] 낙하물 위험 구역 통제, 야외 구조물·천막 긴급 점검 | [야간] 조명 확보 및 시야 불량 구역 안전선 설치, 야간 순찰 강화",기상특보 발령 또는 밀도 > 0.6 시 주의 단계 상향,관문 — 혼잡 시 낙상·압사 주의
F06,중앙광장,보통,강풍|우천|폭염|피크타임|한파,5,0.0551,관찰,🔵,0.028,0.0258,0.0307,0.9435,순찰 요원 1명,"구급함, 무전기","일반 안전 순찰 60분 간격 유지 | 기상특보·예보 확인 | 방문객 밀도 추이 모니터링 | 비상 연락망 점검 | [폭염] 그늘·음용수 추가 배치, 열사병 집중 모니터링, 피크타임 야외 자제 권고 | [우천] 미끄러짐 주의 안내, 낙뢰 위험 시설 대피, 우천 장비 점검 | [한파] 저체온증 위험 모니터링, 실내 대피 공간 운영, 동상 응급처치 키트 배치 | [강풍] 낙하물 위험 구역 통제, 야외 구조물·천막 긴급 점검",기상특보 발령 또는 밀도 > 0.6 시 주의 단계 상향,관문 — 혼잡 시 낙상·압사 주의
F06,중앙광장,보통,야간|우천|폭염|피크타임|한파,5,0.049,관찰,🔵,0.028,0.2999,0.0268,0.6733,순찰 요원 1명,"구급함, 무전기","일반 안전 순찰 60분 간격 유지 | 기상특보·예보 확인 | 방문객 밀도 추이 모니터링 | 비상 연락망 점검 | [폭염] 그늘·음용수 추가 배치, 열사병 집중 모니터링, 피크타임 야외 자제 권고 | [우천] 미끄러짐 주의 안내, 낙뢰 위험 시설 대피, 우천 장비 점검 | [한파] 저체온증 위험 모니터링, 실내 대피 공간 운영, 동상 응급처치 키트 배치 | [야간] 조명 확보 및 시야 불량 구역 안전선 설치, 야간 순찰 강화",기상특보 발령 또는 밀도 > 0.6 시 주의 단계 상향,관문 — 혼잡 시 낙상·압사 주의
F06,중앙광장,보통,강풍|야간|우천|폭염|피크타임,5,0.049,관찰,🔵,0.028,0.2999,0.0268,0.6733,순찰 요원 1명,"구급함, 무전기","일반 안전 순찰 60분 간격 유지 | 기상특보·예보 확인 | 방문객 밀도 추이 모니터링 | 비상 연락망 점검 | [폭염] 그늘·음용수 추가 배치, 열사병 집중 모니터링, 피크타임 야외 자제 권고 | [우천] 미끄러짐 주의 안내, 낙뢰 위험 시설 대피, 우천 장비 점검 | [강풍] 낙하물 위험 구역 통제, 야외 구조물·천막 긴급 점검 | [야간] 조명 확보 및 시야 불량 구역 안전선 설치, 야간 순찰 강화",기상특보 발령 또는 밀도 > 0.6 시 주의 단계 상향,관문 — 혼잡 시 낙상·압사 주의
F06,중앙광장,보통,강풍|야간|폭염|피크타임|한파,5,0.0355,관찰,🔵,0.028,0.8688,0.0746,0.0566,순찰 요원 1명,"구급함, 무전기","일반 안전 순찰 60분 간격 유지 | 기상특보·예보 확인 | 방문객 밀도 추이 모니터링 | 비상 연락망 점검 | [폭염] 그늘·음용수 추가 배치, 열사병 집중 모니터링, 피크타임 야외 자제 권고 | [한파] 저체온증 위험 모니터링, 실내 대피 공간 운영, 동상 응급처치 키트 배치 | [강풍] 낙하물 위험 구역 통제, 야외 구조물·천막 긴급 점검 | [야간] 조명 확보 및 시야 불량 구역 안전선 설치, 야간 순찰 강화",기상특보 발령 또는 밀도 > 0.6 시 주의 단계 상향,관문 — 혼잡 시 낙상·압사 주의
F06,중앙광장,보통,강풍|야간|우천|피크타임|한파,5,0.0473,관찰,🔵,0.028,0.2775,0.1851,0.5375,순찰 요원 1명,"구급함, 무전기","일반 안전 순찰 60분 간격 유지 | 기상특보·예보 확인 | 방문객 밀도 추이 모니터링 | 비상 연락망 점검 | [우천] 미끄러짐 주의 안내, 낙뢰 위험 시설 대피, 우천 장비 점검 | [한파] 저체온증 위험 모니터링, 실내 대피 공간 운영, 동상 응급처치 키트 배치 | [강풍] 낙하물 위험 구역 통제, 야외 구조물·천막 긴급 점검 | [야간] 조명 확보 및 시야 불량 구역 안전선 설치, 야간 순찰 강화",기상특보 발령 또는 밀도 > 0.6 시 주의 단계 상향,관문 — 혼잡 시 낙상·압사 주의
F06,중앙광장,보통,강풍|야간|우천|폭염|피크타임|한파,6,0.049,관찰,🔵,0.028,0.2999,0.0268,0.6733,순찰 요원 1명,"구급함, 무전기","일반 안전 순찰 60분 간격 유지 | 기상특보·예보 확인 | 방문객 밀도 추이 모니터링 | 비상 연락망 점검 | [폭염] 그늘·음용수 추가 배치, 열사병 집중 모니터링, 피크타임 야외 자제 권고 | [우천] 미끄러짐 주의 안내, 낙뢰 위험 시설 대피, 우천 장비 점검 | [한파] 저체온증 위험 모니터링, 실내 대피 공간 운영, 동상 응급처치 키트 배치 | [강풍] 낙하물 위험 구역 통제, 야외 구조물·천막 긴급 점검 | [야간] 조명 확보 및 시야 불량 구역 안전선 설치, 야간 순찰 강화",기상특보 발령 또는 밀도 > 0.6 시 주의 단계 상향,관문 — 혼잡 시 낙상·압사 주의
F06,중앙광장,혼잡,없음,0,0.0733,주의,🟡,0.0606,0.9687,0.0301,0.0012,예방 모니터 1명 + 대기 요원 1명,"구급함, 무전기, 음용수, 그늘막",예방 순찰 30분 간격 강화 | 응급 대응 장비 위치·작동 상태 점검 | 고위험 방문객 (노약자·어린이·임산부) 적극 모니터링 | 기상 변화·밀도 실시간 확인 | 대기 인력 현장 근접 배치,이상 징후(쓰러짐·발열·외상) 발견 즉시 위험 단계 상향,관문 — 혼잡 시 낙상·압사 주의
F06,중앙광장,혼잡,폭염,1,0.0341,관찰,🔵,0.028,0.9589,0.0332,0.0079,순찰 요원 1명,"구급함, 무전기","일반 안전 순찰 60분 간격 유지 | 기상특보·예보 확인 | 방문객 밀도 추이 모니터링 | 비상 연락망 점검 | [폭염] 그늘·음용수 추가 배치, 열사병 집중 모니터링, 피크타임 야외 자제 권고",기상특보 발령 또는 밀도 > 0.6 시 주의 단계 상향,관문 — 혼잡 시 낙상·압사 주의
F06,중앙광장,혼잡,우천,1,0.074,주의,🟡,0.0606,0.9566,0.0273,0.0162,예방 모니터 1명 + 대기 요원 1명,"구급함, 무전기, 음용수, 그늘막","예방 순찰 30분 간격 강화 | 응급 대응 장비 위치·작동 상태 점검 | 고위험 방문객 (노약자·어린이·임산부) 적극 모니터링 | 기상 변화·밀도 실시간 확인 | 대기 인력 현장 근접 배치 | [우천] 미끄러짐 주의 안내, 낙뢰 위험 시설 대피, 우천 장비 점검",이상 징후(쓰러짐·발열·외상) 발견 즉시 위험 단계 상향,관문 — 혼잡 시 낙상·압사 주의
F06,중앙광장,혼잡,한파,1,0.041,관찰,🔵,0.0336,0.9354,0.0595,0.0051,순찰 요원 1명,"구급함, 무전기","일반 안전 순찰 60분 간격 유지 | 기상특보·예보 확인 | 방문객 밀도 추이 모니터링 | 비상 연락망 점검 | [한파] 저체온증 위험 모니터링, 실내 대피 공간 운영, 동상 응급처치 키트 배치",기상특보 발령 또는 밀도 > 0.6 시 주의 단계 상향,관문 — 혼잡 시 낙상·압사 주의
F06,중앙광장,혼잡,강풍,1,0.0729,주의,🟡,0.0606,0.9893,0.0103,0.0003,예방 모니터 1명 + 대기 요원 1명,"구급함, 무전기, 음용수, 그늘막","예방 순찰 30분 간격 강화 | 응급 대응 장비 위치·작동 상태 점검 | 고위험 방문객 (노약자·어린이·임산부) 적극 모니터링 | 기상 변화·밀도 실시간 확인 | 대기 인력 현장 근접 배치 | [강풍] 낙하물 위험 구역 통제, 야외 구조물·천막 긴급 점검",이상 징후(쓰러짐·발열·외상) 발견 즉시 위험 단계 상향,관문 — 혼잡 시 낙상·압사 주의
F06,중앙광장,혼잡,야간,1,0.0806,주의,🟡,0.0606,0.571,0.4256,0.0033,예방 모니터 1명 + 대기 요원 1명,"구급함, 무전기, 음용수, 그늘막","예방 순찰 30분 간격 강화 | 응급 대응 장비 위치·작동 상태 점검 | 고위험 방문객 (노약자·어린이·임산부) 적극 모니터링 | 기상 변화·밀도 실시간 확인 | 대기 인력 현장 근접 배치 | [야간] 조명 확보 및 시야 불량 구역 안전선 설치, 야간 순찰 강화",이상 징후(쓰러짐·발열·외상) 발견 즉시 위험 단계 상향,관문 — 혼잡 시 낙상·압사 주의
F06,중앙광장,혼잡,피크타임,1,0.0739,주의,🟡,0.0606,0.9427,0.0522,0.005,예방 모니터 1명 + 대기 요원 1명,"구급함, 무전기, 음용수, 그늘막",예방 순찰 30분 간격 강화 | 응급 대응 장비 위치·작동 상태 점검 | 고위험 방문객 (노약자·어린이·임산부) 적극 모니터링 | 기상 변화·밀도 실시간 확인 | 대기 인력 현장 근접 배치,이상 징후(쓰러짐·발열·외상) 발견 즉시 위험 단계 상향,관문 — 혼잡 시 낙상·압사 주의
F06,중앙광장,혼잡,우천|폭염,2,0.0353,관찰,🔵,0.028,0.9026,0.0358,0.0615,순찰 요원 1명,"구급함, 무전기","일반 안전 순찰 60분 간격 유지 | 기상특보·예보 확인 | 방문객 밀도 추이 모니터링 | 비상 연락망 점검 | [폭염] 그늘·음용수 추가 배치, 열사병 집중 모니터링, 피크타임 야외 자제 권고 | [우천] 미끄러짐 주의 안내, 낙뢰 위험 시설 대피, 우천 장비 점검",기상특보 발령 또는 밀도 > 0.6 시 주의 단계 상향,관문 — 혼잡 시 낙상·압사 주의
F06,중앙광장,혼잡,폭염|한파,2,0.0341,관찰,🔵,0.028,0.9589,0.0332,0.0079,순찰 요원 1명,"구급함, 무전기","일반 안전 순찰 60분 간격 유지 | 기상특보·예보 확인 | 방문객 밀도 추이 모니터링 | 비상 연락망 점검 | [폭염] 그늘·음용수 추가 배치, 열사병 집중 모니터링, 피크타임 야외 자제 권고 | [한파] 저체온증 위험 모니터링, 실내 대피 공간 운영, 동상 응급처치 키트 배치",기상특보 발령 또는 밀도 > 0.6 시 주의 단계 상향,관문 — 혼잡 시 낙상·압사 주의
F06,중앙광장,혼잡,강풍|폭염,2,0.0341,관찰,🔵,0.028,0.9589,0.0332,0.0079,순찰 요원 1명,"구급함, 무전기","일반 안전 순찰 60분 간격 유지 | 기상특보·예보 확인 | 방문객 밀도 추이 모니터링 | 비상 연락망 점검 | [폭염] 그늘·음용수 추가 배치, 열사병 집중 모니터링, 피크타임 야외 자제 권고 | [강풍] 낙하물 위험 구역 통제, 야외 구조물·천막 긴급 점검",기상특보 발령 또는 밀도 > 0.6 시 주의 단계 상향,관문 — 혼잡 시 낙상·압사 주의
F06,중앙광장,혼잡,야간|폭염,2,0.0347,관찰,🔵,0.028,0.884,0.1079,0.0081,순찰 요원 1명,"구급함, 무전기","일반 안전 순찰 60분 간격 유지 | 기상특보·예보 확인 | 방문객 밀도 추이 모니터링 | 비상 연락망 점검 | [폭염] 그늘·음용수 추가 배치, 열사병 집중 모니터링, 피크타임 야외 자제 권고 | [야간] 조명 확보 및 시야 불량 구역 안전선 설치, 야간 순찰 강화",기상특보 발령 또는 밀도 > 0.6 시 주의 단계 상향,관문 — 혼잡 시 낙상·압사 주의
F06,중앙광장,혼잡,폭염|피크타임,2,0.1191,주의,🟡,0.0969,0.9211,0.0669,0.012,예방 모니터 1명 + 대기 요원 1명,"구급함, 무전기, 음용수, 그늘막","예방 순찰 30분 간격 강화 | 응급 대응 장비 위치·작동 상태 점검 | 고위험 방문객 (노약자·어린이·임산부) 적극 모니터링 | 기상 변화·밀도 실시간 확인 | 대기 인력 현장 근접 배치 | [폭염] 그늘·음용수 추가 배치, 열사병 집중 모니터링, 피크타임 야외 자제 권고",이상 징후(쓰러짐·발열·외상) 발견 즉시 위험 단계 상향,관문 — 혼잡 시 낙상·압사 주의
F06,중앙광장,혼잡,우천|한파,2,0.0754,주의,🟡,0.0606,0.9172,0.0448,0.038,예방 모니터 1명 + 대기 요원 1명,"구급함, 무전기, 음용수, 그늘막","예방 순찰 30분 간격 강화 | 응급 대응 장비 위치·작동 상태 점검 | 고위험 방문객 (노약자·어린이·임산부) 적극 모니터링 | 기상 변화·밀도 실시간 확인 | 대기 인력 현장 근접 배치 | [우천] 미끄러짐 주의 안내, 낙뢰 위험 시설 대피, 우천 장비 점검 | [한파] 저체온증 위험 모니터링, 실내 대피 공간 운영, 동상 응급처치 키트 배치",이상 징후(쓰러짐·발열·외상) 발견 즉시 위험 단계 상향,관문 — 혼잡 시 낙상·압사 주의
F06,중앙광장,혼잡,강풍|우천,2,0.0731,주의,🟡,0.0606,0.9863,0.0094,0.0043,예방 모니터 1명 + 대기 요원 1명,"구급함, 무전기, 음용수, 그늘막","예방 순찰 30분 간격 강화 | 응급 대응 장비 위치·작동 상태 점검 | 고위험 방문객 (노약자·어린이·임산부) 적극 모니터링 | 기상 변화·밀도 실시간 확인 | 대기 인력 현장 근접 배치 | [우천] 미끄러짐 주의 안내, 낙뢰 위험 시설 대피, 우천 장비 점검 | [강풍] 낙하물 위험 구역 통제, 야외 구조물·천막 긴급 점검",이상 징후(쓰러짐·발열·외상) 발견 즉시 위험 단계 상향,관문 — 혼잡 시 낙상·압사 주의
F06,중앙광장,혼잡,야간|우천,2,0.0785,주의,🟡,0.0606,0.7622,0.1908,0.0469,예방 모니터 1명 + 대기 요원 1명,"구급함, 무전기, 음용수, 그늘막","예방 순찰 30분 간격 강화 | 응급 대응 장비 위치·작동 상태 점검 | 고위험 방문객 (노약자·어린이·임산부) 적극 모니터링 | 기상 변화·밀도 실시간 확인 | 대기 인력 현장 근접 배치 | [우천] 미끄러짐 주의 안내, 낙뢰 위험 시설 대피, 우천 장비 점검 | [야간] 조명 확보 및 시야 불량 구역 안전선 설치, 야간 순찰 강화",이상 징후(쓰러짐·발열·외상) 발견 즉시 위험 단계 상향,관문 — 혼잡 시 낙상·압사 주의
F06,중앙광장,혼잡,우천|피크타임,2,0.0764,주의,🟡,0.0606,0.8905,0.054,0.0555,예방 모니터 1명 + 대기 요원 1명,"구급함, 무전기, 음용수, 그늘막","예방 순찰 30분 간격 강화 | 응급 대응 장비 위치·작동 상태 점검 | 고위험 방문객 (노약자·어린이·임산부) 적극 모니터링 | 기상 변화·밀도 실시간 확인 | 대기 인력 현장 근접 배치 | [우천] 미끄러짐 주의 안내, 낙뢰 위험 시설 대피, 우천 장비 점검",이상 징후(쓰러짐·발열·외상) 발견 즉시 위험 단계 상향,관문 — 혼잡 시 낙상·압사 주의
F06,중앙광장,혼잡,강풍|한파,2,0.041,관찰,🔵,0.0336,0.9354,0.0595,0.0051,순찰 요원 1명,"구급함, 무전기","일반 안전 순찰 60분 간격 유지 | 기상특보·예보 확인 | 방문객 밀도 추이 모니터링 | 비상 연락망 점검 | [한파] 저체온증 위험 모니터링, 실내 대피 공간 운영, 동상 응급처치 키트 배치 | [강풍] 낙하물 위험 구역 통제, 야외 구조물·천막 긴급 점검",기상특보 발령 또는 밀도 > 0.6 시 주의 단계 상향,관문 — 혼잡 시 낙상·압사 주의
F06,중앙광장,혼잡,야간|한파,2,0.0458,관찰,🔵,0.0336,0.4678,0.5257,0.0065,순찰 요원 1명,"구급함, 무전기","일반 안전 순찰 60분 간격 유지 | 기상특보·예보 확인 | 방문객 밀도 추이 모니터링 | 비상 연락망 점검 | [한파] 저체온증 위험 모니터링, 실내 대피 공간 운영, 동상 응급처치 키트 배치 | [야간] 조명 확보 및 시야 불량 구역 안전선 설치, 야간 순찰 강화",기상특보 발령 또는 밀도 > 0.6 시 주의 단계 상향,관문 — 혼잡 시 낙상·압사 주의
F06,중앙광장,혼잡,피크타임|한파,2,0.0416,관찰,🔵,0.0336,0.8891,0.1014,0.0095,순찰 요원 1명,"구급함, 무전기","일반 안전 순찰 60분 간격 유지 | 기상특보·예보 확인 | 방문객 밀도 추이 모니터링 | 비상 연락망 점검 | [한파] 저체온증 위험 모니터링, 실내 대피 공간 운영, 동상 응급처치 키트 배치",기상특보 발령 또는 밀도 > 0.6 시 주의 단계 상향,관문 — 혼잡 시 낙상·압사 주의
F06,중앙광장,혼잡,강풍|야간,2,0.0774,주의,🟡,0.0606,0.7456,0.2533,0.0011,예방 모니터 1명 + 대기 요원 1명,"구급함, 무전기, 음용수, 그늘막","예방 순찰 30분 간격 강화 | 응급 대응 장비 위치·작동 상태 점검 | 고위험 방문객 (노약자·어린이·임산부) 적극 모니터링 | 기상 변화·밀도 실시간 확인 | 대기 인력 현장 근접 배치 | [강풍] 낙하물 위험 구역 통제, 야외 구조물·천막 긴급 점검 | [야간] 조명 확보 및 시야 불량 구역 안전선 설치, 야간 순찰 강화",이상 징후(쓰러짐·발열·외상) 발견 즉시 위험 단계 상향,관문 — 혼잡 시 낙상·압사 주의
F06,중앙광장,혼잡,강풍|피크타임,2,0.073,주의,🟡,0.0606,0.9842,0.0149,0.0009,예방 모니터 1명 + 대기 요원 1명,"구급함, 무전기, 음용수, 그늘막","예방 순찰 30분 간격 강화 | 응급 대응 장비 위치·작동 상태 점검 | 고위험 방문객 (노약자·어린이·임산부) 적극 모니터링 | 기상 변화·밀도 실시간 확인 | 대기 인력 현장 근접 배치 | [강풍] 낙하물 위험 구역 통제, 야외 구조물·천막 긴급 점검",이상 징후(쓰러짐·발열·외상) 발견 즉시 위험 단계 상향,관문 — 혼잡 시 낙상·압사 주의
F06,중앙광장,혼잡,야간|피크타임,2,0.0806,주의,🟡,0.0606,0.571,0.4256,0.0033,예방 모니터 1명 + 대기 요원 1명,"구급함, 무전기, 음용수, 그늘막","예방 순찰 30분 간격 강화 | 응급 대응 장비 위치·작동 상태 점검 | 고위험 방문객 (노약자·어린이·임산부) 적극 모니터링 | 기상 변화·밀도 실시간 확인 | 대기 인력 현장 근접 배치 | [야간] 조명 확보 및 시야 불량 구역 안전선 설치, 야간 순찰 강화",이상 징후(쓰러짐·발열·외상) 발견 즉시 위험 단계 상향,관문 — 혼잡 시 낙상·압사 주의
F06,중앙광장,혼잡,우천|폭염|한파,3,0.0353,관찰,🔵,0.028,0.9026,0.0358,0.0615,순찰 요원 1명,"구급함, 무전기","일반 안전 순찰 60분 간격 유지 | 기상특보·예보 확인 | 방문객 밀도 추이 모니터링 | 비상 연락망 점검 | [폭염] 그늘·음용수 추가 배치, 열사병 집중 모니터링, 피크타임 야외 자제 권고 | [우천] 미끄러짐 주의 안내, 낙뢰 위험 시설 대피, 우천 장비 점검 | [한파] 저체온증 위험 모니터링, 실내 대피 공간 운영, 동상 응급처치 키트 배치",기상특보 발령 또는 밀도 > 0.6 시 주의 단계 상향,관문 — 혼잡 시 낙상·압사 주의
F06,중앙광장,혼잡,강풍|우천|폭염,3,0.0353,관찰,🔵,0.028,0.9026,0.0358,0.0615,순찰 요원 1명,"구급함, 무전기","일반 안전 순찰 60분 간격 유지 | 기상특보·예보 확인 | 방문객 밀도 추이 모니터링 | 비상 연락망 점검 | [폭염] 그늘·음용수 추가 배치, 열사병 집중 모니터링, 피크타임 야외 자제 권고 | [우천] 미끄러짐 주의 안내, 낙뢰 위험 시설 대피, 우천 장비 점검 | [강풍] 낙하물 위험 구역 통제, 야외 구조물·천막 긴급 점검",기상특보 발령 또는 밀도 > 0.6 시 주의 단계 상향,관문 — 혼잡 시 낙상·압사 주의
F06,중앙광장,혼잡,야간|우천|폭염,3,0.0354,관찰,🔵,0.028,0.8683,0.0824,0.0493,순찰 요원 1명,"구급함, 무전기","일반 안전 순찰 60분 간격 유지 | 기상특보·예보 확인 | 방문객 밀도 추이 모니터링 | 비상 연락망 점검 | [폭염] 그늘·음용수 추가 배치, 열사병 집중 모니터링, 피크타임 야외 자제 권고 | [우천] 미끄러짐 주의 안내, 낙뢰 위험 시설 대피, 우천 장비 점검 | [야간] 조명 확보 및 시야 불량 구역 안전선 설치, 야간 순찰 강화",기상특보 발령 또는 밀도 > 0.6 시 주의 단계 상향,관문 — 혼잡 시 낙상·압사 주의
F06,중앙광장,혼잡,우천|폭염|피크타임,3,0.1254,주의,🟡,0.0969,0.838,0.069,0.093,예방 모니터 1명 + 대기 요원 1명,"구급함, 무전기, 음용수, 그늘막","예방 순찰 30분 간격 강화 | 응급 대응 장비 위치·작동 상태 점검 | 고위험 방문객 (노약자·어린이·임산부) 적극 모니터링 | 기상 변화·밀도 실시간 확인 | 대기 인력 현장 근접 배치 | [폭염] 그늘·음용수 추가 배치, 열사병 집중 모니터링, 피크타임 야외 자제 권고 | [우천] 미끄러짐 주의 안내, 낙뢰 위험 시설 대피, 우천 장비 점검",이상 징후(쓰러짐·발열·외상) 발견 즉시 위험 단계 상향,관문 — 혼잡 시 낙상·압사 주의
F06,중앙광장,혼잡,강풍|폭염|한파,3,0.0341,관찰,🔵,0.028,0.9589,0.0332,0.0079,순찰 요원 1명,"구급함, 무전기","일반 안전 순찰 60분 간격 유지 | 기상특보·예보 확인 | 방문객 밀도 추이 모니터링 | 비상 연락망 점검 | [폭염] 그늘·음용수 추가 배치, 열사병 집중 모니터링, 피크타임 야외 자제 권고 | [한파] 저체온증 위험 모니터링, 실내 대피 공간 운영, 동상 응급처치 키트 배치 | [강풍] 낙하물 위험 구역 통제, 야외 구조물·천막 긴급 점검",기상특보 발령 또는 밀도 > 0.6 시 주의 단계 상향,관문 — 혼잡 시 낙상·압사 주의
F06,중앙광장,혼잡,야간|폭염|한파,3,0.0347,관찰,🔵,0.028,0.884,0.1079,0.0081,순찰 요원 1명,"구급함, 무전기","일반 안전 순찰 60분 간격 유지 | 기상특보·예보 확인 | 방문객 밀도 추이 모니터링 | 비상 연락망 점검 | [폭염] 그늘·음용수 추가 배치, 열사병 집중 모니터링, 피크타임 야외 자제 권고 | [한파] 저체온증 위험 모니터링, 실내 대피 공간 운영, 동상 응급처치 키트 배치 | [야간] 조명 확보 및 시야 불량 구역 안전선 설치, 야간 순찰 강화",기상특보 발령 또는 밀도 > 0.6 시 주의 단계 상향,관문 — 혼잡 시 낙상·압사 주의
F06,중앙광장,혼잡,폭염|피크타임|한파,3,0.1191,주의,🟡,0.0969,0.9211,0.0669,0.012,예방 모니터 1명 + 대기 요원 1명,"구급함, 무전기, 음용수, 그늘막","예방 순찰 30분 간격 강화 | 응급 대응 장비 위치·작동 상태 점검 | 고위험 방문객 (노약자·어린이·임산부) 적극 모니터링 | 기상 변화·밀도 실시간 확인 | 대기 인력 현장 근접 배치 | [폭염] 그늘·음용수 추가 배치, 열사병 집중 모니터링, 피크타임 야외 자제 권고 | [한파] 저체온증 위험 모니터링, 실내 대피 공간 운영, 동상 응급처치 키트 배치",이상 징후(쓰러짐·발열·외상) 발견 즉시 위험 단계 상향,관문 — 혼잡 시 낙상·압사 주의
F06,중앙광장,혼잡,강풍|야간|폭염,3,0.0347,관찰,🔵,0.028,0.884,0.1079,0.0081,순찰 요원 1명,"구급함, 무전기","일반 안전 순찰 60분 간격 유지 | 기상특보·예보 확인 | 방문객 밀도 추이 모니터링 | 비상 연락망 점검 | [폭염] 그늘·음용수 추가 배치, 열사병 집중 모니터링, 피크타임 야외 자제 권고 | [강풍] 낙하물 위험 구역 통제, 야외 구조물·천막 긴급 점검 | [야간] 조명 확보 및 시야 불량 구역 안전선 설치, 야간 순찰 강화",기상특보 발령 또는 밀도 > 0.6 시 주의 단계 상향,관문 — 혼잡 시 낙상·압사 주의
F06,중앙광장,혼잡,강풍|폭염|피크타임,3,0.1191,주의,🟡,0.0969,0.9211,0.0669,0.012,예방 모니터 1명 + 대기 요원 1명,"구급함, 무전기, 음용수, 그늘막","예방 순찰 30분 간격 강화 | 응급 대응 장비 위치·작동 상태 점검 | 고위험 방문객 (노약자·어린이·임산부) 적극 모니터링 | 기상 변화·밀도 실시간 확인 | 대기 인력 현장 근접 배치 | [폭염] 그늘·음용수 추가 배치, 열사병 집중 모니터링, 피크타임 야외 자제 권고 | [강풍] 낙하물 위험 구역 통제, 야외 구조물·천막 긴급 점검",이상 징후(쓰러짐·발열·외상) 발견 즉시 위험 단계 상향,관문 — 혼잡 시 낙상·압사 주의
F06,중앙광장,혼잡,야간|폭염|피크타임,3,0.0347,관찰,🔵,0.028,0.884,0.1079,0.0081,순찰 요원 1명,"구급함, 무전기","일반 안전 순찰 60분 간격 유지 | 기상특보·예보 확인 | 방문객 밀도 추이 모니터링 | 비상 연락망 점검 | [폭염] 그늘·음용수 추가 배치, 열사병 집중 모니터링, 피크타임 야외 자제 권고 | [야간] 조명 확보 및 시야 불량 구역 안전선 설치, 야간 순찰 강화",기상특보 발령 또는 밀도 > 0.6 시 주의 단계 상향,관문 — 혼잡 시 낙상·압사 주의
F06,중앙광장,혼잡,강풍|우천|한파,3,0.0754,주의,🟡,0.0606,0.9172,0.0448,0.038,예방 모니터 1명 + 대기 요원 1명,"구급함, 무전기, 음용수, 그늘막","예방 순찰 30분 간격 강화 | 응급 대응 장비 위치·작동 상태 점검 | 고위험 방문객 (노약자·어린이·임산부) 적극 모니터링 | 기상 변화·밀도 실시간 확인 | 대기 인력 현장 근접 배치 | [우천] 미끄러짐 주의 안내, 낙뢰 위험 시설 대피, 우천 장비 점검 | [한파] 저체온증 위험 모니터링, 실내 대피 공간 운영, 동상 응급처치 키트 배치 | [강풍] 낙하물 위험 구역 통제, 야외 구조물·천막 긴급 점검",이상 징후(쓰러짐·발열·외상) 발견 즉시 위험 단계 상향,관문 — 혼잡 시 낙상·압사 주의
F06,중앙광장,혼잡,야간|우천|한파,3,0.0797,주의,🟡,0.0606,0.7086,0.2367,0.0547,예방 모니터 1명 + 대기 요원 1명,"구급함, 무전기, 음용수, 그늘막","예방 순찰 30분 간격 강화 | 응급 대응 장비 위치·작동 상태 점검 | 고위험 방문객 (노약자·어린이·임산부) 적극 모니터링 | 기상 변화·밀도 실시간 확인 | 대기 인력 현장 근접 배치 | [우천] 미끄러짐 주의 안내, 낙뢰 위험 시설 대피, 우천 장비 점검 | [한파] 저체온증 위험 모니터링, 실내 대피 공간 운영, 동상 응급처치 키트 배치 | [야간] 조명 확보 및 시야 불량 구역 안전선 설치, 야간 순찰 강화",이상 징후(쓰러짐·발열·외상) 발견 즉시 위험 단계 상향,관문 — 혼잡 시 낙상·압사 주의
F06,중앙광장,혼잡,우천|피크타임|한파,3,0.0774,주의,🟡,0.0606,0.8609,0.0698,0.0693,예방 모니터 1명 + 대기 요원 1명,"구급함, 무전기, 음용수, 그늘막","예방 순찰 30분 간격 강화 | 응급 대응 장비 위치·작동 상태 점검 | 고위험 방문객 (노약자·어린이·임산부) 적극 모니터링 | 기상 변화·밀도 실시간 확인 | 대기 인력 현장 근접 배치 | [우천] 미끄러짐 주의 안내, 낙뢰 위험 시설 대피, 우천 장비 점검 | [한파] 저체온증 위험 모니터링, 실내 대피 공간 운영, 동상 응급처치 키트 배치",이상 징후(쓰러짐·발열·외상) 발견 즉시 위험 단계 상향,관문 — 혼잡 시 낙상·압사 주의
F06,중앙광장,혼잡,강풍|야간|우천,3,0.0755,주의,🟡,0.0606,0.8696,0.1184,0.0121,예방 모니터 1명 + 대기 요원 1명,"구급함, 무전기, 음용수, 그늘막","예방 순찰 30분 간격 강화 | 응급 대응 장비 위치·작동 상태 점검 | 고위험 방문객 (노약자·어린이·임산부) 적극 모니터링 | 기상 변화·밀도 실시간 확인 | 대기 인력 현장 근접 배치 | [우천] 미끄러짐 주의 안내, 낙뢰 위험 시설 대피, 우천 장비 점검 | [강풍] 낙하물 위험 구역 통제, 야외 구조물·천막 긴급 점검 | [야간] 조명 확보 및 시야 불량 구역 안전선 설치, 야간 순찰 강화",이상 징후(쓰러짐·발열·외상) 발견 즉시 위험 단계 상향,관문 — 혼잡 시 낙상·압사 주의
F06,중앙광장,혼잡,강풍|우천|피크타임,3,0.0736,주의,🟡,0.0606,0.9716,0.0173,0.0111,예방 모니터 1명 + 대기 요원 1명,"구급함, 무전기, 음용수, 그늘막","예방 순찰 30분 간격 강화 | 응급 대응 장비 위치·작동 상태 점검 | 고위험 방문객 (노약자·어린이·임산부) 적극 모니터링 | 기상 변화·밀도 실시간 확인 | 대기 인력 현장 근접 배치 | [우천] 미끄러짐 주의 안내, 낙뢰 위험 시설 대피, 우천 장비 점검 | [강풍] 낙하물 위험 구역 통제, 야외 구조물·천막 긴급 점검",이상 징후(쓰러짐·발열·외상) 발견 즉시 위험 단계 상향,관문 — 혼잡 시 낙상·압사 주의
F06,중앙광장,혼잡,야간|우천|피크타임,3,0.0785,주의,🟡,0.0606,0.7622,0.1908,0.0469,예방 모니터 1명 + 대기 요원 1명,"구급함, 무전기, 음용수, 그늘막","예방 순찰 30분 간격 강화 | 응급 대응 장비 위치·작동 상태 점검 | 고위험 방문객 (노약자·어린이·임산부) 적극 모니터링 | 기상 변화·밀도 실시간 확인 | 대기 인력 현장 근접 배치 | [우천] 미끄러짐 주의 안내, 낙뢰 위험 시설 대피, 우천 장비 점검 | [야간] 조명 확보 및 시야 불량 구역 안전선 설치, 야간 순찰 강화",이상 징후(쓰러짐·발열·외상) 발견 즉시 위험 단계 상향,관문 — 혼잡 시 낙상·압사 주의
F06,중앙광장,혼잡,강풍|야간|한파,3,0.0458,관찰,🔵,0.0336,0.4678,0.5257,0.0065,순찰 요원 1명,"구급함, 무전기","일반 안전 순찰 60분 간격 유지 | 기상특보·예보 확인 | 방문객 밀도 추이 모니터링 | 비상 연락망 점검 | [한파] 저체온증 위험 모니터링, 실내 대피 공간 운영, 동상 응급처치 키트 배치 | [강풍] 낙하물 위험 구역 통제, 야외 구조물·천막 긴급 점검 | [야간] 조명 확보 및 시야 불량 구역 안전선 설치, 야간 순찰 강화",기상특보 발령 또는 밀도 > 0.6 시 주의 단계 상향,관문 — 혼잡 시 낙상·압사 주의
F06,중앙광장,혼잡,강풍|피크타임|한파,3,0.0416,관찰,🔵,0.0336,0.8891,0.1014,0.0095,순찰 요원 1명,"구급함, 무전기","일반 안전 순찰 60분 간격 유지 | 기상특보·예보 확인 | 방문객 밀도 추이 모니터링 | 비상 연락망 점검 | [한파] 저체온증 위험 모니터링, 실내 대피 공간 운영, 동상 응급처치 키트 배치 | [강풍] 낙하물 위험 구역 통제, 야외 구조물·천막 긴급 점검",기상특보 발령 또는 밀도 > 0.6 시 주의 단계 상향,관문 — 혼잡 시 낙상·압사 주의
F06,중앙광장,혼잡,야간|피크타임|한파,3,0.0458,관찰,🔵,0.0336,0.4678,0.5257,0.0065,순찰 요원 1명,"구급함, 무전기","일반 안전 순찰 60분 간격 유지 | 기상특보·예보 확인 | 방문객 밀도 추이 모니터링 | 비상 연락망 점검 | [한파] 저체온증 위험 모니터링, 실내 대피 공간 운영, 동상 응급처치 키트 배치 | [야간] 조명 확보 및 시야 불량 구역 안전선 설치, 야간 순찰 강화",기상특보 발령 또는 밀도 > 0.6 시 주의 단계 상향,관문 — 혼잡 시 낙상·압사 주의
F06,중앙광장,혼잡,강풍|야간|피크타임,3,0.0774,주의,🟡,0.0606,0.7456,0.2533,0.0011,예방 모니터 1명 + 대기 요원 1명,"구급함, 무전기, 음용수, 그늘막","예방 순찰 30분 간격 강화 | 응급 대응 장비 위치·작동 상태 점검 | 고위험 방문객 (노약자·어린이·임산부) 적극 모니터링 | 기상 변화·밀도 실시간 확인 | 대기 인력 현장 근접 배치 | [강풍] 낙하물 위험 구역 통제, 야외 구조물·천막 긴급 점검 | [야간] 조명 확보 및 시야 불량 구역 안전선 설치, 야간 순찰 강화",이상 징후(쓰러짐·발열·외상) 발견 즉시 위험 단계 상향,관문 — 혼잡 시 낙상·압사 주의
F06,중앙광장,혼잡,강풍|우천|폭염|한파,4,0.0353,관찰,🔵,0.028,0.9026,0.0358,0.0615,순찰 요원 1명,"구급함, 무전기","일반 안전 순찰 60분 간격 유지 | 기상특보·예보 확인 | 방문객 밀도 추이 모니터링 | 비상 연락망 점검 | [폭염] 그늘·음용수 추가 배치, 열사병 집중 모니터링, 피크타임 야외 자제 권고 | [우천] 미끄러짐 주의 안내, 낙뢰 위험 시설 대피, 우천 장비 점검 | [한파] 저체온증 위험 모니터링, 실내 대피 공간 운영, 동상 응급처치 키트 배치 | [강풍] 낙하물 위험 구역 통제, 야외 구조물·천막 긴급 점검",기상특보 발령 또는 밀도 > 0.6 시 주의 단계 상향,관문 — 혼잡 시 낙상·압사 주의
F06,중앙광장,혼잡,야간|우천|폭염|한파,4,0.0354,관찰,🔵,0.028,0.8683,0.0824,0.0493,순찰 요원 1명,"구급함, 무전기","일반 안전 순찰 60분 간격 유지 | 기상특보·예보 확인 | 방문객 밀도 추이 모니터링 | 비상 연락망 점검 | [폭염] 그늘·음용수 추가 배치, 열사병 집중 모니터링, 피크타임 야외 자제 권고 | [우천] 미끄러짐 주의 안내, 낙뢰 위험 시설 대피, 우천 장비 점검 | [한파] 저체온증 위험 모니터링, 실내 대피 공간 운영, 동상 응급처치 키트 배치 | [야간] 조명 확보 및 시야 불량 구역 안전선 설치, 야간 순찰 강화",기상특보 발령 또는 밀도 > 0.6 시 주의 단계 상향,관문 — 혼잡 시 낙상·압사 주의
F06,중앙광장,혼잡,우천|폭염|피크타임|한파,4,0.1254,주의,🟡,0.0969,0.838,0.069,0.093,예방 모니터 1명 + 대기 요원 1명,"구급함, 무전기, 음용수, 그늘막","예방 순찰 30분 간격 강화 | 응급 대응 장비 위치·작동 상태 점검 | 고위험 방문객 (노약자·어린이·임산부) 적극 모니터링 | 기상 변화·밀도 실시간 확인 | 대기 인력 현장 근접 배치 | [폭염] 그늘·음용수 추가 배치, 열사병 집중 모니터링, 피크타임 야외 자제 권고 | [우천] 미끄러짐 주의 안내, 낙뢰 위험 시설 대피, 우천 장비 점검 | [한파] 저체온증 위험 모니터링, 실내 대피 공간 운영, 동상 응급처치 키트 배치",이상 징후(쓰러짐·발열·외상) 발견 즉시 위험 단계 상향,관문 — 혼잡 시 낙상·압사 주의
F06,중앙광장,혼잡,강풍|야간|우천|폭염,4,0.0354,관찰,🔵,0.028,0.8683,0.0824,0.0493,순찰 요원 1명,"구급함, 무전기","일반 안전 순찰 60분 간격 유지 | 기상특보·예보 확인 | 방문객 밀도 추이 모니터링 | 비상 연락망 점검 | [폭염] 그늘·음용수 추가 배치, 열사병 집중 모니터링, 피크타임 야외 자제 권고 | [우천] 미끄러짐 주의 안내, 낙뢰 위험 시설 대피, 우천 장비 점검 | [강풍] 낙하물 위험 구역 통제, 야외 구조물·천막 긴급 점검 | [야간] 조명 확보 및 시야 불량 구역 안전선 설치, 야간 순찰 강화",기상특보 발령 또는 밀도 > 0.6 시 주의 단계 상향,관문 — 혼잡 시 낙상·압사 주의
F06,중앙광장,혼잡,강풍|우천|폭염|피크타임,4,0.1254,주의,🟡,0.0969,0.838,0.069,0.093,예방 모니터 1명 + 대기 요원 1명,"구급함, 무전기, 음용수, 그늘막","예방 순찰 30분 간격 강화 | 응급 대응 장비 위치·작동 상태 점검 | 고위험 방문객 (노약자·어린이·임산부) 적극 모니터링 | 기상 변화·밀도 실시간 확인 | 대기 인력 현장 근접 배치 | [폭염] 그늘·음용수 추가 배치, 열사병 집중 모니터링, 피크타임 야외 자제 권고 | [우천] 미끄러짐 주의 안내, 낙뢰 위험 시설 대피, 우천 장비 점검 | [강풍] 낙하물 위험 구역 통제, 야외 구조물·천막 긴급 점검",이상 징후(쓰러짐·발열·외상) 발견 즉시 위험 단계 상향,관문 — 혼잡 시 낙상·압사 주의
F06,중앙광장,혼잡,야간|우천|폭염|피크타임,4,0.0354,관찰,🔵,0.028,0.8683,0.0824,0.0493,순찰 요원 1명,"구급함, 무전기","일반 안전 순찰 60분 간격 유지 | 기상특보·예보 확인 | 방문객 밀도 추이 모니터링 | 비상 연락망 점검 | [폭염] 그늘·음용수 추가 배치, 열사병 집중 모니터링, 피크타임 야외 자제 권고 | [우천] 미끄러짐 주의 안내, 낙뢰 위험 시설 대피, 우천 장비 점검 | [야간] 조명 확보 및 시야 불량 구역 안전선 설치, 야간 순찰 강화",기상특보 발령 또는 밀도 > 0.6 시 주의 단계 상향,관문 — 혼잡 시 낙상·압사 주의
F06,중앙광장,혼잡,강풍|야간|폭염|한파,4,0.0347,관찰,🔵,0.028,0.884,0.1079,0.0081,순찰 요원 1명,"구급함, 무전기","일반 안전 순찰 60분 간격 유지 | 기상특보·예보 확인 | 방문객 밀도 추이 모니터링 | 비상 연락망 점검 | [폭염] 그늘·음용수 추가 배치, 열사병 집중 모니터링, 피크타임 야외 자제 권고 | [한파] 저체온증 위험 모니터링, 실내 대피 공간 운영, 동상 응급처치 키트 배치 | [강풍] 낙하물 위험 구역 통제, 야외 구조물·천막 긴급 점검 | [야간] 조명 확보 및 시야 불량 구역 안전선 설치, 야간 순찰 강화",기상특보 발령 또는 밀도 > 0.6 시 주의 단계 상향,관문 — 혼잡 시 낙상·압사 주의
F06,중앙광장,혼잡,강풍|폭염|피크타임|한파,4,0.1191,주의,🟡,0.0969,0.9211,0.0669,0.012,예방 모니터 1명 + 대기 요원 1명,"구급함, 무전기, 음용수, 그늘막","예방 순찰 30분 간격 강화 | 응급 대응 장비 위치·작동 상태 점검 | 고위험 방문객 (노약자·어린이·임산부) 적극 모니터링 | 기상 변화·밀도 실시간 확인 | 대기 인력 현장 근접 배치 | [폭염] 그늘·음용수 추가 배치, 열사병 집중 모니터링, 피크타임 야외 자제 권고 | [한파] 저체온증 위험 모니터링, 실내 대피 공간 운영, 동상 응급처치 키트 배치 | [강풍] 낙하물 위험 구역 통제, 야외 구조물·천막 긴급 점검",이상 징후(쓰러짐·발열·외상) 발견 즉시 위험 단계 상향,관문 — 혼잡 시 낙상·압사 주의
F06,중앙광장,혼잡,야간|폭염|피크타임|한파,4,0.0347,관찰,🔵,0.028,0.884,0.1079,0.0081,순찰 요원 1명,"구급함, 무전기","일반 안전 순찰 60분 간격 유지 | 기상특보·예보 확인 | 방문객 밀도 추이 모니터링 | 비상 연락망 점검 | [폭염] 그늘·음용수 추가 배치, 열사병 집중 모니터링, 피크타임 야외 자제 권고 | [한파] 저체온증 위험 모니터링, 실내 대피 공간 운영, 동상 응급처치 키트 배치 | [야간] 조명 확보 및 시야 불량 구역 안전선 설치, 야간 순찰 강화",기상특보 발령 또는 밀도 > 0.6 시 주의 단계 상향,관문 — 혼잡 시 낙상·압사 주의
F06,중앙광장,혼잡,강풍|야간|폭염|피크타임,4,0.0347,관찰,🔵,0.028,0.884,0.1079,0.0081,순찰 요원 1명,"구급함, 무전기","일반 안전 순찰 60분 간격 유지 | 기상특보·예보 확인 | 방문객 밀도 추이 모니터링 | 비상 연락망 점검 | [폭염] 그늘·음용수 추가 배치, 열사병 집중 모니터링, 피크타임 야외 자제 권고 | [강풍] 낙하물 위험 구역 통제, 야외 구조물·천막 긴급 점검 | [야간] 조명 확보 및 시야 불량 구역 안전선 설치, 야간 순찰 강화",기상특보 발령 또는 밀도 > 0.6 시 주의 단계 상향,관문 — 혼잡 시 낙상·압사 주의
F06,중앙광장,혼잡,강풍|야간|우천|한파,4,0.0797,주의,🟡,0.0606,0.7086,0.2367,0.0547,예방 모니터 1명 + 대기 요원 1명,"구급함, 무전기, 음용수, 그늘막","예방 순찰 30분 간격 강화 | 응급 대응 장비 위치·작동 상태 점검 | 고위험 방문객 (노약자·어린이·임산부) 적극 모니터링 | 기상 변화·밀도 실시간 확인 | 대기 인력 현장 근접 배치 | [우천] 미끄러짐 주의 안내, 낙뢰 위험 시설 대피, 우천 장비 점검 | [한파] 저체온증 위험 모니터링, 실내 대피 공간 운영, 동상 응급처치 키트 배치 | [강풍] 낙하물 위험 구역 통제, 야외 구조물·천막 긴급 점검 | [야간] 조명 확보 및 시야 불량 구역 안전선 설치, 야간 순찰 강화",이상 징후(쓰러짐·발열·외상) 발견 즉시 위험 단계 상향,관문 — 혼잡 시 낙상·압사 주의
F06,중앙광장,혼잡,강풍|우천|피크타임|한파,4,0.0774,주의,🟡,0.0606,0.8609,0.0698,0.0693,예방 모니터 1명 + 대기 요원 1명,"구급함, 무전기, 음용수, 그늘막","예방 순찰 30분 간격 강화 | 응급 대응 장비 위치·작동 상태 점검 | 고위험 방문객 (노약자·어린이·임산부) 적극 모니터링 | 기상 변화·밀도 실시간 확인 | 대기 인력 현장 근접 배치 | [우천] 미끄러짐 주의 안내, 낙뢰 위험 시설 대피, 우천 장비 점검 | [한파] 저체온증 위험 모니터링, 실내 대피 공간 운영, 동상 응급처치 키트 배치 | [강풍] 낙하물 위험 구역 통제, 야외 구조물·천막 긴급 점검",이상 징후(쓰러짐·발열·외상) 발견 즉시 위험 단계 상향,관문 — 혼잡 시 낙상·압사 주의
F06,중앙광장,혼잡,야간|우천|피크타임|한파,4,0.0797,주의,🟡,0.0606,0.7086,0.2367,0.0547,예방 모니터 1명 + 대기 요원 1명,"구급함, 무전기, 음용수, 그늘막","예방 순찰 30분 간격 강화 | 응급 대응 장비 위치·작동 상태 점검 | 고위험 방문객 (노약자·어린이·임산부) 적극 모니터링 | 기상 변화·밀도 실시간 확인 | 대기 인력 현장 근접 배치 | [우천] 미끄러짐 주의 안내, 낙뢰 위험 시설 대피, 우천 장비 점검 | [한파] 저체온증 위험 모니터링, 실내 대피 공간 운영, 동상 응급처치 키트 배치 | [야간] 조명 확보 및 시야 불량 구역 안전선 설치, 야간 순찰 강화",이상 징후(쓰러짐·발열·외상) 발견 즉시 위험 단계 상향,관문 — 혼잡 시 낙상·압사 주의
F06,중앙광장,혼잡,강풍|야간|우천|피크타임,4,0.0755,주의,🟡,0.0606,0.8696,0.1184,0.0121,예방 모니터 1명 + 대기 요원 1명,"구급함, 무전기, 음용수, 그늘막","예방 순찰 30분 간격 강화 | 응급 대응 장비 위치·작동 상태 점검 | 고위험 방문객 (노약자·어린이·임산부) 적극 모니터링 | 기상 변화·밀도 실시간 확인 | 대기 인력 현장 근접 배치 | [우천] 미끄러짐 주의 안내, 낙뢰 위험 시설 대피, 우천 장비 점검 | [강풍] 낙하물 위험 구역 통제, 야외 구조물·천막 긴급 점검 | [야간] 조명 확보 및 시야 불량 구역 안전선 설치, 야간 순찰 강화",이상 징후(쓰러짐·발열·외상) 발견 즉시 위험 단계 상향,관문 — 혼잡 시 낙상·압사 주의
F06,중앙광장,혼잡,강풍|야간|피크타임|한파,4,0.0458,관찰,🔵,0.0336,0.4678,0.5257,0.0065,순찰 요원 1명,"구급함, 무전기","일반 안전 순찰 60분 간격 유지 | 기상특보·예보 확인 | 방문객 밀도 추이 모니터링 | 비상 연락망 점검 | [한파] 저체온증 위험 모니터링, 실내 대피 공간 운영, 동상 응급처치 키트 배치 | [강풍] 낙하물 위험 구역 통제, 야외 구조물·천막 긴급 점검 | [야간] 조명 확보 및 시야 불량 구역 안전선 설치, 야간 순찰 강화",기상특보 발령 또는 밀도 > 0.6 시 주의 단계 상향,관문 — 혼잡 시 낙상·압사 주의
F06,중앙광장,혼잡,강풍|야간|우천|폭염|한파,5,0.0354,관찰,🔵,0.028,0.8683,0.0824,0.0493,순찰 요원 1명,"구급함, 무전기","일반 안전 순찰 60분 간격 유지 | 기상특보·예보 확인 | 방문객 밀도 추이 모니터링 | 비상 연락망 점검 | [폭염] 그늘·음용수 추가 배치, 열사병 집중 모니터링, 피크타임 야외 자제 권고 | [우천] 미끄러짐 주의 안내, 낙뢰 위험 시설 대피, 우천 장비 점검 | [한파] 저체온증 위험 모니터링, 실내 대피 공간 운영, 동상 응급처치 키트 배치 | [강풍] 낙하물 위험 구역 통제, 야외 구조물·천막 긴급 점검 | [야간] 조명 확보 및 시야 불량 구역 안전선 설치, 야간 순찰 강화",기상특보 발령 또는 밀도 > 0.6 시 주의 단계 상향,관문 — 혼잡 시 낙상·압사 주의
F06,중앙광장,혼잡,강풍|우천|폭염|피크타임|한파,5,0.1254,주의,🟡,0.0969,0.838,0.069,0.093,예방 모니터 1명 + 대기 요원 1명,"구급함, 무전기, 음용수, 그늘막","예방 순찰 30분 간격 강화 | 응급 대응 장비 위치·작동 상태 점검 | 고위험 방문객 (노약자·어린이·임산부) 적극 모니터링 | 기상 변화·밀도 실시간 확인 | 대기 인력 현장 근접 배치 | [폭염] 그늘·음용수 추가 배치, 열사병 집중 모니터링, 피크타임 야외 자제 권고 | [우천] 미끄러짐 주의 안내, 낙뢰 위험 시설 대피, 우천 장비 점검 | [한파] 저체온증 위험 모니터링, 실내 대피 공간 운영, 동상 응급처치 키트 배치 | [강풍] 낙하물 위험 구역 통제, 야외 구조물·천막 긴급 점검",이상 징후(쓰러짐·발열·외상) 발견 즉시 위험 단계 상향,관문 — 혼잡 시 낙상·압사 주의
F06,중앙광장,혼잡,야간|우천|폭염|피크타임|한파,5,0.0354,관찰,🔵,0.028,0.8683,0.0824,0.0493,순찰 요원 1명,"구급함, 무전기","일반 안전 순찰 60분 간격 유지 | 기상특보·예보 확인 | 방문객 밀도 추이 모니터링 | 비상 연락망 점검 | [폭염] 그늘·음용수 추가 배치, 열사병 집중 모니터링, 피크타임 야외 자제 권고 | [우천] 미끄러짐 주의 안내, 낙뢰 위험 시설 대피, 우천 장비 점검 | [한파] 저체온증 위험 모니터링, 실내 대피 공간 운영, 동상 응급처치 키트 배치 | [야간] 조명 확보 및 시야 불량 구역 안전선 설치, 야간 순찰 강화",기상특보 발령 또는 밀도 > 0.6 시 주의 단계 상향,관문 — 혼잡 시 낙상·압사 주의
F06,중앙광장,혼잡,강풍|야간|우천|폭염|피크타임,5,0.0354,관찰,🔵,0.028,0.8683,0.0824,0.0493,순찰 요원 1명,"구급함, 무전기","일반 안전 순찰 60분 간격 유지 | 기상특보·예보 확인 | 방문객 밀도 추이 모니터링 | 비상 연락망 점검 | [폭염] 그늘·음용수 추가 배치, 열사병 집중 모니터링, 피크타임 야외 자제 권고 | [우천] 미끄러짐 주의 안내, 낙뢰 위험 시설 대피, 우천 장비 점검 | [강풍] 낙하물 위험 구역 통제, 야외 구조물·천막 긴급 점검 | [야간] 조명 확보 및 시야 불량 구역 안전선 설치, 야간 순찰 강화",기상특보 발령 또는 밀도 > 0.6 시 주의 단계 상향,관문 — 혼잡 시 낙상·압사 주의
F06,중앙광장,혼잡,강풍|야간|폭염|피크타임|한파,5,0.0347,관찰,🔵,0.028,0.884,0.1079,0.0081,순찰 요원 1명,"구급함, 무전기","일반 안전 순찰 60분 간격 유지 | 기상특보·예보 확인 | 방문객 밀도 추이 모니터링 | 비상 연락망 점검 | [폭염] 그늘·음용수 추가 배치, 열사병 집중 모니터링, 피크타임 야외 자제 권고 | [한파] 저체온증 위험 모니터링, 실내 대피 공간 운영, 동상 응급처치 키트 배치 | [강풍] 낙하물 위험 구역 통제, 야외 구조물·천막 긴급 점검 | [야간] 조명 확보 및 시야 불량 구역 안전선 설치, 야간 순찰 강화",기상특보 발령 또는 밀도 > 0.6 시 주의 단계 상향,관문 — 혼잡 시 낙상·압사 주의
F06,중앙광장,혼잡,강풍|야간|우천|피크타임|한파,5,0.0797,주의,🟡,0.0606,0.7086,0.2367,0.0547,예방 모니터 1명 + 대기 요원 1명,"구급함, 무전기, 음용수, 그늘막","예방 순찰 30분 간격 강화 | 응급 대응 장비 위치·작동 상태 점검 | 고위험 방문객 (노약자·어린이·임산부) 적극 모니터링 | 기상 변화·밀도 실시간 확인 | 대기 인력 현장 근접 배치 | [우천] 미끄러짐 주의 안내, 낙뢰 위험 시설 대피, 우천 장비 점검 | [한파] 저체온증 위험 모니터링, 실내 대피 공간 운영, 동상 응급처치 키트 배치 | [강풍] 낙하물 위험 구역 통제, 야외 구조물·천막 긴급 점검 | [야간] 조명 확보 및 시야 불량 구역 안전선 설치, 야간 순찰 강화",이상 징후(쓰러짐·발열·외상) 발견 즉시 위험 단계 상향,관문 — 혼잡 시 낙상·압사 주의
F06,중앙광장,혼잡,강풍|야간|우천|폭염|피크타임|한파,6,0.0354,관찰,🔵,0.028,0.8683,0.0824,0.0493,순찰 요원 1명,"구급함, 무전기","일반 안전 순찰 60분 간격 유지 | 기상특보·예보 확인 | 방문객 밀도 추이 모니터링 | 비상 연락망 점검 | [폭염] 그늘·음용수 추가 배치, 열사병 집중 모니터링, 피크타임 야외 자제 권고 | [우천] 미끄러짐 주의 안내, 낙뢰 위험 시설 대피, 우천 장비 점검 | [한파] 저체온증 위험 모니터링, 실내 대피 공간 운영, 동상 응급처치 키트 배치 | [강풍] 낙하물 위험 구역 통제, 야외 구조물·천막 긴급 점검 | [야간] 조명 확보 및 시야 불량 구역 안전선 설치, 야간 순찰 강화",기상특보 발령 또는 밀도 > 0.6 시 주의 단계 상향,관문 — 혼잡 시 낙상·압사 주의
F06,중앙광장,매우혼잡,없음,0,0.0758,주의,🟡,0.0606,0.835,0.1628,0.0022,예방 모니터 1명 + 대기 요원 1명,"구급함, 무전기, 음용수, 그늘막",예방 순찰 30분 간격 강화 | 응급 대응 장비 위치·작동 상태 점검 | 고위험 방문객 (노약자·어린이·임산부) 적극 모니터링 | 기상 변화·밀도 실시간 확인 | 대기 인력 현장 근접 배치,이상 징후(쓰러짐·발열·외상) 발견 즉시 위험 단계 상향,관문 — 혼잡 시 낙상·압사 주의
F06,중앙광장,매우혼잡,폭염,1,0.0355,관찰,🔵,0.028,0.8016,0.1867,0.0117,순찰 요원 1명,"구급함, 무전기","일반 안전 순찰 60분 간격 유지 | 기상특보·예보 확인 | 방문객 밀도 추이 모니터링 | 비상 연락망 점검 | [폭염] 그늘·음용수 추가 배치, 열사병 집중 모니터링, 피크타임 야외 자제 권고",기상특보 발령 또는 밀도 > 0.6 시 주의 단계 상향,관문 — 혼잡 시 낙상·압사 주의
F06,중앙광장,매우혼잡,우천,1,0.076,주의,🟡,0.0606,0.8388,0.1511,0.0101,예방 모니터 1명 + 대기 요원 1명,"구급함, 무전기, 음용수, 그늘막","예방 순찰 30분 간격 강화 | 응급 대응 장비 위치·작동 상태 점검 | 고위험 방문객 (노약자·어린이·임산부) 적극 모니터링 | 기상 변화·밀도 실시간 확인 | 대기 인력 현장 근접 배치 | [우천] 미끄러짐 주의 안내, 낙뢰 위험 시설 대피, 우천 장비 점검",이상 징후(쓰러짐·발열·외상) 발견 즉시 위험 단계 상향,관문 — 혼잡 시 낙상·압사 주의
F06,중앙광장,매우혼잡,한파,1,0.0409,관찰,🔵,0.0336,0.9441,0.0531,0.0028,순찰 요원 1명,"구급함, 무전기","일반 안전 순찰 60분 간격 유지 | 기상특보·예보 확인 | 방문객 밀도 추이 모니터링 | 비상 연락망 점검 | [한파] 저체온증 위험 모니터링, 실내 대피 공간 운영, 동상 응급처치 키트 배치",기상특보 발령 또는 밀도 > 0.6 시 주의 단계 상향,관문 — 혼잡 시 낙상·압사 주의
F06,중앙광장,매우혼잡,강풍,1,0.0731,주의,🟡,0.0606,0.98,0.0196,0.0004,예방 모니터 1명 + 대기 요원 1명,"구급함, 무전기, 음용수, 그늘막","예방 순찰 30분 간격 강화 | 응급 대응 장비 위치·작동 상태 점검 | 고위험 방문객 (노약자·어린이·임산부) 적극 모니터링 | 기상 변화·밀도 실시간 확인 | 대기 인력 현장 근접 배치 | [강풍] 낙하물 위험 구역 통제, 야외 구조물·천막 긴급 점검",이상 징후(쓰러짐·발열·외상) 발견 즉시 위험 단계 상향,관문 — 혼잡 시 낙상·압사 주의
F06,중앙광장,매우혼잡,야간,1,0.0769,주의,🟡,0.0606,0.7754,0.2206,0.004,예방 모니터 1명 + 대기 요원 1명,"구급함, 무전기, 음용수, 그늘막","예방 순찰 30분 간격 강화 | 응급 대응 장비 위치·작동 상태 점검 | 고위험 방문객 (노약자·어린이·임산부) 적극 모니터링 | 기상 변화·밀도 실시간 확인 | 대기 인력 현장 근접 배치 | [야간] 조명 확보 및 시야 불량 구역 안전선 설치, 야간 순찰 강화",이상 징후(쓰러짐·발열·외상) 발견 즉시 위험 단계 상향,관문 — 혼잡 시 낙상·압사 주의
F06,중앙광장,매우혼잡,피크타임,1,0.0764,주의,🟡,0.0606,0.8012,0.1959,0.0029,예방 모니터 1명 + 대기 요원 1명,"구급함, 무전기, 음용수, 그늘막",예방 순찰 30분 간격 강화 | 응급 대응 장비 위치·작동 상태 점검 | 고위험 방문객 (노약자·어린이·임산부) 적극 모니터링 | 기상 변화·밀도 실시간 확인 | 대기 인력 현장 근접 배치,이상 징후(쓰러짐·발열·외상) 발견 즉시 위험 단계 상향,관문 — 혼잡 시 낙상·압사 주의
F06,중앙광장,매우혼잡,우천|폭염,2,0.0366,관찰,🔵,0.028,0.7521,0.183,0.0649,순찰 요원 1명,"구급함, 무전기","일반 안전 순찰 60분 간격 유지 | 기상특보·예보 확인 | 방문객 밀도 추이 모니터링 | 비상 연락망 점검 | [폭염] 그늘·음용수 추가 배치, 열사병 집중 모니터링, 피크타임 야외 자제 권고 | [우천] 미끄러짐 주의 안내, 낙뢰 위험 시설 대피, 우천 장비 점검",기상특보 발령 또는 밀도 > 0.6 시 주의 단계 상향,관문 — 혼잡 시 낙상·압사 주의
F06,중앙광장,매우혼잡,폭염|한파,2,0.0355,관찰,🔵,0.028,0.8016,0.1867,0.0117,순찰 요원 1명,"구급함, 무전기","일반 안전 순찰 60분 간격 유지 | 기상특보·예보 확인 | 방문객 밀도 추이 모니터링 | 비상 연락망 점검 | [폭염] 그늘·음용수 추가 배치, 열사병 집중 모니터링, 피크타임 야외 자제 권고 | [한파] 저체온증 위험 모니터링, 실내 대피 공간 운영, 동상 응급처치 키트 배치",기상특보 발령 또는 밀도 > 0.6 시 주의 단계 상향,관문 — 혼잡 시 낙상·압사 주의
F06,중앙광장,매우혼잡,강풍|폭염,2,0.0355,관찰,🔵,0.028,0.8016,0.1867,0.0117,순찰 요원 1명,"구급함, 무전기","일반 안전 순찰 60분 간격 유지 | 기상특보·예보 확인 | 방문객 밀도 추이 모니터링 | 비상 연락망 점검 | [폭염] 그늘·음용수 추가 배치, 열사병 집중 모니터링, 피크타임 야외 자제 권고 | [강풍] 낙하물 위험 구역 통제, 야외 구조물·천막 긴급 점검",기상특보 발령 또는 밀도 > 0.6 시 주의 단계 상향,관문 — 혼잡 시 낙상·압사 주의
F06,중앙광장,매우혼잡,야간|폭염,2,0.0346,관찰,🔵,0.028,0.8983,0.0951,0.0066,순찰 요원 1명,"구급함, 무전기","일반 안전 순찰 60분 간격 유지 | 기상특보·예보 확인 | 방문객 밀도 추이 모니터링 | 비상 연락망 점검 | [폭염] 그늘·음용수 추가 배치, 열사병 집중 모니터링, 피크타임 야외 자제 권고 | [야간] 조명 확보 및 시야 불량 구역 안전선 설치, 야간 순찰 강화",기상특보 발령 또는 밀도 > 0.6 시 주의 단계 상향,관문 — 혼잡 시 낙상·압사 주의
F06,중앙광장,매우혼잡,폭염|피크타임,2,0.1243,주의,🟡,0.0969,0.7406,0.2487,0.0108,예방 모니터 1명 + 대기 요원 1명,"구급함, 무전기, 음용수, 그늘막","예방 순찰 30분 간격 강화 | 응급 대응 장비 위치·작동 상태 점검 | 고위험 방문객 (노약자·어린이·임산부) 적극 모니터링 | 기상 변화·밀도 실시간 확인 | 대기 인력 현장 근접 배치 | [폭염] 그늘·음용수 추가 배치, 열사병 집중 모니터링, 피크타임 야외 자제 권고",이상 징후(쓰러짐·발열·외상) 발견 즉시 위험 단계 상향,관문 — 혼잡 시 낙상·압사 주의
F06,중앙광장,매우혼잡,우천|한파,2,0.0746,주의,🟡,0.0606,0.923,0.0611,0.0159,예방 모니터 1명 + 대기 요원 1명,"구급함, 무전기, 음용수, 그늘막","예방 순찰 30분 간격 강화 | 응급 대응 장비 위치·작동 상태 점검 | 고위험 방문객 (노약자·어린이·임산부) 적극 모니터링 | 기상 변화·밀도 실시간 확인 | 대기 인력 현장 근접 배치 | [우천] 미끄러짐 주의 안내, 낙뢰 위험 시설 대피, 우천 장비 점검 | [한파] 저체온증 위험 모니터링, 실내 대피 공간 운영, 동상 응급처치 키트 배치",이상 징후(쓰러짐·발열·외상) 발견 즉시 위험 단계 상향,관문 — 혼잡 시 낙상·압사 주의
F06,중앙광장,매우혼잡,강풍|우천,2,0.0733,주의,🟡,0.0606,0.9718,0.0252,0.003,예방 모니터 1명 + 대기 요원 1명,"구급함, 무전기, 음용수, 그늘막","예방 순찰 30분 간격 강화 | 응급 대응 장비 위치·작동 상태 점검 | 고위험 방문객 (노약자·어린이·임산부) 적극 모니터링 | 기상 변화·밀도 실시간 확인 | 대기 인력 현장 근접 배치 | [우천] 미끄러짐 주의 안내, 낙뢰 위험 시설 대피, 우천 장비 점검 | [강풍] 낙하물 위험 구역 통제, 야외 구조물·천막 긴급 점검",이상 징후(쓰러짐·발열·외상) 발견 즉시 위험 단계 상향,관문 — 혼잡 시 낙상·압사 주의
F06,중앙광장,매우혼잡,야간|우천,2,0.076,주의,🟡,0.0606,0.8504,0.1318,0.0177,예방 모니터 1명 + 대기 요원 1명,"구급함, 무전기, 음용수, 그늘막","예방 순찰 30분 간격 강화 | 응급 대응 장비 위치·작동 상태 점검 | 고위험 방문객 (노약자·어린이·임산부) 적극 모니터링 | 기상 변화·밀도 실시간 확인 | 대기 인력 현장 근접 배치 | [우천] 미끄러짐 주의 안내, 낙뢰 위험 시설 대피, 우천 장비 점검 | [야간] 조명 확보 및 시야 불량 구역 안전선 설치, 야간 순찰 강화",이상 징후(쓰러짐·발열·외상) 발견 즉시 위험 단계 상향,관문 — 혼잡 시 낙상·압사 주의
F06,중앙광장,매우혼잡,우천|피크타임,2,0.076,주의,🟡,0.0606,0.8386,0.149,0.0124,예방 모니터 1명 + 대기 요원 1명,"구급함, 무전기, 음용수, 그늘막","예방 순찰 30분 간격 강화 | 응급 대응 장비 위치·작동 상태 점검 | 고위험 방문객 (노약자·어린이·임산부) 적극 모니터링 | 기상 변화·밀도 실시간 확인 | 대기 인력 현장 근접 배치 | [우천] 미끄러짐 주의 안내, 낙뢰 위험 시설 대피, 우천 장비 점검",이상 징후(쓰러짐·발열·외상) 발견 즉시 위험 단계 상향,관문 — 혼잡 시 낙상·압사 주의
F06,중앙광장,매우혼잡,강풍|한파,2,0.0409,관찰,🔵,0.0336,0.9441,0.0531,0.0028,순찰 요원 1명,"구급함, 무전기","일반 안전 순찰 60분 간격 유지 | 기상특보·예보 확인 | 방문객 밀도 추이 모니터링 | 비상 연락망 점검 | [한파] 저체온증 위험 모니터링, 실내 대피 공간 운영, 동상 응급처치 키트 배치 | [강풍] 낙하물 위험 구역 통제, 야외 구조물·천막 긴급 점검",기상특보 발령 또는 밀도 > 0.6 시 주의 단계 상향,관문 — 혼잡 시 낙상·압사 주의
F06,중앙광장,매우혼잡,야간|한파,2,0.0421,관찰,🔵,0.0336,0.8294,0.1668,0.0038,순찰 요원 1명,"구급함, 무전기","일반 안전 순찰 60분 간격 유지 | 기상특보·예보 확인 | 방문객 밀도 추이 모니터링 | 비상 연락망 점검 | [한파] 저체온증 위험 모니터링, 실내 대피 공간 운영, 동상 응급처치 키트 배치 | [야간] 조명 확보 및 시야 불량 구역 안전선 설치, 야간 순찰 강화",기상특보 발령 또는 밀도 > 0.6 시 주의 단계 상향,관문 — 혼잡 시 낙상·압사 주의
F06,중앙광장,매우혼잡,피크타임|한파,2,0.0409,관찰,🔵,0.0336,0.943,0.0544,0.0025,순찰 요원 1명,"구급함, 무전기","일반 안전 순찰 60분 간격 유지 | 기상특보·예보 확인 | 방문객 밀도 추이 모니터링 | 비상 연락망 점검 | [한파] 저체온증 위험 모니터링, 실내 대피 공간 운영, 동상 응급처치 키트 배치",기상특보 발령 또는 밀도 > 0.6 시 주의 단계 상향,관문 — 혼잡 시 낙상·압사 주의
F06,중앙광장,매우혼잡,강풍|야간,2,0.0741,주의,🟡,0.0606,0.9254,0.0741,0.0006,예방 모니터 1명 + 대기 요원 1명,"구급함, 무전기, 음용수, 그늘막","예방 순찰 30분 간격 강화 | 응급 대응 장비 위치·작동 상태 점검 | 고위험 방문객 (노약자·어린이·임산부) 적극 모니터링 | 기상 변화·밀도 실시간 확인 | 대기 인력 현장 근접 배치 | [강풍] 낙하물 위험 구역 통제, 야외 구조물·천막 긴급 점검 | [야간] 조명 확보 및 시야 불량 구역 안전선 설치, 야간 순찰 강화",이상 징후(쓰러짐·발열·외상) 발견 즉시 위험 단계 상향,관문 — 혼잡 시 낙상·압사 주의
F06,중앙광장,매우혼잡,강풍|피크타임,2,0.073,주의,🟡,0.0606,0.9852,0.0145,0.0003,예방 모니터 1명 + 대기 요원 1명,"구급함, 무전기, 음용수, 그늘막","예방 순찰 30분 간격 강화 | 응급 대응 장비 위치·작동 상태 점검 | 고위험 방문객 (노약자·어린이·임산부) 적극 모니터링 | 기상 변화·밀도 실시간 확인 | 대기 인력 현장 근접 배치 | [강풍] 낙하물 위험 구역 통제, 야외 구조물·천막 긴급 점검",이상 징후(쓰러짐·발열·외상) 발견 즉시 위험 단계 상향,관문 — 혼잡 시 낙상·압사 주의
F06,중앙광장,매우혼잡,야간|피크타임,2,0.0769,주의,🟡,0.0606,0.7754,0.2206,0.004,예방 모니터 1명 + 대기 요원 1명,"구급함, 무전기, 음용수, 그늘막","예방 순찰 30분 간격 강화 | 응급 대응 장비 위치·작동 상태 점검 | 고위험 방문객 (노약자·어린이·임산부) 적극 모니터링 | 기상 변화·밀도 실시간 확인 | 대기 인력 현장 근접 배치 | [야간] 조명 확보 및 시야 불량 구역 안전선 설치, 야간 순찰 강화",이상 징후(쓰러짐·발열·외상) 발견 즉시 위험 단계 상향,관문 — 혼잡 시 낙상·압사 주의
F06,중앙광장,매우혼잡,우천|폭염|한파,3,0.0366,관찰,🔵,0.028,0.7521,0.183,0.0649,순찰 요원 1명,"구급함, 무전기","일반 안전 순찰 60분 간격 유지 | 기상특보·예보 확인 | 방문객 밀도 추이 모니터링 | 비상 연락망 점검 | [폭염] 그늘·음용수 추가 배치, 열사병 집중 모니터링, 피크타임 야외 자제 권고 | [우천] 미끄러짐 주의 안내, 낙뢰 위험 시설 대피, 우천 장비 점검 | [한파] 저체온증 위험 모니터링, 실내 대피 공간 운영, 동상 응급처치 키트 배치",기상특보 발령 또는 밀도 > 0.6 시 주의 단계 상향,관문 — 혼잡 시 낙상·압사 주의
F06,중앙광장,매우혼잡,강풍|우천|폭염,3,0.0366,관찰,🔵,0.028,0.7521,0.183,0.0649,순찰 요원 1명,"구급함, 무전기","일반 안전 순찰 60분 간격 유지 | 기상특보·예보 확인 | 방문객 밀도 추이 모니터링 | 비상 연락망 점검 | [폭염] 그늘·음용수 추가 배치, 열사병 집중 모니터링, 피크타임 야외 자제 권고 | [우천] 미끄러짐 주의 안내, 낙뢰 위험 시설 대피, 우천 장비 점검 | [강풍] 낙하물 위험 구역 통제, 야외 구조물·천막 긴급 점검",기상특보 발령 또는 밀도 > 0.6 시 주의 단계 상향,관문 — 혼잡 시 낙상·압사 주의
F06,중앙광장,매우혼잡,야간|우천|폭염,3,0.035,관찰,🔵,0.028,0.892,0.0772,0.0307,순찰 요원 1명,"구급함, 무전기","일반 안전 순찰 60분 간격 유지 | 기상특보·예보 확인 | 방문객 밀도 추이 모니터링 | 비상 연락망 점검 | [폭염] 그늘·음용수 추가 배치, 열사병 집중 모니터링, 피크타임 야외 자제 권고 | [우천] 미끄러짐 주의 안내, 낙뢰 위험 시설 대피, 우천 장비 점검 | [야간] 조명 확보 및 시야 불량 구역 안전선 설치, 야간 순찰 강화",기상특보 발령 또는 밀도 > 0.6 시 주의 단계 상향,관문 — 혼잡 시 낙상·압사 주의
F06,중앙광장,매우혼잡,우천|폭염|피크타임,3,0.128,주의,🟡,0.0969,0.696,0.2441,0.06,예방 모니터 1명 + 대기 요원 1명,"구급함, 무전기, 음용수, 그늘막","예방 순찰 30분 간격 강화 | 응급 대응 장비 위치·작동 상태 점검 | 고위험 방문객 (노약자·어린이·임산부) 적극 모니터링 | 기상 변화·밀도 실시간 확인 | 대기 인력 현장 근접 배치 | [폭염] 그늘·음용수 추가 배치, 열사병 집중 모니터링, 피크타임 야외 자제 권고 | [우천] 미끄러짐 주의 안내, 낙뢰 위험 시설 대피, 우천 장비 점검",이상 징후(쓰러짐·발열·외상) 발견 즉시 위험 단계 상향,관문 — 혼잡 시 낙상·압사 주의
F06,중앙광장,매우혼잡,강풍|폭염|한파,3,0.0355,관찰,🔵,0.028,0.8016,0.1867,0.0117,순찰 요원 1명,"구급함, 무전기","일반 안전 순찰 60분 간격 유지 | 기상특보·예보 확인 | 방문객 밀도 추이 모니터링 | 비상 연락망 점검 | [폭염] 그늘·음용수 추가 배치, 열사병 집중 모니터링, 피크타임 야외 자제 권고 | [한파] 저체온증 위험 모니터링, 실내 대피 공간 운영, 동상 응급처치 키트 배치 | [강풍] 낙하물 위험 구역 통제, 야외 구조물·천막 긴급 점검",기상특보 발령 또는 밀도 > 0.6 시 주의 단계 상향,관문 — 혼잡 시 낙상·압사 주의
F06,중앙광장,매우혼잡,야간|폭염|한파,3,0.0346,관찰,🔵,0.028,0.8983,0.0951,0.0066,순찰 요원 1명,"구급함, 무전기","일반 안전 순찰 60분 간격 유지 | 기상특보·예보 확인 | 방문객 밀도 추이 모니터링 | 비상 연락망 점검 | [폭염] 그늘·음용수 추가 배치, 열사병 집중 모니터링, 피크타임 야외 자제 권고 | [한파] 저체온증 위험 모니터링, 실내 대피 공간 운영, 동상 응급처치 키트 배치 | [야간] 조명 확보 및 시야 불량 구역 안전선 설치, 야간 순찰 강화",기상특보 발령 또는 밀도 > 0.6 시 주의 단계 상향,관문 — 혼잡 시 낙상·압사 주의
F06,중앙광장,매우혼잡,폭염|피크타임|한파,3,0.1243,주의,🟡,0.0969,0.7406,0.2487,0.0108,예방 모니터 1명 + 대기 요원 1명,"구급함, 무전기, 음용수, 그늘막","예방 순찰 30분 간격 강화 | 응급 대응 장비 위치·작동 상태 점검 | 고위험 방문객 (노약자·어린이·임산부) 적극 모니터링 | 기상 변화·밀도 실시간 확인 | 대기 인력 현장 근접 배치 | [폭염] 그늘·음용수 추가 배치, 열사병 집중 모니터링, 피크타임 야외 자제 권고 | [한파] 저체온증 위험 모니터링, 실내 대피 공간 운영, 동상 응급처치 키트 배치",이상 징후(쓰러짐·발열·외상) 발견 즉시 위험 단계 상향,관문 — 혼잡 시 낙상·압사 주의
F06,중앙광장,매우혼잡,강풍|야간|폭염,3,0.0346,관찰,🔵,0.028,0.8983,0.0951,0.0066,순찰 요원 1명,"구급함, 무전기","일반 안전 순찰 60분 간격 유지 | 기상특보·예보 확인 | 방문객 밀도 추이 모니터링 | 비상 연락망 점검 | [폭염] 그늘·음용수 추가 배치, 열사병 집중 모니터링, 피크타임 야외 자제 권고 | [강풍] 낙하물 위험 구역 통제, 야외 구조물·천막 긴급 점검 | [야간] 조명 확보 및 시야 불량 구역 안전선 설치, 야간 순찰 강화",기상특보 발령 또는 밀도 > 0.6 시 주의 단계 상향,관문 — 혼잡 시 낙상·압사 주의
F06,중앙광장,매우혼잡,강풍|폭염|피크타임,3,0.1243,주의,🟡,0.0969,0.7406,0.2487,0.0108,예방 모니터 1명 + 대기 요원 1명,"구급함, 무전기, 음용수, 그늘막","예방 순찰 30분 간격 강화 | 응급 대응 장비 위치·작동 상태 점검 | 고위험 방문객 (노약자·어린이·임산부) 적극 모니터링 | 기상 변화·밀도 실시간 확인 | 대기 인력 현장 근접 배치 | [폭염] 그늘·음용수 추가 배치, 열사병 집중 모니터링, 피크타임 야외 자제 권고 | [강풍] 낙하물 위험 구역 통제, 야외 구조물·천막 긴급 점검",이상 징후(쓰러짐·발열·외상) 발견 즉시 위험 단계 상향,관문 — 혼잡 시 낙상·압사 주의
F06,중앙광장,매우혼잡,야간|폭염|피크타임,3,0.0346,관찰,🔵,0.028,0.8983,0.0951,0.0066,순찰 요원 1명,"구급함, 무전기","일반 안전 순찰 60분 간격 유지 | 기상특보·예보 확인 | 방문객 밀도 추이 모니터링 | 비상 연락망 점검 | [폭염] 그늘·음용수 추가 배치, 열사병 집중 모니터링, 피크타임 야외 자제 권고 | [야간] 조명 확보 및 시야 불량 구역 안전선 설치, 야간 순찰 강화",기상특보 발령 또는 밀도 > 0.6 시 주의 단계 상향,관문 — 혼잡 시 낙상·압사 주의
F06,중앙광장,매우혼잡,강풍|우천|한파,3,0.0746,주의,🟡,0.0606,0.923,0.0611,0.0159,예방 모니터 1명 + 대기 요원 1명,"구급함, 무전기, 음용수, 그늘막","예방 순찰 30분 간격 강화 | 응급 대응 장비 위치·작동 상태 점검 | 고위험 방문객 (노약자·어린이·임산부) 적극 모니터링 | 기상 변화·밀도 실시간 확인 | 대기 인력 현장 근접 배치 | [우천] 미끄러짐 주의 안내, 낙뢰 위험 시설 대피, 우천 장비 점검 | [한파] 저체온증 위험 모니터링, 실내 대피 공간 운영, 동상 응급처치 키트 배치 | [강풍] 낙하물 위험 구역 통제, 야외 구조물·천막 긴급 점검",이상 징후(쓰러짐·발열·외상) 발견 즉시 위험 단계 상향,관문 — 혼잡 시 낙상·압사 주의
F06,중앙광장,매우혼잡,야간|우천|한파,3,0.0751,주의,🟡,0.0606,0.8951,0.0883,0.0165,예방 모니터 1명 + 대기 요원 1명,"구급함, 무전기, 음용수, 그늘막","예방 순찰 30분 간격 강화 | 응급 대응 장비 위치·작동 상태 점검 | 고위험 방문객 (노약자·어린이·임산부) 적극 모니터링 | 기상 변화·밀도 실시간 확인 | 대기 인력 현장 근접 배치 | [우천] 미끄러짐 주의 안내, 낙뢰 위험 시설 대피, 우천 장비 점검 | [한파] 저체온증 위험 모니터링, 실내 대피 공간 운영, 동상 응급처치 키트 배치 | [야간] 조명 확보 및 시야 불량 구역 안전선 설치, 야간 순찰 강화",이상 징후(쓰러짐·발열·외상) 발견 즉시 위험 단계 상향,관문 — 혼잡 시 낙상·압사 주의
F06,중앙광장,매우혼잡,우천|피크타임|한파,3,0.0745,주의,🟡,0.0606,0.9275,0.0582,0.0142,예방 모니터 1명 + 대기 요원 1명,"구급함, 무전기, 음용수, 그늘막","예방 순찰 30분 간격 강화 | 응급 대응 장비 위치·작동 상태 점검 | 고위험 방문객 (노약자·어린이·임산부) 적극 모니터링 | 기상 변화·밀도 실시간 확인 | 대기 인력 현장 근접 배치 | [우천] 미끄러짐 주의 안내, 낙뢰 위험 시설 대피, 우천 장비 점검 | [한파] 저체온증 위험 모니터링, 실내 대피 공간 운영, 동상 응급처치 키트 배치",이상 징후(쓰러짐·발열·외상) 발견 즉시 위험 단계 상향,관문 — 혼잡 시 낙상·압사 주의
F06,중앙광장,매우혼잡,강풍|야간|우천,3,0.0738,주의,🟡,0.0606,0.9448,0.0514,0.0038,예방 모니터 1명 + 대기 요원 1명,"구급함, 무전기, 음용수, 그늘막","예방 순찰 30분 간격 강화 | 응급 대응 장비 위치·작동 상태 점검 | 고위험 방문객 (노약자·어린이·임산부) 적극 모니터링 | 기상 변화·밀도 실시간 확인 | 대기 인력 현장 근접 배치 | [우천] 미끄러짐 주의 안내, 낙뢰 위험 시설 대피, 우천 장비 점검 | [강풍] 낙하물 위험 구역 통제, 야외 구조물·천막 긴급 점검 | [야간] 조명 확보 및 시야 불량 구역 안전선 설치, 야간 순찰 강화",이상 징후(쓰러짐·발열·외상) 발견 즉시 위험 단계 상향,관문 — 혼잡 시 낙상·압사 주의
F06,중앙광장,매우혼잡,강풍|우천|피크타임,3,0.0732,주의,🟡,0.0606,0.978,0.0193,0.0027,예방 모니터 1명 + 대기 요원 1명,"구급함, 무전기, 음용수, 그늘막","예방 순찰 30분 간격 강화 | 응급 대응 장비 위치·작동 상태 점검 | 고위험 방문객 (노약자·어린이·임산부) 적극 모니터링 | 기상 변화·밀도 실시간 확인 | 대기 인력 현장 근접 배치 | [우천] 미끄러짐 주의 안내, 낙뢰 위험 시설 대피, 우천 장비 점검 | [강풍] 낙하물 위험 구역 통제, 야외 구조물·천막 긴급 점검",이상 징후(쓰러짐·발열·외상) 발견 즉시 위험 단계 상향,관문 — 혼잡 시 낙상·압사 주의
F06,중앙광장,매우혼잡,야간|우천|피크타임,3,0.076,주의,🟡,0.0606,0.8504,0.1318,0.0177,예방 모니터 1명 + 대기 요원 1명,"구급함, 무전기, 음용수, 그늘막","예방 순찰 30분 간격 강화 | 응급 대응 장비 위치·작동 상태 점검 | 고위험 방문객 (노약자·어린이·임산부) 적극 모니터링 | 기상 변화·밀도 실시간 확인 | 대기 인력 현장 근접 배치 | [우천] 미끄러짐 주의 안내, 낙뢰 위험 시설 대피, 우천 장비 점검 | [야간] 조명 확보 및 시야 불량 구역 안전선 설치, 야간 순찰 강화",이상 징후(쓰러짐·발열·외상) 발견 즉시 위험 단계 상향,관문 — 혼잡 시 낙상·압사 주의
F06,중앙광장,매우혼잡,강풍|야간|한파,3,0.0421,관찰,🔵,0.0336,0.8294,0.1668,0.0038,순찰 요원 1명,"구급함, 무전기","일반 안전 순찰 60분 간격 유지 | 기상특보·예보 확인 | 방문객 밀도 추이 모니터링 | 비상 연락망 점검 | [한파] 저체온증 위험 모니터링, 실내 대피 공간 운영, 동상 응급처치 키트 배치 | [강풍] 낙하물 위험 구역 통제, 야외 구조물·천막 긴급 점검 | [야간] 조명 확보 및 시야 불량 구역 안전선 설치, 야간 순찰 강화",기상특보 발령 또는 밀도 > 0.6 시 주의 단계 상향,관문 — 혼잡 시 낙상·압사 주의
F06,중앙광장,매우혼잡,강풍|피크타임|한파,3,0.0409,관찰,🔵,0.0336,0.943,0.0544,0.0025,순찰 요원 1명,"구급함, 무전기","일반 안전 순찰 60분 간격 유지 | 기상특보·예보 확인 | 방문객 밀도 추이 모니터링 | 비상 연락망 점검 | [한파] 저체온증 위험 모니터링, 실내 대피 공간 운영, 동상 응급처치 키트 배치 | [강풍] 낙하물 위험 구역 통제, 야외 구조물·천막 긴급 점검",기상특보 발령 또는 밀도 > 0.6 시 주의 단계 상향,관문 — 혼잡 시 낙상·압사 주의
F06,중앙광장,매우혼잡,야간|피크타임|한파,3,0.0421,관찰,🔵,0.0336,0.8294,0.1668,0.0038,순찰 요원 1명,"구급함, 무전기","일반 안전 순찰 60분 간격 유지 | 기상특보·예보 확인 | 방문객 밀도 추이 모니터링 | 비상 연락망 점검 | [한파] 저체온증 위험 모니터링, 실내 대피 공간 운영, 동상 응급처치 키트 배치 | [야간] 조명 확보 및 시야 불량 구역 안전선 설치, 야간 순찰 강화",기상특보 발령 또는 밀도 > 0.6 시 주의 단계 상향,관문 — 혼잡 시 낙상·압사 주의
F06,중앙광장,매우혼잡,강풍|야간|피크타임,3,0.0741,주의,🟡,0.0606,0.9254,0.0741,0.0006,예방 모니터 1명 + 대기 요원 1명,"구급함, 무전기, 음용수, 그늘막","예방 순찰 30분 간격 강화 | 응급 대응 장비 위치·작동 상태 점검 | 고위험 방문객 (노약자·어린이·임산부) 적극 모니터링 | 기상 변화·밀도 실시간 확인 | 대기 인력 현장 근접 배치 | [강풍] 낙하물 위험 구역 통제, 야외 구조물·천막 긴급 점검 | [야간] 조명 확보 및 시야 불량 구역 안전선 설치, 야간 순찰 강화",이상 징후(쓰러짐·발열·외상) 발견 즉시 위험 단계 상향,관문 — 혼잡 시 낙상·압사 주의
F06,중앙광장,매우혼잡,강풍|우천|폭염|한파,4,0.0366,관찰,🔵,0.028,0.7521,0.183,0.0649,순찰 요원 1명,"구급함, 무전기","일반 안전 순찰 60분 간격 유지 | 기상특보·예보 확인 | 방문객 밀도 추이 모니터링 | 비상 연락망 점검 | [폭염] 그늘·음용수 추가 배치, 열사병 집중 모니터링, 피크타임 야외 자제 권고 | [우천] 미끄러짐 주의 안내, 낙뢰 위험 시설 대피, 우천 장비 점검 | [한파] 저체온증 위험 모니터링, 실내 대피 공간 운영, 동상 응급처치 키트 배치 | [강풍] 낙하물 위험 구역 통제, 야외 구조물·천막 긴급 점검",기상특보 발령 또는 밀도 > 0.6 시 주의 단계 상향,관문 — 혼잡 시 낙상·압사 주의
F06,중앙광장,매우혼잡,야간|우천|폭염|한파,4,0.035,관찰,🔵,0.028,0.892,0.0772,0.0307,순찰 요원 1명,"구급함, 무전기","일반 안전 순찰 60분 간격 유지 | 기상특보·예보 확인 | 방문객 밀도 추이 모니터링 | 비상 연락망 점검 | [폭염] 그늘·음용수 추가 배치, 열사병 집중 모니터링, 피크타임 야외 자제 권고 | [우천] 미끄러짐 주의 안내, 낙뢰 위험 시설 대피, 우천 장비 점검 | [한파] 저체온증 위험 모니터링, 실내 대피 공간 운영, 동상 응급처치 키트 배치 | [야간] 조명 확보 및 시야 불량 구역 안전선 설치, 야간 순찰 강화",기상특보 발령 또는 밀도 > 0.6 시 주의 단계 상향,관문 — 혼잡 시 낙상·압사 주의
F06,중앙광장,매우혼잡,우천|폭염|피크타임|한파,4,0.128,주의,🟡,0.0969,0.696,0.2441,0.06,예방 모니터 1명 + 대기 요원 1명,"구급함, 무전기, 음용수, 그늘막","예방 순찰 30분 간격 강화 | 응급 대응 장비 위치·작동 상태 점검 | 고위험 방문객 (노약자·어린이·임산부) 적극 모니터링 | 기상 변화·밀도 실시간 확인 | 대기 인력 현장 근접 배치 | [폭염] 그늘·음용수 추가 배치, 열사병 집중 모니터링, 피크타임 야외 자제 권고 | [우천] 미끄러짐 주의 안내, 낙뢰 위험 시설 대피, 우천 장비 점검 | [한파] 저체온증 위험 모니터링, 실내 대피 공간 운영, 동상 응급처치 키트 배치",이상 징후(쓰러짐·발열·외상) 발견 즉시 위험 단계 상향,관문 — 혼잡 시 낙상·압사 주의
F06,중앙광장,매우혼잡,강풍|야간|우천|폭염,4,0.035,관찰,🔵,0.028,0.892,0.0772,0.0307,순찰 요원 1명,"구급함, 무전기","일반 안전 순찰 60분 간격 유지 | 기상특보·예보 확인 | 방문객 밀도 추이 모니터링 | 비상 연락망 점검 | [폭염] 그늘·음용수 추가 배치, 열사병 집중 모니터링, 피크타임 야외 자제 권고 | [우천] 미끄러짐 주의 안내, 낙뢰 위험 시설 대피, 우천 장비 점검 | [강풍] 낙하물 위험 구역 통제, 야외 구조물·천막 긴급 점검 | [야간] 조명 확보 및 시야 불량 구역 안전선 설치, 야간 순찰 강화",기상특보 발령 또는 밀도 > 0.6 시 주의 단계 상향,관문 — 혼잡 시 낙상·압사 주의
F06,중앙광장,매우혼잡,강풍|우천|폭염|피크타임,4,0.128,주의,🟡,0.0969,0.696,0.2441,0.06,예방 모니터 1명 + 대기 요원 1명,"구급함, 무전기, 음용수, 그늘막","예방 순찰 30분 간격 강화 | 응급 대응 장비 위치·작동 상태 점검 | 고위험 방문객 (노약자·어린이·임산부) 적극 모니터링 | 기상 변화·밀도 실시간 확인 | 대기 인력 현장 근접 배치 | [폭염] 그늘·음용수 추가 배치, 열사병 집중 모니터링, 피크타임 야외 자제 권고 | [우천] 미끄러짐 주의 안내, 낙뢰 위험 시설 대피, 우천 장비 점검 | [강풍] 낙하물 위험 구역 통제, 야외 구조물·천막 긴급 점검",이상 징후(쓰러짐·발열·외상) 발견 즉시 위험 단계 상향,관문 — 혼잡 시 낙상·압사 주의
F06,중앙광장,매우혼잡,야간|우천|폭염|피크타임,4,0.035,관찰,🔵,0.028,0.892,0.0772,0.0307,순찰 요원 1명,"구급함, 무전기","일반 안전 순찰 60분 간격 유지 | 기상특보·예보 확인 | 방문객 밀도 추이 모니터링 | 비상 연락망 점검 | [폭염] 그늘·음용수 추가 배치, 열사병 집중 모니터링, 피크타임 야외 자제 권고 | [우천] 미끄러짐 주의 안내, 낙뢰 위험 시설 대피, 우천 장비 점검 | [야간] 조명 확보 및 시야 불량 구역 안전선 설치, 야간 순찰 강화",기상특보 발령 또는 밀도 > 0.6 시 주의 단계 상향,관문 — 혼잡 시 낙상·압사 주의
F06,중앙광장,매우혼잡,강풍|야간|폭염|한파,4,0.0346,관찰,🔵,0.028,0.8983,0.0951,0.0066,순찰 요원 1명,"구급함, 무전기","일반 안전 순찰 60분 간격 유지 | 기상특보·예보 확인 | 방문객 밀도 추이 모니터링 | 비상 연락망 점검 | [폭염] 그늘·음용수 추가 배치, 열사병 집중 모니터링, 피크타임 야외 자제 권고 | [한파] 저체온증 위험 모니터링, 실내 대피 공간 운영, 동상 응급처치 키트 배치 | [강풍] 낙하물 위험 구역 통제, 야외 구조물·천막 긴급 점검 | [야간] 조명 확보 및 시야 불량 구역 안전선 설치, 야간 순찰 강화",기상특보 발령 또는 밀도 > 0.6 시 주의 단계 상향,관문 — 혼잡 시 낙상·압사 주의
F06,중앙광장,매우혼잡,강풍|폭염|피크타임|한파,4,0.1243,주의,🟡,0.0969,0.7406,0.2487,0.0108,예방 모니터 1명 + 대기 요원 1명,"구급함, 무전기, 음용수, 그늘막","예방 순찰 30분 간격 강화 | 응급 대응 장비 위치·작동 상태 점검 | 고위험 방문객 (노약자·어린이·임산부) 적극 모니터링 | 기상 변화·밀도 실시간 확인 | 대기 인력 현장 근접 배치 | [폭염] 그늘·음용수 추가 배치, 열사병 집중 모니터링, 피크타임 야외 자제 권고 | [한파] 저체온증 위험 모니터링, 실내 대피 공간 운영, 동상 응급처치 키트 배치 | [강풍] 낙하물 위험 구역 통제, 야외 구조물·천막 긴급 점검",이상 징후(쓰러짐·발열·외상) 발견 즉시 위험 단계 상향,관문 — 혼잡 시 낙상·압사 주의
F06,중앙광장,매우혼잡,야간|폭염|피크타임|한파,4,0.0346,관찰,🔵,0.028,0.8983,0.0951,0.0066,순찰 요원 1명,"구급함, 무전기","일반 안전 순찰 60분 간격 유지 | 기상특보·예보 확인 | 방문객 밀도 추이 모니터링 | 비상 연락망 점검 | [폭염] 그늘·음용수 추가 배치, 열사병 집중 모니터링, 피크타임 야외 자제 권고 | [한파] 저체온증 위험 모니터링, 실내 대피 공간 운영, 동상 응급처치 키트 배치 | [야간] 조명 확보 및 시야 불량 구역 안전선 설치, 야간 순찰 강화",기상특보 발령 또는 밀도 > 0.6 시 주의 단계 상향,관문 — 혼잡 시 낙상·압사 주의
F06,중앙광장,매우혼잡,강풍|야간|폭염|피크타임,4,0.0346,관찰,🔵,0.028,0.8983,0.0951,0.0066,순찰 요원 1명,"구급함, 무전기","일반 안전 순찰 60분 간격 유지 | 기상특보·예보 확인 | 방문객 밀도 추이 모니터링 | 비상 연락망 점검 | [폭염] 그늘·음용수 추가 배치, 열사병 집중 모니터링, 피크타임 야외 자제 권고 | [강풍] 낙하물 위험 구역 통제, 야외 구조물·천막 긴급 점검 | [야간] 조명 확보 및 시야 불량 구역 안전선 설치, 야간 순찰 강화",기상특보 발령 또는 밀도 > 0.6 시 주의 단계 상향,관문 — 혼잡 시 낙상·압사 주의
F06,중앙광장,매우혼잡,강풍|야간|우천|한파,4,0.0751,주의,🟡,0.0606,0.8951,0.0883,0.0165,예방 모니터 1명 + 대기 요원 1명,"구급함, 무전기, 음용수, 그늘막","예방 순찰 30분 간격 강화 | 응급 대응 장비 위치·작동 상태 점검 | 고위험 방문객 (노약자·어린이·임산부) 적극 모니터링 | 기상 변화·밀도 실시간 확인 | 대기 인력 현장 근접 배치 | [우천] 미끄러짐 주의 안내, 낙뢰 위험 시설 대피, 우천 장비 점검 | [한파] 저체온증 위험 모니터링, 실내 대피 공간 운영, 동상 응급처치 키트 배치 | [강풍] 낙하물 위험 구역 통제, 야외 구조물·천막 긴급 점검 | [야간] 조명 확보 및 시야 불량 구역 안전선 설치, 야간 순찰 강화",이상 징후(쓰러짐·발열·외상) 발견 즉시 위험 단계 상향,관문 — 혼잡 시 낙상·압사 주의
F06,중앙광장,매우혼잡,강풍|우천|피크타임|한파,4,0.0745,주의,🟡,0.0606,0.9275,0.0582,0.0142,예방 모니터 1명 + 대기 요원 1명,"구급함, 무전기, 음용수, 그늘막","예방 순찰 30분 간격 강화 | 응급 대응 장비 위치·작동 상태 점검 | 고위험 방문객 (노약자·어린이·임산부) 적극 모니터링 | 기상 변화·밀도 실시간 확인 | 대기 인력 현장 근접 배치 | [우천] 미끄러짐 주의 안내, 낙뢰 위험 시설 대피, 우천 장비 점검 | [한파] 저체온증 위험 모니터링, 실내 대피 공간 운영, 동상 응급처치 키트 배치 | [강풍] 낙하물 위험 구역 통제, 야외 구조물·천막 긴급 점검",이상 징후(쓰러짐·발열·외상) 발견 즉시 위험 단계 상향,관문 — 혼잡 시 낙상·압사 주의
F06,중앙광장,매우혼잡,야간|우천|피크타임|한파,4,0.0751,주의,🟡,0.0606,0.8951,0.0883,0.0165,예방 모니터 1명 + 대기 요원 1명,"구급함, 무전기, 음용수, 그늘막","예방 순찰 30분 간격 강화 | 응급 대응 장비 위치·작동 상태 점검 | 고위험 방문객 (노약자·어린이·임산부) 적극 모니터링 | 기상 변화·밀도 실시간 확인 | 대기 인력 현장 근접 배치 | [우천] 미끄러짐 주의 안내, 낙뢰 위험 시설 대피, 우천 장비 점검 | [한파] 저체온증 위험 모니터링, 실내 대피 공간 운영, 동상 응급처치 키트 배치 | [야간] 조명 확보 및 시야 불량 구역 안전선 설치, 야간 순찰 강화",이상 징후(쓰러짐·발열·외상) 발견 즉시 위험 단계 상향,관문 — 혼잡 시 낙상·압사 주의
F06,중앙광장,매우혼잡,강풍|야간|우천|피크타임,4,0.0738,주의,🟡,0.0606,0.9448,0.0514,0.0038,예방 모니터 1명 + 대기 요원 1명,"구급함, 무전기, 음용수, 그늘막","예방 순찰 30분 간격 강화 | 응급 대응 장비 위치·작동 상태 점검 | 고위험 방문객 (노약자·어린이·임산부) 적극 모니터링 | 기상 변화·밀도 실시간 확인 | 대기 인력 현장 근접 배치 | [우천] 미끄러짐 주의 안내, 낙뢰 위험 시설 대피, 우천 장비 점검 | [강풍] 낙하물 위험 구역 통제, 야외 구조물·천막 긴급 점검 | [야간] 조명 확보 및 시야 불량 구역 안전선 설치, 야간 순찰 강화",이상 징후(쓰러짐·발열·외상) 발견 즉시 위험 단계 상향,관문 — 혼잡 시 낙상·압사 주의
F06,중앙광장,매우혼잡,강풍|야간|피크타임|한파,4,0.0421,관찰,🔵,0.0336,0.8294,0.1668,0.0038,순찰 요원 1명,"구급함, 무전기","일반 안전 순찰 60분 간격 유지 | 기상특보·예보 확인 | 방문객 밀도 추이 모니터링 | 비상 연락망 점검 | [한파] 저체온증 위험 모니터링, 실내 대피 공간 운영, 동상 응급처치 키트 배치 | [강풍] 낙하물 위험 구역 통제, 야외 구조물·천막 긴급 점검 | [야간] 조명 확보 및 시야 불량 구역 안전선 설치, 야간 순찰 강화",기상특보 발령 또는 밀도 > 0.6 시 주의 단계 상향,관문 — 혼잡 시 낙상·압사 주의
F06,중앙광장,매우혼잡,강풍|야간|우천|폭염|한파,5,0.035,관찰,🔵,0.028,0.892,0.0772,0.0307,순찰 요원 1명,"구급함, 무전기","일반 안전 순찰 60분 간격 유지 | 기상특보·예보 확인 | 방문객 밀도 추이 모니터링 | 비상 연락망 점검 | [폭염] 그늘·음용수 추가 배치, 열사병 집중 모니터링, 피크타임 야외 자제 권고 | [우천] 미끄러짐 주의 안내, 낙뢰 위험 시설 대피, 우천 장비 점검 | [한파] 저체온증 위험 모니터링, 실내 대피 공간 운영, 동상 응급처치 키트 배치 | [강풍] 낙하물 위험 구역 통제, 야외 구조물·천막 긴급 점검 | [야간] 조명 확보 및 시야 불량 구역 안전선 설치, 야간 순찰 강화",기상특보 발령 또는 밀도 > 0.6 시 주의 단계 상향,관문 — 혼잡 시 낙상·압사 주의
F06,중앙광장,매우혼잡,강풍|우천|폭염|피크타임|한파,5,0.128,주의,🟡,0.0969,0.696,0.2441,0.06,예방 모니터 1명 + 대기 요원 1명,"구급함, 무전기, 음용수, 그늘막","예방 순찰 30분 간격 강화 | 응급 대응 장비 위치·작동 상태 점검 | 고위험 방문객 (노약자·어린이·임산부) 적극 모니터링 | 기상 변화·밀도 실시간 확인 | 대기 인력 현장 근접 배치 | [폭염] 그늘·음용수 추가 배치, 열사병 집중 모니터링, 피크타임 야외 자제 권고 | [우천] 미끄러짐 주의 안내, 낙뢰 위험 시설 대피, 우천 장비 점검 | [한파] 저체온증 위험 모니터링, 실내 대피 공간 운영, 동상 응급처치 키트 배치 | [강풍] 낙하물 위험 구역 통제, 야외 구조물·천막 긴급 점검",이상 징후(쓰러짐·발열·외상) 발견 즉시 위험 단계 상향,관문 — 혼잡 시 낙상·압사 주의
F06,중앙광장,매우혼잡,야간|우천|폭염|피크타임|한파,5,0.035,관찰,🔵,0.028,0.892,0.0772,0.0307,순찰 요원 1명,"구급함, 무전기","일반 안전 순찰 60분 간격 유지 | 기상특보·예보 확인 | 방문객 밀도 추이 모니터링 | 비상 연락망 점검 | [폭염] 그늘·음용수 추가 배치, 열사병 집중 모니터링, 피크타임 야외 자제 권고 | [우천] 미끄러짐 주의 안내, 낙뢰 위험 시설 대피, 우천 장비 점검 | [한파] 저체온증 위험 모니터링, 실내 대피 공간 운영, 동상 응급처치 키트 배치 | [야간] 조명 확보 및 시야 불량 구역 안전선 설치, 야간 순찰 강화",기상특보 발령 또는 밀도 > 0.6 시 주의 단계 상향,관문 — 혼잡 시 낙상·압사 주의
F06,중앙광장,매우혼잡,강풍|야간|우천|폭염|피크타임,5,0.035,관찰,🔵,0.028,0.892,0.0772,0.0307,순찰 요원 1명,"구급함, 무전기","일반 안전 순찰 60분 간격 유지 | 기상특보·예보 확인 | 방문객 밀도 추이 모니터링 | 비상 연락망 점검 | [폭염] 그늘·음용수 추가 배치, 열사병 집중 모니터링, 피크타임 야외 자제 권고 | [우천] 미끄러짐 주의 안내, 낙뢰 위험 시설 대피, 우천 장비 점검 | [강풍] 낙하물 위험 구역 통제, 야외 구조물·천막 긴급 점검 | [야간] 조명 확보 및 시야 불량 구역 안전선 설치, 야간 순찰 강화",기상특보 발령 또는 밀도 > 0.6 시 주의 단계 상향,관문 — 혼잡 시 낙상·압사 주의
F06,중앙광장,매우혼잡,강풍|야간|폭염|피크타임|한파,5,0.0346,관찰,🔵,0.028,0.8983,0.0951,0.0066,순찰 요원 1명,"구급함, 무전기","일반 안전 순찰 60분 간격 유지 | 기상특보·예보 확인 | 방문객 밀도 추이 모니터링 | 비상 연락망 점검 | [폭염] 그늘·음용수 추가 배치, 열사병 집중 모니터링, 피크타임 야외 자제 권고 | [한파] 저체온증 위험 모니터링, 실내 대피 공간 운영, 동상 응급처치 키트 배치 | [강풍] 낙하물 위험 구역 통제, 야외 구조물·천막 긴급 점검 | [야간] 조명 확보 및 시야 불량 구역 안전선 설치, 야간 순찰 강화",기상특보 발령 또는 밀도 > 0.6 시 주의 단계 상향,관문 — 혼잡 시 낙상·압사 주의
F06,중앙광장,매우혼잡,강풍|야간|우천|피크타임|한파,5,0.0751,주의,🟡,0.0606,0.8951,0.0883,0.0165,예방 모니터 1명 + 대기 요원 1명,"구급함, 무전기, 음용수, 그늘막","예방 순찰 30분 간격 강화 | 응급 대응 장비 위치·작동 상태 점검 | 고위험 방문객 (노약자·어린이·임산부) 적극 모니터링 | 기상 변화·밀도 실시간 확인 | 대기 인력 현장 근접 배치 | [우천] 미끄러짐 주의 안내, 낙뢰 위험 시설 대피, 우천 장비 점검 | [한파] 저체온증 위험 모니터링, 실내 대피 공간 운영, 동상 응급처치 키트 배치 | [강풍] 낙하물 위험 구역 통제, 야외 구조물·천막 긴급 점검 | [야간] 조명 확보 및 시야 불량 구역 안전선 설치, 야간 순찰 강화",이상 징후(쓰러짐·발열·외상) 발견 즉시 위험 단계 상향,관문 — 혼잡 시 낙상·압사 주의
F06,중앙광장,매우혼잡,강풍|야간|우천|폭염|피크타임|한파,6,0.035,관찰,🔵,0.028,0.892,0.0772,0.0307,순찰 요원 1명,"구급함, 무전기","일반 안전 순찰 60분 간격 유지 | 기상특보·예보 확인 | 방문객 밀도 추이 모니터링 | 비상 연락망 점검 | [폭염] 그늘·음용수 추가 배치, 열사병 집중 모니터링, 피크타임 야외 자제 권고 | [우천] 미끄러짐 주의 안내, 낙뢰 위험 시설 대피, 우천 장비 점검 | [한파] 저체온증 위험 모니터링, 실내 대피 공간 운영, 동상 응급처치 키트 배치 | [강풍] 낙하물 위험 구역 통제, 야외 구조물·천막 긴급 점검 | [야간] 조명 확보 및 시야 불량 구역 안전선 설치, 야간 순찰 강화",기상특보 발령 또는 밀도 > 0.6 시 주의 단계 상향,관문 — 혼잡 시 낙상·압사 주의
